address,name,size_bytes,batch
00100008,entry,528,0
00100228,FUN_00100228,8,0
00100230,FUN_00100230,36,0
00100258,FUN_00100258,8,0
00100260,FUN_00100260,36,0
00100288,FUN_00100288,8,0
00100290,FUN_00100290,136,0
00100338,FUN_00100338,308,0
00100470,FUN_00100470,32,0
00100490,FUN_00100490,32,0
001004b0,FUN_001004b0,104,0
00100518,FUN_00100518,132,0
001005a0,FUN_001005a0,28,0
001005c0,FUN_001005c0,104,0
00100628,FUN_00100628,2580,0
00101040,FUN_00101040,28,0
00101068,FUN_00101068,1148,0
001014e8,FUN_001014e8,292,0
00101610,FUN_00101610,232,0
00101700,FUN_00101700,908,0
00101a98,FUN_00101a98,1252,0
00101f90,FUN_00101f90,28,0
00101fb0,FUN_00101fb0,76,0
00102000,FUN_00102000,124,0
00102080,FUN_00102080,64,0
001020c0,FUN_001020c0,2160,0
00102930,FUN_00102930,668,0
00102bd0,FUN_00102bd0,920,0
00102f68,FUN_00102f68,496,0
00103158,FUN_00103158,68,0
001031a0,FUN_001031a0,88,0
001031f8,FUN_001031f8,172,0
001032a8,FUN_001032a8,172,0
00103358,FUN_00103358,72,0
001033a0,FUN_001033a0,272,0
001034b0,FUN_001034b0,284,0
001035d0,FUN_001035d0,288,0
001036f0,FUN_001036f0,180,0
001037a8,FUN_001037a8,84,0
00103800,FUN_00103800,24,0
00103818,FUN_00103818,20,0
00103830,FUN_00103830,20,0
00103848,FUN_00103848,20,0
00103860,FUN_00103860,16,0
00103870,FUN_00103870,16,0
00103890,FUN_00103890,24,0
001038a8,FUN_001038a8,96,0
00103908,FUN_00103908,16,0
00103918,FUN_00103918,16,0
00103990,FUN_00103990,148,0
00103a28,FUN_00103a28,268,0
00103b38,FUN_00103b38,192,0
00103c28,FUN_00103c28,212,0
00103db0,FUN_00103db0,60,0
00103df0,FUN_00103df0,352,0
00103f50,FUN_00103f50,160,0
00103ff0,FUN_00103ff0,96,0
00104050,FUN_00104050,36,0
00104078,FUN_00104078,68,0
001040c0,FUN_001040c0,24,0
001040d8,FUN_001040d8,32,0
001040f8,FUN_001040f8,16,0
00104108,FUN_00104108,160,0
001041a8,FUN_001041a8,100,0
00104210,fe_FECurrentFmv_00104210,1184,0
001046b0,FUN_001046b0,1712,0
00104d60,FUN_00104d60,176,0
00104e10,fe_FECurrentFmv_00104e10,584,0
00105058,FUN_00105058,80,0
001050a8,FUN_001050a8,380,0
00105228,FUN_00105228,48,0
00105258,FUN_00105258,12,0
00105268,FUN_00105268,56,0
001052a0,FUN_001052a0,104,0
00105308,FUN_00105308,16,0
00105318,FUN_00105318,508,0
00105518,FUN_00105518,424,0
001056c0,FUN_001056c0,124,0
00105740,FUN_00105740,196,0
00105848,FUN_00105848,12,0
00105858,FUN_00105858,872,0
00105bc0,FUN_00105bc0,124,0
00105c40,FUN_00105c40,116,0
00105cb8,FUN_00105cb8,48,0
00105cf0,FUN_00105cf0,84,0
00105d48,FUN_00105d48,704,0
00106008,FUN_00106008,8,0
00106068,FUN_00106068,24,0
00106080,FUN_00106080,384,0
00106200,FUN_00106200,500,0
001063f8,FUN_001063f8,224,0
001064d8,FUN_001064d8,120,0
00106550,FUN_00106550,124,0
001065d0,FUN_001065d0,192,0
00106698,FUN_00106698,56,0
001066d0,FUN_001066d0,204,0
001067a0,FUN_001067a0,104,0
00106820,FUN_00106820,8,0
00106828,FUN_00106828,8,0
00106830,FUN_00106830,52,0
00106868,FUN_00106868,396,0
001069f8,FUN_001069f8,508,0
00106bf8,FUN_00106bf8,220,0
00106cd8,FUN_00106cd8,148,0
00106d70,FUN_00106d70,124,0
00106df0,FUN_00106df0,232,0
00106ed8,FUN_00106ed8,28,0
00106ef8,FUN_00106ef8,132,0
00106f80,FUN_00106f80,104,0
00107000,FUN_00107000,8,0
00107008,FUN_00107008,8,0
00107010,FUN_00107010,12,0
00107020,fe_FE_CONTROLLERDISCONNECTED_00107020,516,0
00107228,FUN_00107228,568,0
00107470,FUN_00107470,700,0
00107730,FUN_00107730,84,0
00107788,FUN_00107788,44,0
001077b8,FUN_001077b8,68,0
00107800,FUN_00107800,116,0
00107880,FUN_00107880,88,0
001078d8,FUN_001078d8,24,0
001078f0,FUN_001078f0,52,0
00107928,FUN_00107928,216,0
00107a00,FUN_00107a00,8,0
00107a08,FUN_00107a08,44,0
00107a40,FUN_00107a40,68,0
00107a88,FUN_00107a88,48,0
00107ab8,FUN_00107ab8,80,0
00107b08,FUN_00107b08,16,0
00107b18,FUN_00107b18,96,0
00107b78,FUN_00107b78,32,0
00107b98,FUN_00107b98,40,0
00107bc0,FUN_00107bc0,96,0
00107c20,FUN_00107c20,96,0
00107c80,FUN_00107c80,20,0
00107c98,FUN_00107c98,48,0
00107cc8,FUN_00107cc8,28,0
00107ce8,FUN_00107ce8,12,0
00107cf8,FUN_00107cf8,36,0
00107d20,FUN_00107d20,36,0
00107d48,FUN_00107d48,8,0
00107d50,FUN_00107d50,8,0
00107d58,FUN_00107d58,160,0
00107e00,FUN_00107e00,12,0
00107e10,FUN_00107e10,12,0
00107e20,FUN_00107e20,8,0
00107e28,FUN_00107e28,8,0
00107e30,FUN_00107e30,300,0
00107f60,FUN_00107f60,80,0
00107fb8,FUN_00107fb8,80,0
00108008,FUN_00108008,72,0
00108050,FUN_00108050,80,0
001080a0,FUN_001080a0,32,0
001080c0,FUN_001080c0,48,0
001080f0,FUN_001080f0,48,0
00108120,FUN_00108120,248,0
00108218,FUN_00108218,268,0
00108328,FUN_00108328,304,0
00108458,FUN_00108458,80,0
001084a8,FUN_001084a8,76,0
001084f8,FUN_001084f8,68,0
00108540,FUN_00108540,296,0
00108668,FUN_00108668,172,0
00108718,FUN_00108718,48,0
00108748,FUN_00108748,116,0
001087c8,FUN_001087c8,76,0
00108818,FUN_00108818,116,0
00108890,FUN_00108890,196,0
00108958,FUN_00108958,80,0
001089b0,FUN_001089b0,108,0
00108a20,FUN_00108a20,32,0
00108a40,FUN_00108a40,48,0
00108a70,FUN_00108a70,328,0
00108bb8,FUN_00108bb8,292,0
00108ce0,fe_FE_DIFFEASY_00108ce0,152,0
00108d78,FUN_00108d78,64,0
00108db8,FUN_00108db8,172,0
00108e78,FUN_00108e78,168,0
00108f28,FUN_00108f28,600,0
00109180,FUN_00109180,240,0
00109278,FUN_00109278,120,0
001092f8,FUN_001092f8,8,0
00109300,FUN_00109300,8,0
00109308,FUN_00109308,164,0
001093c0,FUN_001093c0,76,0
00109410,FUN_00109410,88,0
00109468,FUN_00109468,32,0
00109488,FUN_00109488,52,0
001094c0,FUN_001094c0,140,0
00109550,FUN_00109550,36,0
00109578,FUN_00109578,16,0
00109588,FUN_00109588,184,0
00109640,FUN_00109640,288,0
00109760,FUN_00109760,440,0
00109918,FUN_00109918,456,0
00109ae0,FUN_00109ae0,208,0
00109bb0,FUN_00109bb0,268,0
00109cc0,FUN_00109cc0,52,0
00109cf8,FUN_00109cf8,196,0
00109dc0,FUN_00109dc0,172,0
00109e70,FUN_00109e70,8,1
00109e78,FUN_00109e78,100,1
00109ee0,FUN_00109ee0,132,1
00109f68,FUN_00109f68,44,1
00109fb0,FUN_00109fb0,72,1
00109ff8,FUN_00109ff8,620,1
0010a268,FUN_0010a268,1464,1
0010a820,FUN_0010a820,40,1
0010a848,FUN_0010a848,20,1
0010a860,FUN_0010a860,16,1
0010a870,FUN_0010a870,512,1
0010aa70,FUN_0010aa70,472,1
0010ac48,fe_FE_MCOption_ProfileEmpty_0010ac48,976,1
0010b018,FUN_0010b018,328,1
0010b160,FUN_0010b160,88,1
0010b1c8,FUN_0010b1c8,52,1
0010b200,FUN_0010b200,52,1
0010b238,FUN_0010b238,52,1
0010b270,FUN_0010b270,56,1
0010b2a8,FUN_0010b2a8,20,1
0010b2c0,FUN_0010b2c0,24,1
0010b2d8,FUN_0010b2d8,20,1
0010b2f0,FUN_0010b2f0,20,1
0010b308,FUN_0010b308,20,1
0010b320,FUN_0010b320,8,1
0010b328,FUN_0010b328,16,1
0010b338,FUN_0010b338,112,1
0010b3a8,FUN_0010b3a8,300,1
0010b4d8,FUN_0010b4d8,8,1
0010b4e0,FUN_0010b4e0,80,1
0010b530,FUN_0010b530,96,1
0010b590,FUN_0010b590,32,1
0010b5b0,FUN_0010b5b0,88,1
0010b608,FUN_0010b608,8,1
0010b610,FUN_0010b610,8,1
0010b618,FUN_0010b618,8,1
0010b620,FUN_0010b620,12,1
0010b630,FUN_0010b630,132,1
0010b6b8,FUN_0010b6b8,228,1
0010b7a0,FUN_0010b7a0,76,1
0010b7f0,FUN_0010b7f0,188,1
0010b8b0,FUN_0010b8b0,56,1
0010b8e8,FUN_0010b8e8,196,1
0010b9b0,FUN_0010b9b0,76,1
0010ba00,FUN_0010ba00,116,1
0010ba78,FUN_0010ba78,100,1
0010bae0,FUN_0010bae0,24,1
0010baf8,FUN_0010baf8,136,1
0010bb80,FUN_0010bb80,44,1
0010bbb0,FUN_0010bbb0,52,1
0010bbe8,FUN_0010bbe8,8,1
0010bbf0,FUN_0010bbf0,8,1
0010bbf8,FUN_0010bbf8,8,1
0010bc00,FUN_0010bc00,8,1
0010bc08,FUN_0010bc08,8,1
0010bc10,FUN_0010bc10,1764,1
0010c2f8,FUN_0010c2f8,156,1
0010c398,FUN_0010c398,1360,1
0010c8e8,FUN_0010c8e8,1580,1
0010cf18,FUN_0010cf18,2776,1
0010d9f0,FUN_0010d9f0,1792,1
0010e0f0,FUN_0010e0f0,932,1
0010e498,FUN_0010e498,340,1
0010e5f0,FUN_0010e5f0,304,1
0010e720,FUN_0010e720,32,1
0010e740,FUN_0010e740,892,1
0010eac0,FUN_0010eac0,56,1
0010eaf8,FUN_0010eaf8,200,1
0010ebc0,FUN_0010ebc0,16,1
0010ebd0,FUN_0010ebd0,1460,1
0010f188,FUN_0010f188,88,1
0010f1e0,FUN_0010f1e0,92,1
0010f258,FUN_0010f258,8,1
0010f260,FUN_0010f260,28,1
0010f280,FUN_0010f280,8,1
0010f288,FUN_0010f288,488,1
0010f470,FUN_0010f470,432,1
0010f620,FUN_0010f620,36,1
0010f648,FUN_0010f648,56,1
0010f680,FUN_0010f680,84,1
0010f6d8,FUN_0010f6d8,40,1
0010f700,FUN_0010f700,8,1
0010f708,FUN_0010f708,8,1
0010f710,FUN_0010f710,8,1
0010f718,FUN_0010f718,8,1
0010f720,FUN_0010f720,8,1
0010f728,FUN_0010f728,8,1
0010f730,FUN_0010f730,8,1
0010f740,FUN_0010f740,24,1
0010f758,FUN_0010f758,264,1
0010f860,FUN_0010f860,1968,1
00110010,FUN_00110010,24,1
00110028,FUN_00110028,1032,1
00110430,FUN_00110430,68,1
00110478,FUN_00110478,20,1
00110490,FUN_00110490,380,1
00110610,FUN_00110610,60,1
00110650,FUN_00110650,28,1
00110670,FUN_00110670,40,1
00110698,FUN_00110698,32,1
001106b8,FUN_001106b8,404,1
00110858,FUN_00110858,8,1
00110860,FUN_00110860,108,1
001108d0,FUN_001108d0,112,1
00110940,FUN_00110940,124,1
001109c8,FUN_001109c8,176,1
00110a88,FUN_00110a88,28,1
00110ab8,FUN_00110ab8,224,1
00110b98,FUN_00110b98,48,1
00110bc8,FUN_00110bc8,72,1
00110c10,FUN_00110c10,64,1
00110c50,FUN_00110c50,60,1
00110c90,FUN_00110c90,5892,1
00112398,FUN_00112398,1016,1
00112790,FUN_00112790,120,1
00112808,FUN_00112808,428,1
001129b8,FUN_001129b8,5676,1
00113fe8,FUN_00113fe8,372,1
00114170,FUN_00114170,180,1
00114228,FUN_00114228,8,1
00114968,FUN_00114968,8,1
00114970,FUN_00114970,8,1
00114980,FUN_00114980,8,1
00114988,FUN_00114988,5036,1
00115d38,FUN_00115d38,36,1
00115d70,FUN_00115d70,24,1
00115d88,FUN_00115d88,32,1
001168e0,FUN_001168e0,52,1
00116918,FUN_00116918,116,1
00116990,FUN_00116990,228,1
00116a78,FUN_00116a78,836,1
00116dc0,FUN_00116dc0,28,1
00116de8,FUN_00116de8,24,1
00116e00,FUN_00116e00,36,1
00116e28,FUN_00116e28,88,1
00116e80,FUN_00116e80,132,1
00116f08,FUN_00116f08,76,1
00116f60,FUN_00116f60,8,1
00116f68,FUN_00116f68,64,1
00116fa8,FUN_00116fa8,28,1
00116fc8,FUN_00116fc8,1524,1
001175c0,FUN_001175c0,28,1
001175e0,FUN_001175e0,8,1
001175e8,FUN_001175e8,68,1
00117630,FUN_00117630,56,1
00117668,FUN_00117668,104,1
001176d0,FUN_001176d0,100,1
00117738,FUN_00117738,196,1
00117800,FUN_00117800,36,1
00117830,FUN_00117830,36,1
00117858,FUN_00117858,128,1
001178d8,FUN_001178d8,40,1
00117900,FUN_00117900,48,1
00117930,FUN_00117930,60,1
00117970,FUN_00117970,72,1
001179b8,FUN_001179b8,1724,1
00118088,FUN_00118088,8,1
00118090,FUN_00118090,8,1
00118098,FUN_00118098,60,1
001180d8,FUN_001180d8,124,1
00118158,FUN_00118158,48,1
00118188,FUN_00118188,56,1
001181c0,FUN_001181c0,76,1
00118210,FUN_00118210,44,1
00118240,FUN_00118240,8,1
00118248,FUN_00118248,72,1
00118290,FUN_00118290,60,1
001182d0,FUN_001182d0,80,1
00118320,FUN_00118320,28,1
00118340,FUN_00118340,8,1
00118348,FUN_00118348,60,1
00118388,FUN_00118388,44,1
001183b8,FUN_001183b8,84,1
00118410,FUN_00118410,32,1
001187a8,FUN_001187a8,84,1
00118808,FUN_00118808,8,1
00118810,FUN_00118810,72,1
00118858,FUN_00118858,60,1
00118898,FUN_00118898,72,1
001188e0,FUN_001188e0,28,1
00118900,FUN_00118900,8,1
00118908,FUN_00118908,116,1
00118d48,FUN_00118d48,88,1
00118f58,FUN_00118f58,312,1
00119090,FUN_00119090,504,1
00119288,FUN_00119288,1564,1
001198a8,FUN_001198a8,300,1
001199d8,FUN_001199d8,1736,1
0011a0a8,FUN_0011a0a8,28,1
0011a0c8,FUN_0011a0c8,32,1
0011a0e8,FUN_0011a0e8,28,1
0011a108,FUN_0011a108,32,1
0011a130,FUN_0011a130,140,1
0011a1c0,FUN_0011a1c0,172,1
0011a270,FUN_0011a270,1556,1
0011a888,FUN_0011a888,8,1
0011a890,FUN_0011a890,328,1
0011a9d8,FUN_0011a9d8,464,1
0011aba8,FUN_0011aba8,932,1
0011af50,FUN_0011af50,92,1
0011afb0,FUN_0011afb0,3952,2
0011bf20,FUN_0011bf20,8,2
0011bf28,FUN_0011bf28,132,2
0011bfb0,FUN_0011bfb0,316,2
0011c0f0,FUN_0011c0f0,948,2
0011c4a8,FUN_0011c4a8,172,2
0011c558,FUN_0011c558,68,2
0011c5a8,FUN_0011c5a8,716,2
0011c878,FUN_0011c878,68,2
0011c8c0,FUN_0011c8c0,108,2
0011c930,FUN_0011c930,152,2
0011c9c8,FUN_0011c9c8,88,2
0011ca28,FUN_0011ca28,724,2
0011cd00,FUN_0011cd00,164,2
0011cda8,FUN_0011cda8,236,2
0011ce98,FUN_0011ce98,316,2
0011cfd8,FUN_0011cfd8,180,2
0011d090,FUN_0011d090,200,2
0011d158,FUN_0011d158,112,2
0011d1d0,FUN_0011d1d0,28,2
0011d1f0,FUN_0011d1f0,16,2
0011d200,FUN_0011d200,340,2
0011d358,FUN_0011d358,108,2
0011d3c8,FUN_0011d3c8,104,2
0011d430,FUN_0011d430,12,2
0011d450,FUN_0011d450,60,2
0011d490,FUN_0011d490,8,2
0011d498,FUN_0011d498,12,2
0011d4a8,FUN_0011d4a8,12,2
0011d4b8,FUN_0011d4b8,240,2
0011d5a8,FUN_0011d5a8,668,2
0011d848,FUN_0011d848,252,2
0011d948,FUN_0011d948,272,2
0011da58,FUN_0011da58,548,2
0011dc80,FUN_0011dc80,196,2
0011dd48,FUN_0011dd48,232,2
0011de40,FUN_0011de40,384,2
0011dfc0,FUN_0011dfc0,500,2
0011e1b8,FUN_0011e1b8,136,2
0011e240,FUN_0011e240,160,2
0011e2e0,FUN_0011e2e0,28,2
0011e300,FUN_0011e300,164,2
0011e3a8,FUN_0011e3a8,220,2
0011e488,FUN_0011e488,48,2
0011e4b8,FUN_0011e4b8,528,2
0011e6d0,FUN_0011e6d0,832,2
0011ea10,FUN_0011ea10,44,2
0011ea48,FUN_0011ea48,28,2
0011ea68,FUN_0011ea68,160,2
0011eb08,FUN_0011eb08,128,2
0011eb88,FUN_0011eb88,104,2
0011ebf0,FUN_0011ebf0,28,2
0011ec10,FUN_0011ec10,28,2
0011ec30,FUN_0011ec30,208,2
0011ed08,FUN_0011ed08,140,2
0011ed98,FUN_0011ed98,28,2
0011edb8,FUN_0011edb8,28,2
0011edd8,FUN_0011edd8,32,2
0011ee00,FUN_0011ee00,196,2
0011eec8,FUN_0011eec8,28,2
0011eee8,FUN_0011eee8,28,2
0011ef08,FUN_0011ef08,248,2
0011f000,FUN_0011f000,100,2
0011f070,FUN_0011f070,732,2
0011f350,FUN_0011f350,28,2
0011f370,FUN_0011f370,1136,2
0011f808,FUN_0011f808,236,2
0011f8f8,FUN_0011f8f8,28,2
0011f918,FUN_0011f918,376,2
0011fa90,FUN_0011fa90,76,2
0011fae0,FUN_0011fae0,412,2
0011fc80,FUN_0011fc80,88,2
0011fcd8,FUN_0011fcd8,28,2
0011fcf8,FUN_0011fcf8,880,2
00120068,FUN_00120068,1096,2
001204b0,FUN_001204b0,772,2
001207b8,FUN_001207b8,28,2
001207d8,FUN_001207d8,28,2
001207f8,FUN_001207f8,588,2
00120a48,FUN_00120a48,164,2
00120af0,FUN_00120af0,448,2
00120cb0,FUN_00120cb0,28,2
00120cd0,FUN_00120cd0,28,2
00120cf0,FUN_00120cf0,456,2
00120ec0,FUN_00120ec0,1820,2
001215e0,FUN_001215e0,28,2
00121600,FUN_00121600,64,2
00121648,FUN_00121648,64,2
00121688,FUN_00121688,320,2
001217d0,FUN_001217d0,52,2
00121808,FUN_00121808,172,2
001218b8,FUN_001218b8,248,2
001219b0,FUN_001219b0,316,2
00121af8,FUN_00121af8,72,2
00121b40,FUN_00121b40,140,2
00121bd0,FUN_00121bd0,52,2
00121c08,FUN_00121c08,44,2
00121c38,FUN_00121c38,176,2
00121ce8,FUN_00121ce8,144,2
00121d78,FUN_00121d78,108,2
00121de8,FUN_00121de8,64,2
00121e28,FUN_00121e28,196,2
00121ef0,FUN_00121ef0,16,2
00121f00,FUN_00121f00,544,2
00122120,FUN_00122120,584,2
00122368,FUN_00122368,268,2
00122478,FUN_00122478,168,2
00122520,FUN_00122520,152,2
001225b8,FUN_001225b8,156,2
00122660,FUN_00122660,168,2
00122708,FUN_00122708,44,2
00122738,FUN_00122738,72,2
00122780,FUN_00122780,40,2
001227a8,FUN_001227a8,20,2
001227c0,FUN_001227c0,284,2
001228e0,FUN_001228e0,28,2
00122900,FUN_00122900,124,2
00122980,FUN_00122980,112,2
001229f8,FUN_001229f8,8,2
00122a00,FUN_00122a00,28,2
00122a20,FUN_00122a20,36,2
00122a48,FUN_00122a48,36,2
00122a70,FUN_00122a70,36,2
00122a98,FUN_00122a98,36,2
00122ac0,FUN_00122ac0,36,2
00122af0,FUN_00122af0,32,2
00122b10,FUN_00122b10,80,2
00122b60,FUN_00122b60,36,2
00122b88,FUN_00122b88,36,2
00122bb0,FUN_00122bb0,32,2
00122bd0,FUN_00122bd0,32,2
00122bf0,FUN_00122bf0,44,2
00122c20,FUN_00122c20,44,2
00122c50,FUN_00122c50,44,2
00122c80,FUN_00122c80,72,2
00122cc8,FUN_00122cc8,72,2
00122d10,FUN_00122d10,56,2
00122d48,FUN_00122d48,80,2
00122d98,FUN_00122d98,72,2
00122df0,FUN_00122df0,8,2
00122df8,FUN_00122df8,60,2
00122e38,FUN_00122e38,484,2
00123020,FUN_00123020,412,2
001231c0,FUN_001231c0,132,2
00123248,FUN_00123248,1816,2
00123960,FUN_00123960,28,2
00123980,FUN_00123980,8,2
00123988,FUN_00123988,500,2
00123b80,FUN_00123b80,68,2
00123bc8,FUN_00123bc8,8,2
00123bd0,FUN_00123bd0,32,2
00123bf0,FUN_00123bf0,44,2
00123c20,FUN_00123c20,112,2
00123c90,FUN_00123c90,24,2
00123ca8,FUN_00123ca8,8,2
00123cb0,FUN_00123cb0,8,2
00123cb8,FUN_00123cb8,8,2
00123cc8,FUN_00123cc8,8,2
00123cd0,FUN_00123cd0,8,2
00123ce0,FUN_00123ce0,400,2
00123e70,FUN_00123e70,472,2
00124048,FUN_00124048,56,2
00124080,FUN_00124080,16,2
00124090,FUN_00124090,32,2
001240b0,FUN_001240b0,8,2
001240b8,FUN_001240b8,48,2
001240e8,FUN_001240e8,364,2
00124258,FUN_00124258,8,2
00124260,FUN_00124260,68,2
001242a8,FUN_001242a8,400,2
00124438,FUN_00124438,120,2
001244b0,FUN_001244b0,492,2
001246a0,FUN_001246a0,104,2
00124708,FUN_00124708,32,2
00124728,FUN_00124728,8,2
00124730,FUN_00124730,56,2
00124768,FUN_00124768,212,2
00124840,FUN_00124840,428,2
001249f8,FUN_001249f8,40,2
00124a20,FUN_00124a20,56,2
00124a58,FUN_00124a58,24,2
00124a70,FUN_00124a70,108,2
00124ae8,FUN_00124ae8,108,2
00124b58,FUN_00124b58,108,2
00124bc8,FUN_00124bc8,108,2
00124c38,FUN_00124c38,108,2
00124ca8,FUN_00124ca8,108,2
00124d20,FUN_00124d20,116,2
00124d98,FUN_00124d98,12,2
00124da8,FUN_00124da8,76,2
00124e00,FUN_00124e00,72,2
00124e48,FUN_00124e48,48,2
00124e78,FUN_00124e78,24,2
00124e90,FUN_00124e90,464,2
00125060,FUN_00125060,104,2
001250c8,FUN_001250c8,8,2
001250d0,FUN_001250d0,168,2
00125178,FUN_00125178,140,2
00125208,FUN_00125208,892,2
00125588,FUN_00125588,48,2
001255b8,FUN_001255b8,916,3
00125950,FUN_00125950,32,3
00125970,FUN_00125970,416,3
00125b18,FUN_00125b18,284,3
00125c38,FUN_00125c38,32,3
00125c58,FUN_00125c58,8,3
00125c60,FUN_00125c60,120,3
00125cd8,FUN_00125cd8,52,3
00125d10,FUN_00125d10,8,3
00125d18,FUN_00125d18,264,3
00125e40,FUN_00125e40,32,3
00125e60,FUN_00125e60,56,3
00125e98,FUN_00125e98,240,3
00125f88,FUN_00125f88,164,3
00126030,FUN_00126030,40,3
00126058,FUN_00126058,52,3
00126098,FUN_00126098,352,3
00126200,FUN_00126200,140,3
00126290,FUN_00126290,148,3
00126328,FUN_00126328,408,3
001264c0,FUN_001264c0,8,3
001264c8,FUN_001264c8,580,3
00126710,FUN_00126710,612,3
00126980,FUN_00126980,584,3
00126bc8,FUN_00126bc8,432,3
00126d78,FUN_00126d78,208,3
00126e50,FUN_00126e50,184,3
00126f10,FUN_00126f10,108,3
00126f80,FUN_00126f80,224,3
00127060,FUN_00127060,184,3
00127118,FUN_00127118,1076,3
00127550,FUN_00127550,356,3
001276b8,FUN_001276b8,128,3
00127738,FUN_00127738,104,3
001277a0,FUN_001277a0,668,3
00127a40,FUN_00127a40,116,3
00127ac8,FUN_00127ac8,552,3
00127cf0,FUN_00127cf0,788,3
00128008,FUN_00128008,280,3
00128120,FUN_00128120,400,3
001282b0,FUN_001282b0,8,3
001282d0,FUN_001282d0,16,3
001282e0,FUN_001282e0,416,3
00128480,FUN_00128480,3088,3
00129090,FUN_00129090,120,3
00129108,FUN_00129108,88,3
00129160,FUN_00129160,92,3
001291c0,FUN_001291c0,36,3
001291e8,FUN_001291e8,48,3
00129218,FUN_00129218,40,3
00129240,FUN_00129240,288,3
00129360,FUN_00129360,1084,3
001297a0,FUN_001297a0,60,3
001297e0,fe_FE_LOADING_001297e0,1544,3
00129de8,FUN_00129de8,752,3
0012a0d8,FUN_0012a0d8,128,3
0012a158,FUN_0012a158,132,3
0012a1e0,FUN_0012a1e0,156,3
0012a280,FUN_0012a280,140,3
0012a310,FUN_0012a310,260,3
0012a418,FUN_0012a418,104,3
0012a480,FUN_0012a480,88,3
0012a4d8,FUN_0012a4d8,284,3
0012a5f8,FUN_0012a5f8,452,3
0012a7c0,FUN_0012a7c0,340,3
0012a918,FUN_0012a918,480,3
0012ab28,FUN_0012ab28,100,3
0012ab90,FUN_0012ab90,620,3
0012ae00,FUN_0012ae00,88,3
0012ae58,FUN_0012ae58,644,3
0012b0e0,FUN_0012b0e0,456,3
0012b328,FUN_0012b328,288,3
0012b448,FUN_0012b448,724,3
0012b720,FUN_0012b720,556,3
0012b950,FUN_0012b950,524,3
0012bb60,FUN_0012bb60,568,3
0012bd98,FUN_0012bd98,48,3
0012bdc8,FUN_0012bdc8,40,3
0012bdf0,FUN_0012bdf0,40,3
0012be18,FUN_0012be18,104,3
0012be80,FUN_0012be80,324,3
0012bfc8,FUN_0012bfc8,284,3
0012c0e8,FUN_0012c0e8,44,3
0012c118,FUN_0012c118,780,3
0012c428,FUN_0012c428,552,3
0012c650,FUN_0012c650,316,3
0012c790,FUN_0012c790,1036,3
0012cba0,FUN_0012cba0,1204,3
0012d058,FUN_0012d058,120,3
0012d0d0,FUN_0012d0d0,132,3
0012d158,FUN_0012d158,192,3
0012d218,FUN_0012d218,84,3
0012d270,FUN_0012d270,160,3
0012d310,FUN_0012d310,188,3
0012d3d0,FUN_0012d3d0,136,3
0012d458,FUN_0012d458,56,3
0012d490,FUN_0012d490,116,3
0012d508,FUN_0012d508,36,3
0012d530,FUN_0012d530,84,3
0012d588,FUN_0012d588,32,3
0012d5a8,FUN_0012d5a8,868,3
0012d910,FUN_0012d910,144,3
0012d9a0,FUN_0012d9a0,276,3
0012dab8,FUN_0012dab8,700,3
0012dd78,FUN_0012dd78,632,3
0012dff0,FUN_0012dff0,36,3
0012e018,FUN_0012e018,36,3
0012e040,FUN_0012e040,48,3
0012e070,FUN_0012e070,48,3
0012e0a0,FUN_0012e0a0,188,3
0012e160,FUN_0012e160,252,3
0012e260,FUN_0012e260,208,3
0012e330,FUN_0012e330,476,3
0012e518,FUN_0012e518,524,3
0012e728,FUN_0012e728,400,3
0012e8b8,FUN_0012e8b8,124,3
0012e938,FUN_0012e938,60,3
0012e978,FUN_0012e978,12,3
0012e988,FUN_0012e988,348,3
0012eae8,FUN_0012eae8,976,3
0012eeb8,FUN_0012eeb8,16,3
0012eec8,FUN_0012eec8,28,3
0012eee8,FUN_0012eee8,60,3
0012ef28,FUN_0012ef28,60,3
0012ef68,FUN_0012ef68,240,3
0012f058,FUN_0012f058,8,3
0012f060,FUN_0012f060,344,3
0012f1b8,FUN_0012f1b8,76,3
0012f208,FUN_0012f208,204,3
0012f2d8,FUN_0012f2d8,172,3
0012f388,FUN_0012f388,60,3
0012f3c8,FUN_0012f3c8,60,3
0012f408,FUN_0012f408,224,3
0012f4e8,FUN_0012f4e8,8,3
0012f4f0,FUN_0012f4f0,288,3
0012f610,FUN_0012f610,76,3
0012f660,FUN_0012f660,72,3
0012f6a8,FUN_0012f6a8,144,3
0012f740,FUN_0012f740,60,3
0012f780,FUN_0012f780,60,3
0012f7c0,FUN_0012f7c0,60,3
0012f800,FUN_0012f800,60,3
0012f840,FUN_0012f840,60,3
0012f880,FUN_0012f880,60,3
0012f8c0,FUN_0012f8c0,68,3
0012f908,FUN_0012f908,576,3
0012fb48,FUN_0012fb48,196,3
0012fc10,FUN_0012fc10,104,3
0012fc78,FUN_0012fc78,72,3
0012fcc0,FUN_0012fcc0,68,3
0012fd08,FUN_0012fd08,20,3
0012fd20,FUN_0012fd20,272,3
0012fe30,FUN_0012fe30,32,3
0012fe58,FUN_0012fe58,660,3
001300f0,FUN_001300f0,296,3
00130218,FUN_00130218,372,3
00130390,FUN_00130390,524,3
00130640,FUN_00130640,32,3
00130660,FUN_00130660,20,3
00130678,FUN_00130678,24,3
00130690,FUN_00130690,8,3
001306a0,FUN_001306a0,44,3
001306d0,FUN_001306d0,128,3
00130750,FUN_00130750,2344,3
00131078,FUN_00131078,60,3
001310b8,FUN_001310b8,28,3
001310d8,FUN_001310d8,824,3
00131418,FUN_00131418,2520,3
00131df0,FUN_00131df0,252,3
00131ef0,FUN_00131ef0,664,3
00132188,FUN_00132188,1160,3
00132610,FUN_00132610,480,3
001327f0,FUN_001327f0,1448,3
00132d98,FUN_00132d98,1748,3
00133470,FUN_00133470,108,3
001334e0,FUN_001334e0,1724,3
00133ba0,FUN_00133ba0,704,3
00133e60,FUN_00133e60,116,3
00133ed8,FUN_00133ed8,168,3
00133f80,FUN_00133f80,28,3
00133fa0,FUN_00133fa0,8,3
00133fa8,FUN_00133fa8,2064,3
001347b8,FUN_001347b8,436,3
00134970,FUN_00134970,28,3
00134990,FUN_00134990,548,3
00134bb8,FUN_00134bb8,224,3
00134c98,FUN_00134c98,832,3
00134fd8,FUN_00134fd8,348,3
00135138,FUN_00135138,704,3
001353f8,FUN_001353f8,232,3
001354e0,FUN_001354e0,112,3
00135550,FUN_00135550,8,3
00135558,FUN_00135558,24,3
00135570,FUN_00135570,8,3
00135578,FUN_00135578,8,3
00135580,FUN_00135580,568,3
001357b8,FUN_001357b8,192,3
00135878,FUN_00135878,200,3
00135940,FUN_00135940,244,3
00135a38,FUN_00135a38,132,3
00135ac0,FUN_00135ac0,104,4
00135b28,FUN_00135b28,48,4
00135b60,FUN_00135b60,28,4
00135b80,FUN_00135b80,64,4
00135bc0,FUN_00135bc0,72,4
00135c08,FUN_00135c08,72,4
00135c50,FUN_00135c50,40,4
00135c78,FUN_00135c78,68,4
00135cc8,FUN_00135cc8,100,4
00135d30,FUN_00135d30,164,4
00135dd8,FUN_00135dd8,80,4
00135e28,FUN_00135e28,60,4
00135e68,FUN_00135e68,52,4
00135ea8,FUN_00135ea8,36,4
00135ed0,FUN_00135ed0,44,4
00135f00,FUN_00135f00,976,4
001362d0,FUN_001362d0,632,4
00136548,FUN_00136548,360,4
001366b0,FUN_001366b0,356,4
00136818,FUN_00136818,44,4
00136848,FUN_00136848,168,4
001368f0,FUN_001368f0,572,4
00136b30,FUN_00136b30,28,4
00136b50,FUN_00136b50,88,4
00136ba8,FUN_00136ba8,40,4
00136bd0,FUN_00136bd0,396,4
00136d60,FUN_00136d60,96,4
00136dc0,FUN_00136dc0,200,4
00136e88,FUN_00136e88,132,4
00136f10,FUN_00136f10,252,4
00137018,FUN_00137018,764,4
00137318,FUN_00137318,8,4
00137320,FUN_00137320,304,4
00137450,FUN_00137450,52,4
00137490,FUN_00137490,104,4
001374f8,FUN_001374f8,36,4
00137520,FUN_00137520,68,4
00137568,FUN_00137568,432,4
00137718,FUN_00137718,472,4
001378f0,FUN_001378f0,24,4
00137908,FUN_00137908,364,4
00137a78,FUN_00137a78,104,4
00137ae0,FUN_00137ae0,36,4
00137b08,FUN_00137b08,128,4
00137b88,FUN_00137b88,280,4
00137ca0,FUN_00137ca0,488,4
00137e88,FUN_00137e88,164,4
00137f30,FUN_00137f30,136,4
00137fb8,FUN_00137fb8,548,4
001381e0,FUN_001381e0,184,4
00138298,FUN_00138298,136,4
00138320,FUN_00138320,8,4
00138328,FUN_00138328,8,4
00138338,FUN_00138338,8,4
00138340,FUN_00138340,8,4
00138348,FUN_00138348,24,4
00138360,FUN_00138360,24,4
00138378,FUN_00138378,20,4
00138390,FUN_00138390,212,4
00138470,FUN_00138470,88,4
001384c8,FUN_001384c8,512,4
001386c8,FUN_001386c8,256,4
001387c8,FUN_001387c8,424,4
00138970,FUN_00138970,40,4
001389a0,FUN_001389a0,8,4
001389a8,FUN_001389a8,332,4
00138af8,FUN_00138af8,324,4
00138c40,FUN_00138c40,16,4
00138c50,FUN_00138c50,20,4
00138c68,FUN_00138c68,20,4
00138c80,FUN_00138c80,372,4
00138df8,FUN_00138df8,268,4
00138f08,FUN_00138f08,152,4
00138fa0,FUN_00138fa0,188,4
00139060,FUN_00139060,152,4
001390f8,FUN_001390f8,88,4
00139150,FUN_00139150,28,4
00139170,FUN_00139170,28,4
00139190,FUN_00139190,752,4
00139480,FUN_00139480,52,4
001394b8,FUN_001394b8,40,4
00139538,FUN_00139538,352,4
00139698,FUN_00139698,88,4
001396f0,FUN_001396f0,144,4
00139780,FUN_00139780,120,4
001397f8,FUN_001397f8,64,4
00139838,FUN_00139838,168,4
001398e0,FUN_001398e0,92,4
00139940,FUN_00139940,60,4
00139980,FUN_00139980,236,4
00139a70,FUN_00139a70,244,4
00139b68,FUN_00139b68,64,4
00139bb0,FUN_00139bb0,168,4
00139c68,FUN_00139c68,1688,4
0013a300,FUN_0013a300,832,4
0013a640,FUN_0013a640,168,4
0013a6e8,FUN_0013a6e8,3512,4
0013b4a0,FUN_0013b4a0,28,4
0013b4c0,FUN_0013b4c0,360,4
0013b628,FUN_0013b628,884,4
0013b9a0,FUN_0013b9a0,48,4
0013b9d0,FUN_0013b9d0,44,4
0013ba00,FUN_0013ba00,64,4
0013ba40,FUN_0013ba40,136,4
0013bac8,FUN_0013bac8,44,4
0013baf8,FUN_0013baf8,64,4
0013bb38,FUN_0013bb38,64,4
0013bb78,FUN_0013bb78,640,4
0013bdf8,FUN_0013bdf8,948,4
0013c1b0,FUN_0013c1b0,568,4
0013c3e8,FUN_0013c3e8,316,4
0013c528,FUN_0013c528,592,4
0013c778,FUN_0013c778,236,4
0013c868,FUN_0013c868,228,4
0013c950,FUN_0013c950,44,4
0013c980,FUN_0013c980,48,4
0013c9b0,FUN_0013c9b0,36,4
0013c9d8,FUN_0013c9d8,836,4
0013cd20,FUN_0013cd20,228,4
0013ce08,FUN_0013ce08,200,4
0013ced0,FUN_0013ced0,104,4
0013cf38,FUN_0013cf38,268,4
0013d048,FUN_0013d048,392,4
0013d1d0,FUN_0013d1d0,88,4
0013d228,FUN_0013d228,132,4
0013d2b0,FUN_0013d2b0,32,4
0013d308,FUN_0013d308,128,4
0013d388,FUN_0013d388,100,4
0013d3f0,FUN_0013d3f0,16,4
0013d400,FUN_0013d400,44,4
0013d430,FUN_0013d430,132,4
0013d4b8,FUN_0013d4b8,204,4
0013d588,FUN_0013d588,108,4
0013d5f8,FUN_0013d5f8,132,4
0013d680,FUN_0013d680,284,4
0013d7a0,FUN_0013d7a0,256,4
0013d8a0,FUN_0013d8a0,20,4
0013d8b8,FUN_0013d8b8,32,4
0013d8d8,FUN_0013d8d8,200,4
0013d9a0,FUN_0013d9a0,188,4
0013da60,FUN_0013da60,76,4
0013dab0,FUN_0013dab0,64,4
0013daf0,FUN_0013daf0,28,4
0013db40,FUN_0013db40,96,4
0013dba0,FUN_0013dba0,92,4
0013dc00,FUN_0013dc00,52,4
0013dc38,FUN_0013dc38,24,4
0013dc50,FUN_0013dc50,36,4
0013dc78,FUN_0013dc78,36,4
0013dca0,FUN_0013dca0,120,4
0013dd18,FUN_0013dd18,80,4
0013dd68,FUN_0013dd68,388,4
0013def0,FUN_0013def0,68,4
0013df38,FUN_0013df38,28,4
0013df58,FUN_0013df58,2980,4
0013eb00,FUN_0013eb00,268,4
0013ec10,FUN_0013ec10,40,4
0013ec38,FUN_0013ec38,348,4
0013ed98,FUN_0013ed98,132,4
0013ee20,FUN_0013ee20,8,4
0013ee28,FUN_0013ee28,8,4
0013ee30,FUN_0013ee30,8,4
0013ee48,FUN_0013ee48,8,4
0013ee68,FUN_0013ee68,156,4
0013ef08,FUN_0013ef08,8,4
0013ef10,FUN_0013ef10,20,4
0013ef28,FUN_0013ef28,380,4
0013f0a8,FUN_0013f0a8,48,4
0013f0d8,FUN_0013f0d8,132,4
0013f160,FUN_0013f160,300,4
0013f298,FUN_0013f298,48,4
0013f2c8,FUN_0013f2c8,28,4
0013f328,FUN_0013f328,180,4
0013f3e0,FUN_0013f3e0,568,4
0013f618,FUN_0013f618,2436,4
0013ffa0,FUN_0013ffa0,104,4
00140008,FUN_00140008,60,4
00140048,FUN_00140048,28,4
00140068,FUN_00140068,1020,4
00140468,FUN_00140468,60,4
001404a8,FUN_001404a8,800,4
001407c8,FUN_001407c8,504,4
001409c0,FUN_001409c0,124,4
00140a40,FUN_00140a40,104,4
00140ab0,FUN_00140ab0,8,4
00140ad0,FUN_00140ad0,228,4
00140bb8,FUN_00140bb8,232,4
00140ca0,FUN_00140ca0,84,4
00140cf8,FUN_00140cf8,332,4
00140e48,FUN_00140e48,96,4
00140ea8,FUN_00140ea8,224,4
00140f88,FUN_00140f88,120,4
00141168,FUN_00141168,52,4
001411a0,FUN_001411a0,168,4
00141248,FUN_00141248,116,4
001412c0,FUN_001412c0,36,4
001412e8,FUN_001412e8,28,4
00141308,FUN_00141308,136,4
00141390,FUN_00141390,132,4
00141418,FUN_00141418,36,4
00141440,FUN_00141440,28,5
00141460,FUN_00141460,44,5
00141490,FUN_00141490,8,5
00141498,FUN_00141498,8,5
001414a0,FUN_001414a0,264,5
001415a8,FUN_001415a8,5392,5
00142ab8,FUN_00142ab8,212,5
00142b90,FUN_00142b90,672,5
00142e30,FUN_00142e30,92,5
00142e90,FUN_00142e90,72,5
00142ed8,FUN_00142ed8,120,5
00142f50,FUN_00142f50,44,5
00142f80,FUN_00142f80,472,5
00143158,FUN_00143158,644,5
001433e0,FUN_001433e0,368,5
00143550,FUN_00143550,60,5
00143590,FUN_00143590,60,5
001435d0,FUN_001435d0,40,5
001435f8,FUN_001435f8,80,5
00143648,FUN_00143648,64,5
00143688,FUN_00143688,120,5
00143700,FUN_00143700,216,5
001437d8,FUN_001437d8,208,5
001438a8,FUN_001438a8,32,5
001438c8,FUN_001438c8,32,5
001438e8,FUN_001438e8,28,5
00143908,FUN_00143908,504,5
00143b00,FUN_00143b00,380,5
00143c80,FUN_00143c80,272,5
00143d90,FUN_00143d90,508,5
00143f90,FUN_00143f90,72,5
00143fd8,FUN_00143fd8,92,5
00144038,FUN_00144038,64,5
00144078,FUN_00144078,60,5
001440b8,FUN_001440b8,1008,5
001444a8,FUN_001444a8,1056,5
001448c8,FUN_001448c8,1332,5
00144e00,FUN_00144e00,76,5
00144e58,FUN_00144e58,1000,5
00145240,FUN_00145240,448,5
00145400,FUN_00145400,344,5
00145558,FUN_00145558,1268,5
00145a50,FUN_00145a50,328,5
00145b98,FUN_00145b98,1044,5
00145fb0,FUN_00145fb0,80,5
00146000,FUN_00146000,972,5
001463d0,FUN_001463d0,420,5
00146578,FUN_00146578,1200,5
00146a28,FUN_00146a28,196,5
00146af0,FUN_00146af0,76,5
00146bf8,FUN_00146bf8,28,5
00146c18,FUN_00146c18,196,5
00146ce0,FUN_00146ce0,1120,5
00147140,FUN_00147140,156,5
001471e0,FUN_001471e0,1040,5
001475f0,FUN_001475f0,224,5
001476d8,FUN_001476d8,684,5
00147988,FUN_00147988,44,5
001479b8,FUN_001479b8,224,5
00147a98,FUN_00147a98,248,5
00147b90,FUN_00147b90,408,5
00147d28,FUN_00147d28,960,5
001480e8,FUN_001480e8,480,5
001482c8,FUN_001482c8,360,5
00148438,FUN_00148438,92,5
00148498,FUN_00148498,48,5
001484c8,FUN_001484c8,64,5
00148508,FUN_00148508,72,5
00148550,FUN_00148550,1680,5
00148be0,FUN_00148be0,300,5
00148d10,FUN_00148d10,744,5
00148ff8,FUN_00148ff8,296,5
00149120,FUN_00149120,56,5
00149178,FUN_00149178,60,5
001491b8,FUN_001491b8,84,5
00149210,FUN_00149210,80,5
00149260,FUN_00149260,932,5
00149608,FUN_00149608,396,5
00149798,FUN_00149798,144,5
00149828,FUN_00149828,668,5
00149ac8,FUN_00149ac8,152,5
00149b60,FUN_00149b60,132,5
00149be8,FUN_00149be8,48,5
00149c18,FUN_00149c18,136,5
00149ca0,FUN_00149ca0,180,5
00149d58,FUN_00149d58,1716,5
0014a438,FUN_0014a438,296,5
0014a568,FUN_0014a568,232,5
0014a650,FUN_0014a650,76,5
0014a6a0,FUN_0014a6a0,560,5
0014a8d0,FUN_0014a8d0,40,5
0014a8f8,FUN_0014a8f8,60,5
0014a938,FUN_0014a938,64,5
0014a978,FUN_0014a978,232,5
0014aa60,FUN_0014aa60,176,5
0014ab10,FUN_0014ab10,324,5
0014ac60,FUN_0014ac60,52,5
0014ac98,FUN_0014ac98,340,5
0014adf0,FUN_0014adf0,1768,5
0014b4d8,FUN_0014b4d8,924,5
0014b880,FUN_0014b880,28,5
0014b8a0,FUN_0014b8a0,64,5
0014b8e0,FUN_0014b8e0,100,5
0014b948,FUN_0014b948,268,5
0014ba58,FUN_0014ba58,32,5
0014ba80,FUN_0014ba80,28,5
0014baa0,FUN_0014baa0,504,5
0014bca0,FUN_0014bca0,116,5
0014bd18,FUN_0014bd18,60,5
0014bd58,FUN_0014bd58,196,5
0014be20,FUN_0014be20,616,5
0014c088,FUN_0014c088,60,5
0014c0c8,FUN_0014c0c8,52,5
0014c100,FUN_0014c100,28,5
0014c120,FUN_0014c120,28,5
0014c140,FUN_0014c140,28,5
0014c160,FUN_0014c160,28,5
0014c180,FUN_0014c180,428,5
0014c330,FUN_0014c330,80,5
0014c380,FUN_0014c380,80,5
0014c3e0,FUN_0014c3e0,168,5
0014c488,FUN_0014c488,192,5
0014c548,FUN_0014c548,8,5
0014c550,FUN_0014c550,32,5
0014c570,FUN_0014c570,84,5
0014c5c8,FUN_0014c5c8,120,5
0014c640,FUN_0014c640,112,5
0014c6b0,FUN_0014c6b0,276,5
0014c7c8,FUN_0014c7c8,188,5
0014c888,FUN_0014c888,56,5
0014c8c0,FUN_0014c8c0,264,5
0014c9c8,FUN_0014c9c8,116,5
0014ca40,FUN_0014ca40,48,5
0014ca70,FUN_0014ca70,44,5
0014caa0,FUN_0014caa0,28,5
0014cad8,FUN_0014cad8,16,5
0014cae8,FUN_0014cae8,308,5
0014cc20,FUN_0014cc20,108,5
0014cc90,FUN_0014cc90,28,5
0014ccb0,FUN_0014ccb0,136,5
0014cd38,FUN_0014cd38,56,5
0014cd70,FUN_0014cd70,28,5
0014cd90,FUN_0014cd90,28,5
0014cdb8,FUN_0014cdb8,68,5
0014ce00,FUN_0014ce00,64,5
0014ce40,FUN_0014ce40,36,5
0014ce68,FUN_0014ce68,1264,5
0014d358,FUN_0014d358,92,5
0014d3b8,FUN_0014d3b8,24,5
0014d3d0,FUN_0014d3d0,76,5
0014d420,FUN_0014d420,192,5
0014d4e0,FUN_0014d4e0,20,5
0014d4f8,FUN_0014d4f8,76,5
0014d548,FUN_0014d548,92,5
0014d5a8,FUN_0014d5a8,68,5
0014d5f0,FUN_0014d5f0,68,5
0014d638,FUN_0014d638,440,5
0014d7f0,FUN_0014d7f0,248,5
0014d8e8,FUN_0014d8e8,32,5
0014d908,FUN_0014d908,8,5
0014d910,FUN_0014d910,68,5
0014d958,FUN_0014d958,64,5
0014d998,FUN_0014d998,96,5
0014da08,FUN_0014da08,116,5
0014da80,FUN_0014da80,192,5
0014db40,FUN_0014db40,76,5
0014db90,FUN_0014db90,124,5
0014dc10,FUN_0014dc10,8,5
0014dc18,FUN_0014dc18,96,5
0014dc78,FUN_0014dc78,288,5
0014dd98,FUN_0014dd98,188,5
0014de58,FUN_0014de58,272,5
0014df68,FUN_0014df68,168,5
0014e010,FUN_0014e010,8,5
0014e018,FUN_0014e018,224,5
0014e0f8,FUN_0014e0f8,384,5
0014e278,FUN_0014e278,2408,5
0014ebe0,FUN_0014ebe0,40,5
0014ec08,FUN_0014ec08,8,5
0014ec10,FUN_0014ec10,48,5
0014ec40,FUN_0014ec40,80,5
0014ec90,FUN_0014ec90,332,5
0014ede0,FUN_0014ede0,100,5
0014ee48,FUN_0014ee48,164,5
0014eef0,FUN_0014eef0,96,5
0014ef58,FUN_0014ef58,204,5
0014f028,FUN_0014f028,800,5
0014f348,FUN_0014f348,44,5
0014f498,FUN_0014f498,460,5
0014f668,FUN_0014f668,132,5
0014f708,FUN_0014f708,236,5
0014f7f8,FUN_0014f7f8,60,5
0014f838,FUN_0014f838,76,5
0014f888,FUN_0014f888,500,5
0014fa80,FUN_0014fa80,356,5
0014fbe8,FUN_0014fbe8,436,5
0014fda8,FUN_0014fda8,312,5
0014fee0,FUN_0014fee0,392,5
00150068,FUN_00150068,272,5
00150178,FUN_00150178,1468,5
00150738,FUN_00150738,128,6
001507b8,FUN_001507b8,48,6
001507e8,FUN_001507e8,788,6
00150b00,FUN_00150b00,616,6
00150d68,FUN_00150d68,560,6
00150f98,FUN_00150f98,752,6
00151288,FUN_00151288,280,6
001513a8,FUN_001513a8,592,6
001515f8,FUN_001515f8,432,6
001517a8,FUN_001517a8,52,6
001517e0,FUN_001517e0,488,6
001519c8,FUN_001519c8,288,6
00151ae8,FUN_00151ae8,84,6
00151b40,FUN_00151b40,368,6
00151cb0,FUN_00151cb0,428,6
00151e60,FUN_00151e60,32,6
00151e80,FUN_00151e80,384,6
00152000,FUN_00152000,68,6
001520e0,FUN_001520e0,40,6
00152108,FUN_00152108,64,6
00152148,FUN_00152148,108,6
001521b8,FUN_001521b8,972,6
00152588,FUN_00152588,248,6
00152690,FUN_00152690,8,6
00152698,FUN_00152698,144,6
00152728,FUN_00152728,332,6
00152878,FUN_00152878,64,6
001528b8,FUN_001528b8,44,6
001528e8,FUN_001528e8,72,6
00152930,FUN_00152930,84,6
00152988,FUN_00152988,68,6
001529d0,FUN_001529d0,124,6
00152a50,FUN_00152a50,276,6
00152b68,FUN_00152b68,72,6
00152bb0,FUN_00152bb0,508,6
00152db0,FUN_00152db0,52,6
00152de8,FUN_00152de8,80,6
00152e38,FUN_00152e38,68,6
00152e80,FUN_00152e80,468,6
00153058,FUN_00153058,28,6
00153078,FUN_00153078,32,6
00153098,FUN_00153098,28,6
001530b8,FUN_001530b8,32,6
001530e0,FUN_001530e0,176,6
00153190,FUN_00153190,40,6
001531b8,FUN_001531b8,8,6
001531c0,FUN_001531c0,8,6
001531c8,FUN_001531c8,12,6
001531d8,FUN_001531d8,128,6
00153258,FUN_00153258,180,6
00153310,FUN_00153310,272,6
00153420,FUN_00153420,24,6
00153438,FUN_00153438,16,6
00153448,FUN_00153448,92,6
001534a8,FUN_001534a8,224,6
00153588,FUN_00153588,36,6
001535b0,FUN_001535b0,224,6
00153690,FUN_00153690,28,6
001536b0,FUN_001536b0,8,6
001536b8,FUN_001536b8,40,6
001536e0,FUN_001536e0,44,6
00153710,FUN_00153710,28,6
00153730,FUN_00153730,32,6
00153758,FUN_00153758,1032,6
00153b60,FUN_00153b60,848,6
00153eb0,FUN_00153eb0,200,6
00153f78,FUN_00153f78,404,6
00154110,FUN_00154110,696,6
001543c8,FUN_001543c8,332,6
00154530,FUN_00154530,168,6
001545d8,FUN_001545d8,100,6
00154640,FUN_00154640,88,6
001546a0,FUN_001546a0,876,6
00154a10,FUN_00154a10,92,6
00154a70,FUN_00154a70,112,6
00154ae0,FUN_00154ae0,748,6
00154dd0,FUN_00154dd0,520,6
00154fd8,FUN_00154fd8,64,6
00155018,FUN_00155018,112,6
00155088,FUN_00155088,56,6
001550c0,FUN_001550c0,48,6
001550f0,FUN_001550f0,40,6
00155118,FUN_00155118,20,6
00155130,FUN_00155130,16,6
00155140,FUN_00155140,52,6
00155178,FUN_00155178,32,6
00155198,FUN_00155198,8,6
001551a0,FUN_001551a0,8,6
001551a8,FUN_001551a8,32,6
001551c8,FUN_001551c8,64,6
00155208,FUN_00155208,40,6
00155238,FUN_00155238,424,6
001553e0,FUN_001553e0,760,6
001556d8,FUN_001556d8,340,6
00155830,FUN_00155830,728,6
00155b08,FUN_00155b08,284,6
00155c28,FUN_00155c28,412,6
00155dc8,FUN_00155dc8,124,6
00155e48,FUN_00155e48,240,6
00155f38,FUN_00155f38,468,6
00156110,FUN_00156110,228,6
001561f8,FUN_001561f8,124,6
00156278,fe_FEZoomLevel_00156278,268,6
00156388,FUN_00156388,196,6
00156450,fe_FEZoomLevel_00156450,128,6
001564d0,FUN_001564d0,1356,6
00156a88,FUN_00156a88,532,6
00156ca0,FUN_00156ca0,192,6
00156d60,FUN_00156d60,28,6
00156d80,FUN_00156d80,64,6
00156dc0,FUN_00156dc0,176,6
00156e70,FUN_00156e70,12,6
00156e80,FUN_00156e80,12,6
00156e90,FUN_00156e90,112,6
00156f00,FUN_00156f00,12,6
00156f18,FUN_00156f18,180,6
00156fd0,FUN_00156fd0,1692,6
00157e10,FUN_00157e10,144,6
00157ea0,FUN_00157ea0,468,6
00158078,FUN_00158078,16,6
00158088,FUN_00158088,16,6
00158098,FUN_00158098,40,6
001580c0,FUN_001580c0,28,6
001580e0,FUN_001580e0,12,6
001580f0,FUN_001580f0,744,6
001583d8,FUN_001583d8,652,6
00158668,FUN_00158668,648,6
001588f0,FUN_001588f0,420,6
00158ae0,FUN_00158ae0,924,6
00158e80,FUN_00158e80,8,6
00158e88,FUN_00158e88,32,6
00158ea8,FUN_00158ea8,96,6
00158f08,FUN_00158f08,68,6
00158f50,FUN_00158f50,464,6
00159120,FUN_00159120,40,6
00159148,FUN_00159148,80,6
00159198,FUN_00159198,1952,6
00159938,FUN_00159938,428,6
00159ae8,FUN_00159ae8,1456,6
0015a098,FUN_0015a098,868,6
0015a400,FUN_0015a400,1068,6
0015a830,FUN_0015a830,160,6
0015a8d0,FUN_0015a8d0,100,6
0015a938,FUN_0015a938,12,6
0015a948,FUN_0015a948,68,6
0015a990,FUN_0015a990,208,6
0015aa60,FUN_0015aa60,836,6
0015ada8,FUN_0015ada8,636,6
0015b028,FUN_0015b028,236,6
0015b118,FUN_0015b118,580,6
0015b360,FUN_0015b360,1424,6
0015b8f0,FUN_0015b8f0,8,6
0015b8f8,FUN_0015b8f8,388,6
0015ba80,FUN_0015ba80,200,6
0015bb48,FUN_0015bb48,72,6
0015bb90,FUN_0015bb90,72,6
0015bbd8,FUN_0015bbd8,556,6
0015be08,FUN_0015be08,104,6
0015be70,FUN_0015be70,200,6
0015bf38,FUN_0015bf38,24,6
0015bf50,FUN_0015bf50,312,6
0015c088,FUN_0015c088,120,6
0015c100,FUN_0015c100,168,6
0015c1a8,FUN_0015c1a8,460,6
0015c378,FUN_0015c378,80,6
0015c3c8,FUN_0015c3c8,1368,6
0015c920,FUN_0015c920,80,6
0015c970,FUN_0015c970,316,6
0015cab0,FUN_0015cab0,240,6
0015cba0,FUN_0015cba0,160,6
0015cc40,FUN_0015cc40,644,6
0015cec8,FUN_0015cec8,40,6
0015cef0,FUN_0015cef0,240,6
0015cfe0,FUN_0015cfe0,124,6
0015d060,FUN_0015d060,308,6
0015d198,FUN_0015d198,120,6
0015d210,FUN_0015d210,24,6
0015d228,FUN_0015d228,28,6
0015d248,FUN_0015d248,64,6
0015d288,FUN_0015d288,28,6
0015d2a8,FUN_0015d2a8,28,6
0015d2c8,FUN_0015d2c8,28,6
0015d2e8,FUN_0015d2e8,36,6
0015d310,FUN_0015d310,92,6
0015d370,FUN_0015d370,100,6
0015d3d8,FUN_0015d3d8,8,6
0015d3e0,FUN_0015d3e0,92,6
0015d440,FUN_0015d440,476,6
0015d620,FUN_0015d620,300,6
0015d758,FUN_0015d758,188,6
0015d818,FUN_0015d818,52,6
0015d850,FUN_0015d850,28,6
0015d870,FUN_0015d870,228,6
0015d958,FUN_0015d958,5612,6
0015ef48,FUN_0015ef48,3704,6
0015fdc0,FUN_0015fdc0,1496,6
001603a0,FUN_001603a0,164,6
00160458,FUN_00160458,68,6
001604a0,FUN_001604a0,420,6
00160648,FUN_00160648,240,6
00160738,FUN_00160738,204,7
00160808,FUN_00160808,140,7
00160898,FUN_00160898,180,7
00160950,FUN_00160950,340,7
00160aa8,FUN_00160aa8,136,7
00160b30,FUN_00160b30,20,7
00160b48,FUN_00160b48,16,7
00160b60,FUN_00160b60,112,7
00160bd0,FUN_00160bd0,572,7
00160e10,FUN_00160e10,92,7
00160e70,FUN_00160e70,44,7
00160ea0,FUN_00160ea0,44,7
00160ed8,FUN_00160ed8,32,7
00160ef8,FUN_00160ef8,28,7
00160f20,FUN_00160f20,60,7
00160f60,FUN_00160f60,1004,7
00161350,FUN_00161350,32,7
00161418,FUN_00161418,72,7
00161460,FUN_00161460,32,7
001614e8,FUN_001614e8,72,7
00161530,FUN_00161530,32,7
001615a8,FUN_001615a8,72,7
001615f0,FUN_001615f0,108,7
00161660,FUN_00161660,72,7
001616a8,FUN_001616a8,132,7
00161730,FUN_00161730,72,7
00161778,FUN_00161778,144,7
00161808,FUN_00161808,280,7
00161920,FUN_00161920,28,7
00161940,FUN_00161940,76,7
00161990,FUN_00161990,32,7
00161aa8,FUN_00161aa8,68,7
00161af0,FUN_00161af0,452,7
00161cb8,FUN_00161cb8,32,7
00161d58,FUN_00161d58,28,7
00161d78,FUN_00161d78,76,7
00161dc8,FUN_00161dc8,32,7
00161ed0,FUN_00161ed0,28,7
00161ef0,FUN_00161ef0,60,7
00161f30,FUN_00161f30,32,7
00162160,FUN_00162160,72,7
001621a8,FUN_001621a8,172,7
00162258,FUN_00162258,80,7
001622a8,FUN_001622a8,32,7
00162310,FUN_00162310,168,7
001623b8,FUN_001623b8,100,7
00162420,FUN_00162420,128,7
001624a0,FUN_001624a0,32,7
001624c0,FUN_001624c0,176,7
00162570,FUN_00162570,8,7
00162580,FUN_00162580,96,7
001625e0,FUN_001625e0,28,7
00162600,FUN_00162600,132,7
00162688,FUN_00162688,64,7
001626d0,FUN_001626d0,100,7
00162738,FUN_00162738,28,7
00162758,FUN_00162758,76,7
001627a8,FUN_001627a8,32,7
001628c8,FUN_001628c8,28,7
001628e8,FUN_001628e8,76,7
00162938,FUN_00162938,32,7
00162a40,FUN_00162a40,28,7
00162a60,FUN_00162a60,92,7
00162ac0,FUN_00162ac0,32,7
00162cf0,FUN_00162cf0,28,7
00162d10,FUN_00162d10,92,7
00162d70,FUN_00162d70,32,7
00162f08,FUN_00162f08,28,7
00162f28,FUN_00162f28,92,7
00162f88,FUN_00162f88,32,7
001630e8,FUN_001630e8,72,7
00163130,FUN_00163130,32,7
001631b0,FUN_001631b0,72,7
001631f8,FUN_001631f8,52,7
00163230,FUN_00163230,28,7
00163250,FUN_00163250,100,7
001632b8,FUN_001632b8,40,7
001632e0,FUN_001632e0,20,7
001632f8,FUN_001632f8,48,7
00163328,FUN_00163328,364,7
00163498,FUN_00163498,60,7
001634d8,FUN_001634d8,84,7
00163530,FUN_00163530,32,7
00163550,FUN_00163550,44,7
00163580,FUN_00163580,76,7
001635d0,FUN_001635d0,84,7
00163628,FUN_00163628,144,7
001636b8,FUN_001636b8,272,7
001637c8,FUN_001637c8,64,7
00163808,FUN_00163808,60,7
00163848,FUN_00163848,164,7
001638f0,FUN_001638f0,456,7
00163ab8,FUN_00163ab8,64,7
00163af8,FUN_00163af8,84,7
00163b50,FUN_00163b50,216,7
00163c28,FUN_00163c28,48,7
00163c58,FUN_00163c58,52,7
00163cc8,FUN_00163cc8,60,7
00163d08,FUN_00163d08,160,7
00163de8,FUN_00163de8,28,7
00163e08,FUN_00163e08,124,7
00163e88,FUN_00163e88,32,7
00163f30,FUN_00163f30,152,7
00163fd0,FUN_00163fd0,164,7
00164078,FUN_00164078,88,7
001640d0,FUN_001640d0,212,7
001641a8,FUN_001641a8,140,7
00164238,FUN_00164238,16,7
00164248,FUN_00164248,28,7
00164268,FUN_00164268,736,7
00164548,FUN_00164548,788,7
00164860,FUN_00164860,84,7
001648b8,FUN_001648b8,32,7
001648e0,FUN_001648e0,28,7
00164900,FUN_00164900,700,7
00164bc0,FUN_00164bc0,368,7
00164d30,FUN_00164d30,60,7
00164d70,FUN_00164d70,84,7
00164dc8,FUN_00164dc8,32,7
00164df0,FUN_00164df0,76,7
00164e40,FUN_00164e40,16,7
00164e50,FUN_00164e50,28,7
00164e70,FUN_00164e70,224,7
00164f50,FUN_00164f50,348,7
001650b8,FUN_001650b8,60,7
001650f8,FUN_001650f8,76,7
00165148,FUN_00165148,32,7
001651d0,FUN_001651d0,64,7
00165210,FUN_00165210,84,7
00165268,FUN_00165268,80,7
001652b8,FUN_001652b8,32,7
001652f0,FUN_001652f0,64,7
00165330,FUN_00165330,76,7
00165380,FUN_00165380,32,7
001653f0,FUN_001653f0,60,7
00165430,FUN_00165430,704,7
001656f0,FUN_001656f0,656,7
00165980,FUN_00165980,96,7
001659e0,FUN_001659e0,84,7
00165a38,FUN_00165a38,32,7
00165a60,FUN_00165a60,68,7
00165aa8,FUN_00165aa8,56,7
00165ae0,FUN_00165ae0,24,7
00165af8,FUN_00165af8,8,7
00165b00,FUN_00165b00,132,7
00165b98,FUN_00165b98,20,7
00165bb0,FUN_00165bb0,24,7
00165bc8,FUN_00165bc8,120,7
00165c40,FUN_00165c40,52,7
00165c78,FUN_00165c78,60,7
00165cc0,FUN_00165cc0,292,7
00165de8,FUN_00165de8,8,7
00165df0,FUN_00165df0,316,7
00165f30,FUN_00165f30,2260,7
00166808,FUN_00166808,1012,7
00166c00,FUN_00166c00,44,7
00166c30,FUN_00166c30,44,7
00166c60,FUN_00166c60,44,7
00166c90,FUN_00166c90,44,7
00166cc0,FUN_00166cc0,44,7
00166cf0,FUN_00166cf0,44,7
00166d20,FUN_00166d20,44,7
00166d50,FUN_00166d50,44,7
00166d80,FUN_00166d80,44,7
00166db0,FUN_00166db0,44,7
00166de0,FUN_00166de0,44,7
00166e10,FUN_00166e10,44,7
00166e40,FUN_00166e40,44,7
00166e70,FUN_00166e70,44,7
00166ea0,FUN_00166ea0,44,7
00166ed0,FUN_00166ed0,44,7
00166f00,FUN_00166f00,44,7
00166f30,FUN_00166f30,44,7
00166f60,FUN_00166f60,32,7
00166f80,FUN_00166f80,32,7
00166fa0,FUN_00166fa0,32,7
00166fc0,FUN_00166fc0,32,7
00166fe0,FUN_00166fe0,32,7
00167000,FUN_00167000,136,7
00167088,FUN_00167088,32,7
001670a8,FUN_001670a8,32,7
001670c8,FUN_001670c8,32,7
001670e8,FUN_001670e8,32,7
00167108,FUN_00167108,32,7
00167128,FUN_00167128,32,7
00167148,FUN_00167148,32,7
00167168,FUN_00167168,32,7
00167188,FUN_00167188,32,7
001671a8,FUN_001671a8,32,7
001671c8,FUN_001671c8,32,7
001671e8,FUN_001671e8,32,7
00167208,FUN_00167208,2056,7
00167a10,FUN_00167a10,152,7
00167aa8,FUN_00167aa8,2924,7
00168618,FUN_00168618,4736,7
00169898,FUN_00169898,132,7
00169920,FUN_00169920,132,7
001699a8,FUN_001699a8,240,7
00169aa0,FUN_00169aa0,228,7
00169b88,FUN_00169b88,68,7
00169bd0,FUN_00169bd0,20,8
00169be8,FUN_00169be8,8,8
00169bf0,FUN_00169bf0,28,8
00169c10,FUN_00169c10,272,8
00169d48,FUN_00169d48,60,8
00169d88,FUN_00169d88,296,8
00169eb8,FUN_00169eb8,32,8
00169ef8,FUN_00169ef8,60,8
00169f38,FUN_00169f38,788,8
0016a250,FUN_0016a250,164,8
0016a2f8,FUN_0016a2f8,456,8
0016a4c0,FUN_0016a4c0,292,8
0016a5e8,FUN_0016a5e8,308,8
0016a720,FUN_0016a720,84,8
0016a778,FUN_0016a778,32,8
0016a7a0,FUN_0016a7a0,28,8
0016a7c0,FUN_0016a7c0,696,8
0016aa78,FUN_0016aa78,156,8
0016ab18,FUN_0016ab18,32,8
0016ab58,FUN_0016ab58,68,8
0016aba0,FUN_0016aba0,8,8
0016aba8,FUN_0016aba8,92,8
0016ac08,FUN_0016ac08,140,8
0016ac98,FUN_0016ac98,28,8
0016acb8,FUN_0016acb8,92,8
0016ad18,FUN_0016ad18,32,8
0016ade0,FUN_0016ade0,36,8
0016ae08,FUN_0016ae08,424,8
0016afb0,FUN_0016afb0,360,8
0016b118,FUN_0016b118,988,8
0016b4f8,FUN_0016b4f8,152,8
0016b590,FUN_0016b590,76,8
0016b5e0,FUN_0016b5e0,76,8
0016b630,FUN_0016b630,52,8
0016b670,FUN_0016b670,32,8
0016b690,FUN_0016b690,128,8
0016b710,FUN_0016b710,28,8
0016b730,FUN_0016b730,36,8
0016b758,FUN_0016b758,28,8
0016b778,FUN_0016b778,16,8
0016b788,FUN_0016b788,16,8
0016b798,FUN_0016b798,8,8
0016b7a0,FUN_0016b7a0,632,8
0016ba18,FUN_0016ba18,480,8
0016bbf8,FUN_0016bbf8,524,8
0016be08,FUN_0016be08,8,8
0016be10,FUN_0016be10,76,8
0016be60,FUN_0016be60,68,8
0016bea8,FUN_0016bea8,52,8
0016bee0,FUN_0016bee0,828,8
0016c220,FUN_0016c220,44,8
0016c250,FUN_0016c250,84,8
0016c2a8,FUN_0016c2a8,212,8
0016c380,FUN_0016c380,52,8
0016c3b8,FUN_0016c3b8,836,8
0016c700,FUN_0016c700,8,8
0016c708,FUN_0016c708,28,8
0016c728,FUN_0016c728,704,8
0016c9e8,FUN_0016c9e8,356,8
0016cb50,FUN_0016cb50,308,8
0016cc88,FUN_0016cc88,104,8
0016ccf0,FUN_0016ccf0,32,8
0016cd58,FUN_0016cd58,108,8
0016cdc8,FUN_0016cdc8,548,8
0016cff0,FUN_0016cff0,520,8
0016d1f8,FUN_0016d1f8,1384,8
0016d760,FUN_0016d760,56,8
0016d798,FUN_0016d798,56,8
0016d7d0,FUN_0016d7d0,32,8
0016d7f0,FUN_0016d7f0,356,8
0016d958,FUN_0016d958,512,8
0016db58,FUN_0016db58,296,8
0016dc80,FUN_0016dc80,228,8
0016dd68,FUN_0016dd68,72,8
0016ddb0,FUN_0016ddb0,20,8
0016ddc8,FUN_0016ddc8,24,8
0016dde0,FUN_0016dde0,24,8
0016ddf8,FUN_0016ddf8,116,8
0016de70,FUN_0016de70,128,8
0016def0,FUN_0016def0,188,8
0016dfb0,FUN_0016dfb0,84,8
0016e008,FUN_0016e008,180,8
0016e0c0,FUN_0016e0c0,136,8
0016e148,FUN_0016e148,176,8
0016e1f8,FUN_0016e1f8,88,8
0016e250,FUN_0016e250,104,8
0016e2b8,FUN_0016e2b8,96,8
0016e318,FUN_0016e318,168,8
0016e3c0,FUN_0016e3c0,112,8
0016e430,FUN_0016e430,344,8
0016e588,FUN_0016e588,212,8
0016e660,FUN_0016e660,76,8
0016e6b0,FUN_0016e6b0,120,8
0016e728,FUN_0016e728,84,8
0016e780,FUN_0016e780,36,8
0016e7a8,FUN_0016e7a8,76,8
0016e7f8,FUN_0016e7f8,36,8
0016e820,FUN_0016e820,260,8
0016e928,FUN_0016e928,228,8
0016ea10,FUN_0016ea10,112,8
0016ea80,FUN_0016ea80,52,8
0016eab8,FUN_0016eab8,20,8
0016ead0,FUN_0016ead0,88,8
0016eb28,FUN_0016eb28,84,8
0016eb80,FUN_0016eb80,248,8
0016ec78,FUN_0016ec78,260,8
0016ed80,FUN_0016ed80,108,8
0016edf0,FUN_0016edf0,72,8
0016ee38,FUN_0016ee38,56,8
0016ee70,FUN_0016ee70,28,8
0016ef00,FUN_0016ef00,1228,8
0016f3d0,FUN_0016f3d0,1496,8
0016f9a8,FUN_0016f9a8,140,8
0016fa38,FUN_0016fa38,24,8
0016fa50,FUN_0016fa50,96,8
0016fab0,FUN_0016fab0,100,8
0016fb18,FUN_0016fb18,44,8
0016fb48,FUN_0016fb48,16,8
0016fb58,FUN_0016fb58,8,8
0016fb60,FUN_0016fb60,8,8
0016fb68,FUN_0016fb68,528,8
0016fd78,FUN_0016fd78,424,8
0016ff20,FUN_0016ff20,268,8
00170030,FUN_00170030,96,8
00170090,FUN_00170090,92,8
001700f8,FUN_001700f8,128,8
00170178,FUN_00170178,52,8
001701b0,FUN_001701b0,32,8
001701d8,FUN_001701d8,128,8
00170258,FUN_00170258,196,8
00170320,FUN_00170320,840,8
00170670,FUN_00170670,12,8
00170680,FUN_00170680,52,8
001706c0,FUN_001706c0,128,8
00170740,FUN_00170740,88,8
00170798,FUN_00170798,60,8
001707d8,FUN_001707d8,96,8
00170838,FUN_00170838,1108,8
00170c90,FUN_00170c90,72,8
00170cd8,FUN_00170cd8,72,8
00170d20,FUN_00170d20,1008,8
00171110,FUN_00171110,68,8
00171168,FUN_00171168,148,8
00171200,FUN_00171200,64,8
00171240,FUN_00171240,340,8
00171398,FUN_00171398,960,8
00171788,FUN_00171788,96,8
001717e8,FUN_001717e8,96,8
00171848,FUN_00171848,124,8
001718c8,FUN_001718c8,8,8
001718d0,FUN_001718d0,68,8
00171918,FUN_00171918,240,8
00171a08,FUN_00171a08,52,8
00171a40,FUN_00171a40,32,8
00171a68,FUN_00171a68,128,8
00171ae8,FUN_00171ae8,148,8
00171b80,FUN_00171b80,292,8
00171ca8,FUN_00171ca8,8,8
00171cb0,FUN_00171cb0,8,8
00171cb8,FUN_00171cb8,104,8
00171d20,FUN_00171d20,104,8
00171d88,FUN_00171d88,140,8
00171e18,FUN_00171e18,180,8
00171ed0,FUN_00171ed0,776,8
001723e8,FUN_001723e8,48,8
00172418,FUN_00172418,252,8
00172528,FUN_00172528,28,8
00172548,FUN_00172548,108,8
001725b8,FUN_001725b8,84,8
00172610,FUN_00172610,8,8
00172618,FUN_00172618,8,8
00172620,FUN_00172620,8,8
00172640,FUN_00172640,96,8
001726a0,FUN_001726a0,96,8
00172700,FUN_00172700,8,8
00172708,FUN_00172708,180,8
001727c0,FUN_001727c0,84,8
00172830,FUN_00172830,452,8
001729f8,FUN_001729f8,520,8
00172c00,FUN_00172c00,20,8
00172c18,FUN_00172c18,52,8
00172c50,FUN_00172c50,56,8
00172c88,FUN_00172c88,416,8
00172e28,FUN_00172e28,84,8
00172e80,FUN_00172e80,84,8
00172ed8,FUN_00172ed8,132,8
00172f60,FUN_00172f60,124,8
00172fe0,FUN_00172fe0,68,8
00173028,FUN_00173028,316,8
00173168,FUN_00173168,28,8
00173190,FUN_00173190,8,8
00173198,FUN_00173198,140,8
00173228,FUN_00173228,328,8
00173370,FUN_00173370,224,8
00173450,FUN_00173450,56,8
00173488,FUN_00173488,216,8
00173560,FUN_00173560,124,8
001735e0,FUN_001735e0,44,8
00173610,FUN_00173610,44,8
00173640,FUN_00173640,24,8
00173658,FUN_00173658,32,9
00173678,FUN_00173678,24,9
00173690,FUN_00173690,16,9
001736a0,FUN_001736a0,16,9
001736b0,FUN_001736b0,8,9
001736b8,FUN_001736b8,144,9
00173748,FUN_00173748,660,9
001739e0,FUN_001739e0,848,9
00173d38,FUN_00173d38,68,9
00173d80,FUN_00173d80,152,9
00173e18,FUN_00173e18,24,9
00173e30,FUN_00173e30,176,9
00173ee0,FUN_00173ee0,56,9
00173f18,FUN_00173f18,60,9
00173f58,FUN_00173f58,32,9
00173f80,FUN_00173f80,24,9
00173f98,FUN_00173f98,28,9
00173fb8,FUN_00173fb8,24,9
00173fe8,FUN_00173fe8,12,9
00173ff8,FUN_00173ff8,32,9
00174018,FUN_00174018,36,9
00174040,FUN_00174040,96,9
001740a0,FUN_001740a0,100,9
00174108,FUN_00174108,8,9
00174110,FUN_00174110,36,9
00174138,FUN_00174138,28,9
00174158,FUN_00174158,184,9
00174210,FUN_00174210,8,9
00174218,FUN_00174218,16,9
00174228,FUN_00174228,140,9
001742b8,FUN_001742b8,100,9
00174320,FUN_00174320,120,9
00174398,FUN_00174398,8,9
001743a0,FUN_001743a0,28,9
001743c0,FUN_001743c0,48,9
001743f0,FUN_001743f0,60,9
00174430,FUN_00174430,324,9
00174578,FUN_00174578,296,9
001746a0,FUN_001746a0,32,9
001746c8,FUN_001746c8,12,9
001746d8,FUN_001746d8,8,9
001746e0,FUN_001746e0,92,9
00174740,FUN_00174740,144,9
001747d0,FUN_001747d0,136,9
00174858,FUN_00174858,216,9
00174930,FUN_00174930,92,9
00174990,FUN_00174990,56,9
001749c8,FUN_001749c8,28,9
001749e8,FUN_001749e8,24,9
00174a00,FUN_00174a00,128,9
00174a80,FUN_00174a80,76,9
00174ad8,FUN_00174ad8,24,9
00174af0,FUN_00174af0,48,9
00174b20,FUN_00174b20,52,9
00174b58,FUN_00174b58,68,9
00174ba0,FUN_00174ba0,72,9
00174be8,FUN_00174be8,28,9
00174c08,FUN_00174c08,208,9
00174cd8,FUN_00174cd8,112,9
00174d48,FUN_00174d48,128,9
00174dd0,FUN_00174dd0,28,9
00174df0,FUN_00174df0,232,9
00174ee0,FUN_00174ee0,64,9
00174f20,FUN_00174f20,144,9
00174fb0,FUN_00174fb0,60,9
00174ff0,FUN_00174ff0,156,9
00175090,FUN_00175090,88,9
001750e8,FUN_001750e8,112,9
00175160,FUN_00175160,64,9
001751a0,FUN_001751a0,64,9
001751e0,FUN_001751e0,112,9
00175250,FUN_00175250,128,9
001752d8,FUN_001752d8,28,9
001752f8,FUN_001752f8,72,9
00175348,FUN_00175348,112,9
001753b8,FUN_001753b8,128,9
00175440,FUN_00175440,28,9
00175460,FUN_00175460,72,9
001754b0,FUN_001754b0,112,9
00175520,FUN_00175520,128,9
001755a8,FUN_001755a8,28,9
001755c8,FUN_001755c8,84,9
00175648,FUN_00175648,28,9
00175668,FUN_00175668,72,9
001756b8,FUN_001756b8,8,9
001756c0,FUN_001756c0,144,9
00175750,FUN_00175750,476,9
00175930,FUN_00175930,80,9
00175980,FUN_00175980,124,9
00175a00,FUN_00175a00,184,9
00175ab8,FUN_00175ab8,164,9
00175b60,FUN_00175b60,76,9
00175bb0,FUN_00175bb0,64,9
00175bf0,FUN_00175bf0,60,9
00175c30,FUN_00175c30,48,9
00175c60,FUN_00175c60,344,9
00175db8,FUN_00175db8,196,9
00175e80,FUN_00175e80,120,9
00175ef8,FUN_00175ef8,24,9
00175f10,FUN_00175f10,36,9
00175f38,FUN_00175f38,8,9
00175f40,FUN_00175f40,8,9
00175f48,FUN_00175f48,8,9
00175f50,FUN_00175f50,40,9
00175f78,FUN_00175f78,40,9
00175fa0,FUN_00175fa0,696,9
00176258,FUN_00176258,180,9
00176310,FUN_00176310,312,9
00176448,FUN_00176448,24,9
00176460,FUN_00176460,36,9
00176488,FUN_00176488,96,9
001764e8,FUN_001764e8,320,9
00176628,FUN_00176628,168,9
001766d0,FUN_001766d0,84,9
00176730,FUN_00176730,56,9
00176770,FUN_00176770,352,9
001768d0,FUN_001768d0,164,9
00176978,FUN_00176978,256,9
00176a78,FUN_00176a78,100,9
00176ae0,FUN_00176ae0,12,9
00176af0,FUN_00176af0,92,9
00176b50,FUN_00176b50,96,9
00176bb0,FUN_00176bb0,188,9
00176c70,FUN_00176c70,140,9
00176d00,FUN_00176d00,8,9
00176d08,FUN_00176d08,8,9
00176d10,FUN_00176d10,8,9
00176d18,FUN_00176d18,116,9
00176d90,FUN_00176d90,60,9
00176dd0,FUN_00176dd0,108,9
00176e40,FUN_00176e40,88,9
00176ea0,FUN_00176ea0,60,9
00176ee0,FUN_00176ee0,28,9
00176f00,FUN_00176f00,28,9
00176f20,FUN_00176f20,12,9
00176f30,FUN_00176f30,8,9
00176f38,FUN_00176f38,40,9
00176f60,FUN_00176f60,8,9
00176f70,FUN_00176f70,24,9
00176f88,FUN_00176f88,28,9
00176fb0,FUN_00176fb0,44,9
00176fe8,FUN_00176fe8,8,9
00176ff0,FUN_00176ff0,60,9
00177030,FUN_00177030,164,9
001770d8,FUN_001770d8,8,9
001770e0,FUN_001770e0,92,9
00177140,FUN_00177140,8,9
00177148,FUN_00177148,92,9
001771a8,FUN_001771a8,56,9
001771e0,FUN_001771e0,12,9
001771f0,FUN_001771f0,72,9
00177238,FUN_00177238,28,9
00177258,FUN_00177258,248,9
00177350,FUN_00177350,288,9
00177470,FUN_00177470,556,9
001776a0,FUN_001776a0,168,9
00177750,FUN_00177750,48,9
00177780,FUN_00177780,80,9
001777d0,FUN_001777d0,48,9
00177800,FUN_00177800,168,9
001778a8,FUN_001778a8,136,9
00177930,FUN_00177930,84,9
00177988,FUN_00177988,56,9
001779c0,FUN_001779c0,16,9
001779d0,FUN_001779d0,12,9
001779e0,FUN_001779e0,8,9
001779e8,FUN_001779e8,136,9
00177a70,FUN_00177a70,40,9
00177a98,FUN_00177a98,8,9
00177aa0,FUN_00177aa0,44,9
00177ad0,FUN_00177ad0,8,9
00177ad8,FUN_00177ad8,36,9
00177b00,FUN_00177b00,32,9
00177b20,FUN_00177b20,36,9
00177b48,FUN_00177b48,32,9
00177b68,FUN_00177b68,24,9
00177b80,FUN_00177b80,24,9
00177ba0,FUN_00177ba0,100,9
00177c08,FUN_00177c08,8,9
00177c10,FUN_00177c10,52,9
00177c48,FUN_00177c48,44,9
00177c78,FUN_00177c78,20,9
00177c90,FUN_00177c90,72,9
00177cd8,FUN_00177cd8,52,9
00177d10,FUN_00177d10,128,9
00177d90,FUN_00177d90,8,9
00177d98,FUN_00177d98,64,9
00177dd8,FUN_00177dd8,8,9
00177de0,FUN_00177de0,128,9
00177e60,FUN_00177e60,8,9
00177e68,FUN_00177e68,8,9
00177e70,FUN_00177e70,40,9
00177e98,FUN_00177e98,80,9
00177ee8,FUN_00177ee8,48,9
00177f18,FUN_00177f18,72,9
00177f60,FUN_00177f60,344,9
001780b8,FUN_001780b8,656,9
00178350,FUN_00178350,72,9
00178398,FUN_00178398,68,9
001783e0,FUN_001783e0,8,9
001783e8,FUN_001783e8,12,10
001783f8,FUN_001783f8,8,10
00178400,FUN_00178400,8,10
00178408,FUN_00178408,228,10
001784f0,FUN_001784f0,256,10
001785f0,FUN_001785f0,92,10
00178650,FUN_00178650,92,10
001786b0,FUN_001786b0,104,10
00178718,FUN_00178718,104,10
00178780,FUN_00178780,104,10
001787e8,FUN_001787e8,88,10
00178840,FUN_00178840,104,10
001788a8,FUN_001788a8,104,10
00178910,FUN_00178910,104,10
00178978,FUN_00178978,364,10
00178ae8,FUN_00178ae8,212,10
00178bc0,FUN_00178bc0,364,10
00178d30,FUN_00178d30,172,10
00178de0,FUN_00178de0,108,10
00178e60,FUN_00178e60,184,10
00178f18,FUN_00178f18,12,10
00178f28,FUN_00178f28,40,10
00178f50,FUN_00178f50,120,10
00178fc8,FUN_00178fc8,16,10
00178fd8,FUN_00178fd8,36,10
00179000,FUN_00179000,16,10
00179010,FUN_00179010,8,10
00179018,FUN_00179018,52,10
00179050,FUN_00179050,8,10
00179058,FUN_00179058,8,10
00179060,FUN_00179060,108,10
001790d0,FUN_001790d0,108,10
00179140,FUN_00179140,152,10
001791d8,FUN_001791d8,92,10
00179238,FUN_00179238,28,10
00179258,FUN_00179258,20,10
00179270,FUN_00179270,56,10
001792b0,FUN_001792b0,60,10
00179300,FUN_00179300,192,10
001793c0,FUN_001793c0,40,10
001793e8,FUN_001793e8,16,10
001793f8,FUN_001793f8,8,10
00179400,FUN_00179400,80,10
00179450,FUN_00179450,60,10
00179490,FUN_00179490,12,10
001794a0,FUN_001794a0,12,10
001794b0,FUN_001794b0,236,10
001795a0,FUN_001795a0,160,10
00179640,FUN_00179640,12,10
00179650,FUN_00179650,24,10
00179668,FUN_00179668,20,10
00179680,FUN_00179680,20,10
00179698,FUN_00179698,20,10
001796b0,FUN_001796b0,20,10
001796c8,FUN_001796c8,20,10
001796e0,FUN_001796e0,40,10
00179708,FUN_00179708,172,10
001797b8,FUN_001797b8,40,10
001797e0,FUN_001797e0,28,10
00179800,FUN_00179800,348,10
00179960,FUN_00179960,128,10
001799e0,FUN_001799e0,348,10
00179b40,FUN_00179b40,8,10
00179b48,FUN_00179b48,8,10
00179b50,FUN_00179b50,8,10
00179b58,FUN_00179b58,8,10
00179b60,FUN_00179b60,108,10
00179bd0,FUN_00179bd0,140,10
00179c60,FUN_00179c60,40,10
00179c88,FUN_00179c88,52,10
00179cc0,FUN_00179cc0,12,10
00179cd0,FUN_00179cd0,12,10
00179ce0,FUN_00179ce0,92,10
00179d40,FUN_00179d40,24,10
00179d58,FUN_00179d58,248,10
00179e50,FUN_00179e50,116,10
00179ed0,FUN_00179ed0,32,10
00179ef0,FUN_00179ef0,36,10
00179f18,FUN_00179f18,72,10
00179f60,FUN_00179f60,112,10
00179fd0,FUN_00179fd0,56,10
0017a008,FUN_0017a008,156,10
0017a0a8,FUN_0017a0a8,196,10
0017a170,FUN_0017a170,176,10
0017a220,FUN_0017a220,256,10
0017a320,FUN_0017a320,128,10
0017a3a0,FUN_0017a3a0,264,10
0017a4a8,FUN_0017a4a8,224,10
0017a588,FUN_0017a588,404,10
0017a720,FUN_0017a720,440,10
0017a8d8,FUN_0017a8d8,164,10
0017a980,FUN_0017a980,16,10
0017a990,FUN_0017a990,52,10
0017a9c8,FUN_0017a9c8,44,10
0017a9f8,FUN_0017a9f8,328,10
0017ab40,FUN_0017ab40,916,10
0017aed8,FUN_0017aed8,72,10
0017af20,FUN_0017af20,184,10
0017afd8,FUN_0017afd8,228,10
0017b0c0,FUN_0017b0c0,28,10
0017b0e0,FUN_0017b0e0,48,10
0017b110,FUN_0017b110,28,10
0017b130,FUN_0017b130,8,10
0017b138,FUN_0017b138,28,10
0017b158,FUN_0017b158,28,10
0017b178,FUN_0017b178,28,10
0017b198,FUN_0017b198,132,10
0017b220,FUN_0017b220,28,10
0017b240,FUN_0017b240,28,10
0017b260,FUN_0017b260,8,10
0017b268,FUN_0017b268,36,10
0017b290,FUN_0017b290,124,10
0017b310,FUN_0017b310,72,10
0017b358,FUN_0017b358,44,10
0017b388,FUN_0017b388,56,10
0017b3c0,FUN_0017b3c0,12,10
0017b3d0,FUN_0017b3d0,28,10
0017b3f0,FUN_0017b3f0,316,10
0017b530,FUN_0017b530,184,10
0017b5e8,FUN_0017b5e8,124,10
0017b668,FUN_0017b668,28,10
0017b688,FUN_0017b688,52,10
0017b6c0,FUN_0017b6c0,44,10
0017b6f0,FUN_0017b6f0,8,10
0017b6f8,FUN_0017b6f8,216,10
0017b7d0,FUN_0017b7d0,216,10
0017b8a8,FUN_0017b8a8,64,10
0017b8e8,FUN_0017b8e8,28,10
0017b908,FUN_0017b908,40,10
0017b930,FUN_0017b930,104,10
0017b998,FUN_0017b998,100,10
0017ba00,FUN_0017ba00,52,10
0017ba38,FUN_0017ba38,40,10
0017baa0,FUN_0017baa0,316,10
0017bbe0,FUN_0017bbe0,8,10
0017bbe8,FUN_0017bbe8,48,10
0017bc18,FUN_0017bc18,192,10
0017bcd8,FUN_0017bcd8,52,10
0017bd10,FUN_0017bd10,176,10
0017bdc0,FUN_0017bdc0,48,10
0017bdf0,FUN_0017bdf0,80,10
0017be40,FUN_0017be40,2520,10
0017c828,FUN_0017c828,220,10
0017c908,FUN_0017c908,228,10
0017c9f0,FUN_0017c9f0,8,10
0017c9f8,FUN_0017c9f8,256,10
0017caf8,FUN_0017caf8,2484,10
0017d4b0,FUN_0017d4b0,756,10
0017d7a8,FUN_0017d7a8,808,10
0017dad0,FUN_0017dad0,60,10
0017db18,FUN_0017db18,52,10
0017db50,FUN_0017db50,72,10
0017db98,FUN_0017db98,692,10
0017de50,FUN_0017de50,1492,10
0017e428,FUN_0017e428,96,10
0017e488,FUN_0017e488,284,10
0017e5a8,FUN_0017e5a8,12,10
0017e5b8,FUN_0017e5b8,340,10
0017e710,FUN_0017e710,92,10
0017e770,FUN_0017e770,140,10
0017e800,FUN_0017e800,92,10
0017e860,FUN_0017e860,260,10
0017e968,FUN_0017e968,260,10
0017ea70,FUN_0017ea70,96,10
0017ead0,FUN_0017ead0,452,10
0017ec98,FUN_0017ec98,872,10
0017f000,FUN_0017f000,664,10
0017f298,FUN_0017f298,508,10
0017f498,FUN_0017f498,644,10
0017f720,FUN_0017f720,328,10
0017f868,FUN_0017f868,496,10
0017fa58,FUN_0017fa58,32,10
0017fa78,FUN_0017fa78,80,10
0017fac8,FUN_0017fac8,156,10
0017fb68,FUN_0017fb68,8,10
0017fb70,FUN_0017fb70,8,10
0017fb78,FUN_0017fb78,172,10
0017fc28,FUN_0017fc28,8,10
0017fc30,FUN_0017fc30,60,10
0017fc70,FUN_0017fc70,104,10
0017fcd8,FUN_0017fcd8,848,10
00180028,FUN_00180028,68,10
00180070,FUN_00180070,8,10
00180078,FUN_00180078,12,10
00180090,FUN_00180090,40,10
001800b8,FUN_001800b8,816,10
001803e8,FUN_001803e8,76,10
00180438,FUN_00180438,148,10
001804d0,FUN_001804d0,40,10
001804f8,FUN_001804f8,276,10
00180610,FUN_00180610,104,10
00180678,FUN_00180678,84,10
001806d0,FUN_001806d0,508,10
001808d0,FUN_001808d0,8,10
001808d8,FUN_001808d8,240,10
001809c8,FUN_001809c8,36,10
001809f0,FUN_001809f0,12,10
00180a00,FUN_00180a00,12,10
00180a10,FUN_00180a10,28,10
00180a30,FUN_00180a30,12,10
00180a48,FUN_00180a48,88,11
00180aa0,FUN_00180aa0,64,11
00180ae0,FUN_00180ae0,84,11
00180b38,FUN_00180b38,8,11
00180b40,FUN_00180b40,48,11
00180b70,FUN_00180b70,80,11
00180bc0,FUN_00180bc0,260,11
00180cc8,FUN_00180cc8,8,11
00180cd8,FUN_00180cd8,508,11
00180ed8,FUN_00180ed8,52,11
00180f10,FUN_00180f10,8,11
00180f18,FUN_00180f18,12,11
00180f28,FUN_00180f28,172,11
00180fe0,FUN_00180fe0,68,11
00181028,FUN_00181028,8,11
00181030,FUN_00181030,792,11
00181348,FUN_00181348,208,11
00181418,FUN_00181418,84,11
00181470,FUN_00181470,116,11
001814e8,FUN_001814e8,116,11
00181560,FUN_00181560,116,11
001815d8,FUN_001815d8,132,11
00181660,FUN_00181660,428,11
00181810,FUN_00181810,148,11
001818a8,FUN_001818a8,96,11
00181908,FUN_00181908,84,11
00181960,FUN_00181960,48,11
00181990,FUN_00181990,92,11
001819f0,FUN_001819f0,36,11
00181a18,FUN_00181a18,120,11
00181a90,FUN_00181a90,32,11
00181ab0,FUN_00181ab0,28,11
00181ad0,FUN_00181ad0,56,11
00181b08,FUN_00181b08,128,11
00181b88,FUN_00181b88,148,11
00181c20,FUN_00181c20,252,11
00181d20,FUN_00181d20,124,11
00181da0,FUN_00181da0,88,11
00181df8,FUN_00181df8,236,11
00181ee8,FUN_00181ee8,56,11
00181f20,FUN_00181f20,8,11
00181f28,FUN_00181f28,28,11
00181f48,FUN_00181f48,160,11
00181fe8,FUN_00181fe8,8,11
00181ff0,FUN_00181ff0,132,11
00182078,FUN_00182078,192,11
00182138,FUN_00182138,32,11
00182158,FUN_00182158,280,11
00182270,FUN_00182270,164,11
00182318,FUN_00182318,8,11
00182320,FUN_00182320,96,11
00182380,FUN_00182380,44,11
001823b0,FUN_001823b0,96,11
00182410,FUN_00182410,244,11
00182510,FUN_00182510,56,11
00182550,FUN_00182550,92,11
001825b0,FUN_001825b0,84,11
00182608,FUN_00182608,96,11
00182668,FUN_00182668,600,11
001828c0,FUN_001828c0,156,11
00182960,FUN_00182960,8,11
00182968,FUN_00182968,56,11
001829a0,FUN_001829a0,8,11
001829a8,FUN_001829a8,64,11
001829e8,FUN_001829e8,36,11
00182a10,FUN_00182a10,44,11
00182a40,FUN_00182a40,28,11
00182a60,FUN_00182a60,316,11
00182ba0,FUN_00182ba0,40,11
00182bc8,FUN_00182bc8,352,11
00182d28,FUN_00182d28,44,11
00182d68,FUN_00182d68,76,11
00182db8,FUN_00182db8,236,11
00182ea8,FUN_00182ea8,60,11
00182ef0,FUN_00182ef0,396,11
00183080,FUN_00183080,28,11
001830a0,FUN_001830a0,28,11
001830c0,FUN_001830c0,16,11
001830d0,FUN_001830d0,32,11
001830f0,FUN_001830f0,32,11
00183110,FUN_00183110,80,11
00183160,FUN_00183160,116,11
001831d8,FUN_001831d8,8,11
001831e0,FUN_001831e0,84,11
00183238,FUN_00183238,36,11
00183260,FUN_00183260,288,11
00183380,FUN_00183380,300,11
001834b0,FUN_001834b0,36,11
001834d8,FUN_001834d8,8,11
001834e0,FUN_001834e0,8,11
001834e8,FUN_001834e8,20,11
00183500,FUN_00183500,28,11
00183520,FUN_00183520,56,11
00183558,FUN_00183558,32,11
00183578,FUN_00183578,60,11
001835b8,FUN_001835b8,92,11
00183618,FUN_00183618,112,11
00183688,FUN_00183688,32,11
001836a8,FUN_001836a8,104,11
00183710,FUN_00183710,56,11
00183748,FUN_00183748,272,11
00183858,FUN_00183858,44,11
00183888,FUN_00183888,52,11
001838c0,FUN_001838c0,76,11
00183910,FUN_00183910,8,11
00183918,FUN_00183918,392,11
00183aa0,FUN_00183aa0,288,11
00183bc0,FUN_00183bc0,192,11
00183c80,FUN_00183c80,164,11
00183d28,FUN_00183d28,216,11
00183e00,FUN_00183e00,160,11
00183ea8,FUN_00183ea8,80,11
00183ef8,FUN_00183ef8,220,11
00183fd8,FUN_00183fd8,240,11
001840c8,FUN_001840c8,364,11
00184238,FUN_00184238,44,11
00184268,FUN_00184268,96,11
001842c8,FUN_001842c8,244,11
001843c0,FUN_001843c0,396,11
00184550,FUN_00184550,612,11
001847b8,FUN_001847b8,240,11
001848a8,FUN_001848a8,12,11
001848b8,FUN_001848b8,8,11
001848c0,FUN_001848c0,276,11
001849d8,FUN_001849d8,356,11
00184b40,FUN_00184b40,460,11
00184d10,FUN_00184d10,100,11
00184d78,FUN_00184d78,100,11
00184de0,FUN_00184de0,996,11
001851c8,FUN_001851c8,336,11
00185318,FUN_00185318,52,11
00185350,FUN_00185350,228,11
00185438,FUN_00185438,128,11
001854b8,FUN_001854b8,116,11
00185530,FUN_00185530,8,11
00185538,FUN_00185538,188,11
001855f8,FUN_001855f8,184,11
001856b0,FUN_001856b0,84,11
00185708,FUN_00185708,136,11
00185798,FUN_00185798,216,11
00185870,FUN_00185870,56,11
001858a8,FUN_001858a8,452,11
00185a70,FUN_00185a70,224,11
00185b50,FUN_00185b50,48,11
00185b80,FUN_00185b80,40,11
00185ba8,FUN_00185ba8,144,11
00185c38,FUN_00185c38,28,11
00185c58,FUN_00185c58,84,11
00185cb0,FUN_00185cb0,84,11
00185d08,FUN_00185d08,8,11
00185d10,FUN_00185d10,148,11
00185da8,FUN_00185da8,140,11
00185e38,FUN_00185e38,200,11
00185f00,FUN_00185f00,12,11
00185f10,FUN_00185f10,8,11
00185f18,FUN_00185f18,12,11
00185f28,FUN_00185f28,192,11
00185fe8,FUN_00185fe8,8,11
00185ff0,FUN_00185ff0,552,11
00186218,FUN_00186218,240,11
00186308,FUN_00186308,80,11
00186358,FUN_00186358,68,11
001863a0,FUN_001863a0,68,11
001863e8,FUN_001863e8,496,11
001865d8,FUN_001865d8,940,11
00186988,FUN_00186988,480,11
00186b68,FUN_00186b68,728,11
00186e40,FUN_00186e40,40,11
00186e68,FUN_00186e68,216,11
00186f40,FUN_00186f40,176,11
00186ff0,FUN_00186ff0,40,11
00187018,FUN_00187018,176,11
001870c8,FUN_001870c8,204,11
00187198,FUN_00187198,80,11
001871e8,FUN_001871e8,684,11
00187498,FUN_00187498,1152,11
00187918,FUN_00187918,68,11
00187960,FUN_00187960,432,11
00187b10,FUN_00187b10,8,11
00187b18,FUN_00187b18,220,11
00187c00,FUN_00187c00,100,11
00187c68,FUN_00187c68,200,11
00187d30,FUN_00187d30,68,11
00187e08,FUN_00187e08,192,11
00187ec8,FUN_00187ec8,200,11
00187f90,FUN_00187f90,68,11
00187fe0,FUN_00187fe0,244,11
001880d8,FUN_001880d8,112,11
00188148,FUN_00188148,8,11
00188150,FUN_00188150,228,11
00188238,FUN_00188238,276,11
00188350,FUN_00188350,8,11
00188358,FUN_00188358,392,11
001884e0,FUN_001884e0,508,11
001886e0,FUN_001886e0,156,11
00188780,FUN_00188780,448,11
00188940,FUN_00188940,212,11
00188a18,FUN_00188a18,40,11
00188a40,FUN_00188a40,188,11
00188b00,FUN_00188b00,8,11
00188b08,FUN_00188b08,56,12
00188b40,FUN_00188b40,40,12
00188b68,FUN_00188b68,40,12
00188b90,FUN_00188b90,8,12
00188b98,FUN_00188b98,92,12
00188bf8,FUN_00188bf8,64,12
00188c38,FUN_00188c38,204,12
00188d08,FUN_00188d08,516,12
00188f10,FUN_00188f10,16,12
00188f20,FUN_00188f20,52,12
00188f58,FUN_00188f58,36,12
00188f80,FUN_00188f80,56,12
00188fb8,FUN_00188fb8,144,12
00189048,FUN_00189048,40,12
00189070,FUN_00189070,52,12
001890a8,FUN_001890a8,40,12
001890d0,FUN_001890d0,168,12
00189178,FUN_00189178,48,12
001891a8,FUN_001891a8,24,12
001891c0,FUN_001891c0,68,12
00189208,FUN_00189208,68,12
00189250,FUN_00189250,112,12
001892c8,FUN_001892c8,68,12
00189310,FUN_00189310,140,12
001893a0,FUN_001893a0,24,12
001893b8,FUN_001893b8,192,12
00189478,FUN_00189478,24,12
00189490,FUN_00189490,52,12
001894c8,FUN_001894c8,132,12
00189550,FUN_00189550,88,12
001895a8,FUN_001895a8,28,12
001895c8,FUN_001895c8,280,12
001896e0,FUN_001896e0,28,12
00189700,FUN_00189700,28,12
00189720,FUN_00189720,28,12
00189740,FUN_00189740,164,12
001897e8,FUN_001897e8,744,12
00189ad0,FUN_00189ad0,88,12
00189b28,FUN_00189b28,104,12
00189b90,FUN_00189b90,100,12
00189bf8,FUN_00189bf8,24,12
00189c10,FUN_00189c10,1284,12
0018a118,FUN_0018a118,168,12
0018a1c0,FUN_0018a1c0,116,12
0018a238,FUN_0018a238,140,12
0018a2c8,FUN_0018a2c8,184,12
0018a380,FUN_0018a380,448,12
0018a548,FUN_0018a548,120,12
0018a5c0,FUN_0018a5c0,184,12
0018a678,FUN_0018a678,116,12
0018a6f0,FUN_0018a6f0,156,12
0018a790,FUN_0018a790,252,12
0018a890,FUN_0018a890,68,12
0018a8d8,FUN_0018a8d8,240,12
0018a9c8,FUN_0018a9c8,76,12
0018aa18,FUN_0018aa18,240,12
0018ab08,FUN_0018ab08,116,12
0018ab80,FUN_0018ab80,8,12
0018ab88,FUN_0018ab88,16,12
0018ab98,FUN_0018ab98,76,12
0018abe8,FUN_0018abe8,152,12
0018ac80,FUN_0018ac80,128,12
0018ad00,FUN_0018ad00,48,12
0018ad30,FUN_0018ad30,44,12
0018ad60,FUN_0018ad60,32,12
0018ad80,FUN_0018ad80,8,12
0018ad88,FUN_0018ad88,84,12
0018ade0,FUN_0018ade0,28,12
0018ae00,FUN_0018ae00,872,12
0018b168,FUN_0018b168,36,12
0018b190,FUN_0018b190,620,12
0018b400,FUN_0018b400,84,12
0018b458,FUN_0018b458,52,12
0018b490,FUN_0018b490,48,12
0018b4c0,FUN_0018b4c0,2460,12
0018be60,FUN_0018be60,40,12
0018be88,FUN_0018be88,8,12
0018be90,FUN_0018be90,32,12
0018beb0,FUN_0018beb0,56,12
0018bee8,FUN_0018bee8,64,12
0018bf28,FUN_0018bf28,124,12
0018bfa8,FUN_0018bfa8,64,12
0018bfe8,FUN_0018bfe8,124,12
0018c068,FUN_0018c068,32,12
0018c088,FUN_0018c088,56,12
0018c0c0,FUN_0018c0c0,168,12
0018c168,FUN_0018c168,16,12
0018c178,FUN_0018c178,100,12
0018c1e0,FUN_0018c1e0,124,12
0018c260,FUN_0018c260,120,12
0018c2e0,FUN_0018c2e0,136,12
0018c368,FUN_0018c368,84,12
0018c3c0,FUN_0018c3c0,72,12
0018c408,FUN_0018c408,56,12
0018c440,FUN_0018c440,584,12
0018c688,FUN_0018c688,492,12
0018c878,FUN_0018c878,92,12
0018c8e8,FUN_0018c8e8,80,12
0018c938,FUN_0018c938,740,12
0018cc20,FUN_0018cc20,500,12
0018ce18,FUN_0018ce18,80,12
0018ce78,FUN_0018ce78,100,12
0018cee0,FUN_0018cee0,244,12
0018cfd8,FUN_0018cfd8,300,12
0018d108,FUN_0018d108,56,12
0018d148,FUN_0018d148,168,12
0018d1f0,FUN_0018d1f0,32,12
0018d210,FUN_0018d210,232,12
0018d2f8,FUN_0018d2f8,56,12
0018d330,FUN_0018d330,56,12
0018d368,FUN_0018d368,56,12
0018d3a0,FUN_0018d3a0,112,12
0018d410,FUN_0018d410,184,12
0018d4c8,FUN_0018d4c8,180,12
0018d580,FUN_0018d580,76,12
0018d5d0,FUN_0018d5d0,56,12
0018d608,FUN_0018d608,8,12
0018d610,FUN_0018d610,68,12
0018d658,FUN_0018d658,60,12
0018d698,FUN_0018d698,40,12
0018d6c0,FUN_0018d6c0,56,12
0018d6f8,FUN_0018d6f8,56,12
0018d730,FUN_0018d730,56,12
0018d768,FUN_0018d768,56,12
0018d7a0,FUN_0018d7a0,116,12
0018d818,FUN_0018d818,60,12
0018d858,FUN_0018d858,20,12
0018d870,FUN_0018d870,56,12
0018d8a8,FUN_0018d8a8,56,12
0018d8e0,FUN_0018d8e0,56,12
0018d918,FUN_0018d918,56,12
0018d950,FUN_0018d950,40,12
0018d978,FUN_0018d978,36,12
0018d9a0,FUN_0018d9a0,72,12
0018d9e8,FUN_0018d9e8,8,12
0018d9f0,FUN_0018d9f0,8,12
0018d9f8,FUN_0018d9f8,68,12
0018da40,FUN_0018da40,68,12
0018da88,FUN_0018da88,44,12
0018dab8,FUN_0018dab8,44,12
0018dae8,FUN_0018dae8,16,12
0018daf8,FUN_0018daf8,40,12
0018db20,FUN_0018db20,56,12
0018db58,FUN_0018db58,100,12
0018dbc0,FUN_0018dbc0,132,12
0018dc48,FUN_0018dc48,132,12
0018dcd0,FUN_0018dcd0,16,12
0018dce0,FUN_0018dce0,124,12
0018dd60,FUN_0018dd60,20,12
0018dd78,FUN_0018dd78,16,12
0018dd88,FUN_0018dd88,80,12
0018ddd8,FUN_0018ddd8,16,12
0018dde8,FUN_0018dde8,92,12
0018de48,FUN_0018de48,88,12
0018dea0,FUN_0018dea0,132,12
0018df28,FUN_0018df28,32,12
0018df48,FUN_0018df48,216,12
0018e020,FUN_0018e020,128,12
0018e0a0,FUN_0018e0a0,48,12
0018e0d0,FUN_0018e0d0,28,12
0018e0f0,FUN_0018e0f0,28,12
0018e110,FUN_0018e110,28,12
0018e130,FUN_0018e130,28,12
0018e150,FUN_0018e150,44,12
0018e180,FUN_0018e180,44,12
0018e1b0,FUN_0018e1b0,84,12
0018e208,FUN_0018e208,8,12
0018e210,FUN_0018e210,212,12
0018e2e8,FUN_0018e2e8,8,12
0018e2f0,FUN_0018e2f0,68,12
0018e338,FUN_0018e338,268,12
0018e458,FUN_0018e458,48,12
0018e488,FUN_0018e488,56,12
0018e4c0,FUN_0018e4c0,184,12
0018e590,FUN_0018e590,36,12
0018e5b8,FUN_0018e5b8,36,12
0018e5e0,FUN_0018e5e0,160,12
0018e680,FUN_0018e680,316,12
0018e7c0,FUN_0018e7c0,604,12
0018ea20,FUN_0018ea20,344,12
0018eb78,FUN_0018eb78,104,12
0018ebe0,FUN_0018ebe0,188,12
0018eca0,FUN_0018eca0,172,12
0018ed50,FUN_0018ed50,176,12
0018ee00,FUN_0018ee00,364,12
0018ef70,FUN_0018ef70,116,12
0018efe8,FUN_0018efe8,28,12
0018f008,FUN_0018f008,176,12
0018f0b8,FUN_0018f0b8,68,12
0018f100,FUN_0018f100,116,12
0018f180,FUN_0018f180,176,12
0018f230,FUN_0018f230,112,12
0018f2a0,FUN_0018f2a0,64,12
0018f2e0,FUN_0018f2e0,116,12
0018f358,FUN_0018f358,28,12
0018f378,FUN_0018f378,100,12
0018f408,FUN_0018f408,224,12
0018f4e8,FUN_0018f4e8,96,12
0018f548,FUN_0018f548,348,12
0018f6d0,FUN_0018f6d0,48,12
0018f700,FUN_0018f700,48,13
0018f730,FUN_0018f730,28,13
0018f750,FUN_0018f750,116,13
0018f7c8,FUN_0018f7c8,328,13
0018f910,FUN_0018f910,556,13
0018fb40,FUN_0018fb40,68,13
0018fb88,FUN_0018fb88,140,13
0018fc18,FUN_0018fc18,156,13
0018fcb8,FUN_0018fcb8,200,13
0018fd80,FUN_0018fd80,168,13
0018fe30,FUN_0018fe30,32,13
0018fe58,FUN_0018fe58,80,13
0018ff38,FUN_0018ff38,132,13
0018ffc0,FUN_0018ffc0,92,13
00190020,FUN_00190020,444,13
001901e0,FUN_001901e0,236,13
001902d0,FUN_001902d0,176,13
00190380,FUN_00190380,164,13
00190428,FUN_00190428,176,13
001904d8,FUN_001904d8,164,13
00190580,FUN_00190580,428,13
00190730,FUN_00190730,52,13
00190768,FUN_00190768,116,13
001907e0,FUN_001907e0,92,13
00190840,FUN_00190840,92,13
001908a0,FUN_001908a0,180,13
00190958,FUN_00190958,156,13
00190a00,FUN_00190a00,100,13
00190a68,FUN_00190a68,340,13
00190bc0,FUN_00190bc0,84,13
00190c18,FUN_00190c18,152,13
00190cb8,FUN_00190cb8,116,13
00190d30,FUN_00190d30,360,13
00190ea0,FUN_00190ea0,368,13
00191010,FUN_00191010,96,13
00191070,FUN_00191070,160,13
00191118,FUN_00191118,60,13
00191158,FUN_00191158,76,13
001911a8,FUN_001911a8,200,13
00191270,FUN_00191270,28,13
00191290,FUN_00191290,152,13
00191328,FUN_00191328,56,13
00191360,FUN_00191360,240,13
00191450,FUN_00191450,276,13
00191568,FUN_00191568,16,13
00191578,FUN_00191578,96,13
001915d8,FUN_001915d8,268,13
001916e8,FUN_001916e8,140,13
00191778,FUN_00191778,16,13
00191790,FUN_00191790,8,13
001917a0,FUN_001917a0,644,13
00191a28,FUN_00191a28,116,13
00191aa0,FUN_00191aa0,88,13
00191af8,FUN_00191af8,68,13
00191b40,FUN_00191b40,56,13
00191b78,FUN_00191b78,64,13
00191bb8,FUN_00191bb8,96,13
00191c20,FUN_00191c20,40,13
00191c48,FUN_00191c48,56,13
00191c80,FUN_00191c80,188,13
00191d40,FUN_00191d40,488,13
00191f28,FUN_00191f28,432,13
001920d8,FUN_001920d8,100,13
00192140,FUN_00192140,152,13
001921d8,FUN_001921d8,268,13
001922e8,FUN_001922e8,148,13
00192380,FUN_00192380,240,13
00192470,FUN_00192470,240,13
00192560,FUN_00192560,8,13
00192568,FUN_00192568,8,13
00192570,FUN_00192570,100,13
001925d8,FUN_001925d8,188,13
00192698,FUN_00192698,868,13
00192a00,FUN_00192a00,120,13
00192a78,FUN_00192a78,716,13
00192d48,FUN_00192d48,116,13
00192dc0,FUN_00192dc0,144,13
00192e50,FUN_00192e50,92,13
00192eb0,FUN_00192eb0,252,13
00192fb0,FUN_00192fb0,144,13
00193040,FUN_00193040,184,13
001930f8,FUN_001930f8,760,13
001933f0,FUN_001933f0,148,13
00193488,FUN_00193488,28,13
001934a8,FUN_001934a8,192,13
00193568,FUN_00193568,160,13
00193608,FUN_00193608,180,13
00193700,FUN_00193700,32,13
00193720,FUN_00193720,84,13
00193778,FUN_00193778,160,13
00193818,FUN_00193818,100,13
00193880,FUN_00193880,60,13
001938c0,FUN_001938c0,172,13
00193980,FUN_00193980,8,13
00193988,FUN_00193988,8,13
00193990,FUN_00193990,80,13
001939e0,FUN_001939e0,36,13
00193a08,FUN_00193a08,32,13
00193a28,FUN_00193a28,48,13
00193a60,FUN_00193a60,104,13
00193ac8,FUN_00193ac8,48,13
00193af8,FUN_00193af8,72,13
00193b40,FUN_00193b40,88,13
00193b98,FUN_00193b98,32,13
00193be8,FUN_00193be8,220,13
00193cc8,FUN_00193cc8,76,13
00193d18,FUN_00193d18,28,13
00193d40,FUN_00193d40,200,13
00193e08,FUN_00193e08,480,13
00193fe8,FUN_00193fe8,220,13
001940c8,FUN_001940c8,28,13
001940e8,FUN_001940e8,188,13
001941a8,FUN_001941a8,80,13
001941f8,FUN_001941f8,72,13
00194240,FUN_00194240,480,13
00194420,FUN_00194420,108,13
00194490,FUN_00194490,68,13
001944d8,FUN_001944d8,280,13
001945f0,FUN_001945f0,28,13
00194610,FUN_00194610,616,13
00194888,FUN_00194888,24,13
001948a0,FUN_001948a0,344,13
001949f8,FUN_001949f8,64,13
00194a38,FUN_00194a38,72,13
00194a80,FUN_00194a80,136,13
00194b08,FUN_00194b08,192,13
00194bc8,FUN_00194bc8,116,13
00194c40,FUN_00194c40,28,13
00194c60,FUN_00194c60,208,13
00194d30,FUN_00194d30,396,13
00194ec0,FUN_00194ec0,252,13
00194fc0,FUN_00194fc0,92,13
00195020,FUN_00195020,28,13
00195040,FUN_00195040,432,13
001951f0,FUN_001951f0,256,13
001952f0,FUN_001952f0,28,13
00195310,FUN_00195310,28,13
00195330,FUN_00195330,264,13
00195438,FUN_00195438,72,13
00195480,FUN_00195480,28,13
001954a0,FUN_001954a0,28,13
001954c0,FUN_001954c0,380,13
00195640,FUN_00195640,208,13
00195710,FUN_00195710,332,13
00195860,FUN_00195860,128,13
001958e0,FUN_001958e0,60,13
00195920,FUN_00195920,32,13
00195950,FUN_00195950,172,13
00195a00,FUN_00195a00,136,13
00195a88,FUN_00195a88,28,13
00195aa8,FUN_00195aa8,116,13
00195b20,FUN_00195b20,128,13
00195ba0,FUN_00195ba0,28,13
00195bc0,FUN_00195bc0,296,13
00195ce8,FUN_00195ce8,56,13
00195d20,FUN_00195d20,28,13
00195d48,FUN_00195d48,76,13
00195d98,FUN_00195d98,88,13
00195df0,FUN_00195df0,28,13
00195e10,FUN_00195e10,112,13
00195e80,FUN_00195e80,132,13
00195f08,FUN_00195f08,232,13
00195ff0,FUN_00195ff0,212,13
001960c8,FUN_001960c8,92,13
00196128,FUN_00196128,60,13
00196168,FUN_00196168,392,13
001962f0,FUN_001962f0,184,13
001963a8,FUN_001963a8,64,13
001963e8,FUN_001963e8,60,13
00196428,FUN_00196428,192,13
001964e8,FUN_001964e8,76,13
00196538,FUN_00196538,60,13
00196578,FUN_00196578,204,13
00196648,FUN_00196648,256,13
00196758,FUN_00196758,156,13
001967f8,FUN_001967f8,172,13
001968a8,FUN_001968a8,60,13
001968e8,FUN_001968e8,52,13
00196920,FUN_00196920,52,13
00196958,FUN_00196958,144,13
001969e8,FUN_001969e8,144,13
00196a78,FUN_00196a78,80,13
00196ac8,FUN_00196ac8,28,13
00196b08,FUN_00196b08,308,13
00196c40,FUN_00196c40,108,13
00196cb0,FUN_00196cb0,60,13
00196cf0,FUN_00196cf0,360,13
00196e58,FUN_00196e58,484,13
00197040,FUN_00197040,352,13
001971a0,FUN_001971a0,60,13
001971e0,FUN_001971e0,528,13
001973f0,FUN_001973f0,52,13
00197428,FUN_00197428,52,13
00197460,FUN_00197460,180,13
00197518,FUN_00197518,152,13
001975b0,FUN_001975b0,28,13
001975d0,FUN_001975d0,100,13
00197638,FUN_00197638,60,13
00197678,FUN_00197678,380,13
001977f8,FUN_001977f8,96,13
00197858,FUN_00197858,388,14
001979e0,FUN_001979e0,160,14
00197a88,FUN_00197a88,56,14
00197ac0,FUN_00197ac0,28,14
00197ae0,FUN_00197ae0,196,14
00197bb0,FUN_00197bb0,112,14
00197c20,FUN_00197c20,28,14
00197c40,FUN_00197c40,28,14
00197c60,FUN_00197c60,140,14
00197cf0,FUN_00197cf0,84,14
00197d48,FUN_00197d48,76,14
00197da0,FUN_00197da0,128,14
00197e20,FUN_00197e20,324,14
00197f68,FUN_00197f68,100,14
00197fd0,FUN_00197fd0,28,14
00198018,FUN_00198018,820,14
00198350,FUN_00198350,52,14
00198388,FUN_00198388,204,14
00198458,FUN_00198458,76,14
001984a8,FUN_001984a8,28,14
001984f0,FUN_001984f0,116,14
00198568,FUN_00198568,28,14
00198588,FUN_00198588,48,14
001985b8,FUN_001985b8,848,14
00198908,FUN_00198908,96,14
00198968,FUN_00198968,256,14
00198a68,FUN_00198a68,168,14
00198b10,FUN_00198b10,156,14
00198bb0,FUN_00198bb0,28,14
00198bd0,FUN_00198bd0,112,14
00198c40,FUN_00198c40,116,14
00198cb8,FUN_00198cb8,60,14
00198cf8,FUN_00198cf8,28,14
00198d18,FUN_00198d18,36,14
00198d40,FUN_00198d40,228,14
00198e28,FUN_00198e28,40,14
00198e50,FUN_00198e50,1160,14
001992e0,FUN_001992e0,28,14
00199300,FUN_00199300,168,14
001993a8,FUN_001993a8,80,14
001993f8,FUN_001993f8,112,14
00199468,FUN_00199468,88,14
001994c0,FUN_001994c0,48,14
00199508,FUN_00199508,284,14
00199628,FUN_00199628,104,14
00199690,FUN_00199690,108,14
00199700,FUN_00199700,140,14
00199790,FUN_00199790,80,14
001997e0,FUN_001997e0,112,14
00199850,FUN_00199850,52,14
00199888,FUN_00199888,56,14
001998c0,FUN_001998c0,52,14
001998f8,FUN_001998f8,84,14
00199950,FUN_00199950,56,14
00199988,FUN_00199988,692,14
00199c40,FUN_00199c40,224,14
00199d20,FUN_00199d20,108,14
00199d90,FUN_00199d90,376,14
00199f08,FUN_00199f08,60,14
00199f48,FUN_00199f48,36,14
00199f70,FUN_00199f70,988,14
0019a350,FUN_0019a350,152,14
0019a3e8,FUN_0019a3e8,264,14
0019a4f0,FUN_0019a4f0,72,14
0019a538,FUN_0019a538,64,14
0019a578,FUN_0019a578,100,14
0019a5e0,FUN_0019a5e0,104,14
0019a648,FUN_0019a648,40,14
0019a670,FUN_0019a670,292,14
0019a798,FUN_0019a798,368,14
0019a908,FUN_0019a908,40,14
0019a930,FUN_0019a930,140,14
0019a9c0,FUN_0019a9c0,92,14
0019aa20,FUN_0019aa20,236,14
0019ab10,FUN_0019ab10,264,14
0019ac18,FUN_0019ac18,156,14
0019acb8,FUN_0019acb8,332,14
0019ae08,FUN_0019ae08,276,14
0019af20,FUN_0019af20,28,14
0019af40,FUN_0019af40,172,14
0019aff0,FUN_0019aff0,208,14
0019b0c0,FUN_0019b0c0,108,14
0019b130,FUN_0019b130,28,14
0019b150,FUN_0019b150,148,14
0019b1e8,FUN_0019b1e8,28,14
0019b208,FUN_0019b208,100,14
0019b270,FUN_0019b270,176,14
0019b320,FUN_0019b320,120,14
0019b398,FUN_0019b398,28,14
0019b3b8,FUN_0019b3b8,60,14
0019b3f8,FUN_0019b3f8,92,14
0019b458,FUN_0019b458,296,14
0019b580,FUN_0019b580,180,14
0019b638,FUN_0019b638,156,14
0019b6d8,FUN_0019b6d8,396,14
0019b868,FUN_0019b868,300,14
0019b998,FUN_0019b998,296,14
0019bac0,FUN_0019bac0,48,14
0019baf0,FUN_0019baf0,312,14
0019bc28,FUN_0019bc28,104,14
0019bc90,FUN_0019bc90,476,14
0019be70,FUN_0019be70,656,14
0019c100,FUN_0019c100,164,14
0019c1a8,FUN_0019c1a8,52,14
0019c1e0,FUN_0019c1e0,44,14
0019c210,FUN_0019c210,132,14
0019c298,FUN_0019c298,96,14
0019c2f8,FUN_0019c2f8,52,14
0019c330,FUN_0019c330,552,14
0019c558,FUN_0019c558,396,14
0019c6e8,FUN_0019c6e8,116,14
0019c760,FUN_0019c760,52,14
0019c798,FUN_0019c798,64,14
0019c7d8,FUN_0019c7d8,396,14
0019c968,FUN_0019c968,344,14
0019cac0,FUN_0019cac0,448,14
0019cc80,FUN_0019cc80,268,14
0019cd90,FUN_0019cd90,568,14
0019cfc8,FUN_0019cfc8,180,14
0019d080,FUN_0019d080,364,14
0019d1f0,FUN_0019d1f0,268,14
0019d300,FUN_0019d300,600,14
0019d558,FUN_0019d558,236,14
0019d648,FUN_0019d648,60,14
0019d688,FUN_0019d688,48,14
0019d6b8,FUN_0019d6b8,112,14
0019d728,FUN_0019d728,28,14
0019d748,FUN_0019d748,28,14
0019d768,FUN_0019d768,264,14
0019d870,FUN_0019d870,288,14
0019d990,FUN_0019d990,268,14
0019daa0,FUN_0019daa0,104,14
0019db08,FUN_0019db08,196,14
0019dbd0,FUN_0019dbd0,312,14
0019dd08,FUN_0019dd08,520,14
0019df10,FUN_0019df10,60,14
0019df50,FUN_0019df50,152,14
0019dfe8,FUN_0019dfe8,120,14
0019e060,FUN_0019e060,648,14
0019e2e8,FUN_0019e2e8,48,14
0019e318,FUN_0019e318,104,14
0019e380,FUN_0019e380,104,14
0019e3e8,FUN_0019e3e8,296,14
0019e510,FUN_0019e510,1352,14
0019ea58,FUN_0019ea58,424,14
0019ec00,FUN_0019ec00,556,14
0019ee30,FUN_0019ee30,108,14
0019eea0,FUN_0019eea0,104,14
0019ef08,FUN_0019ef08,120,14
0019ef80,FUN_0019ef80,28,14
0019efa0,FUN_0019efa0,328,14
0019f0e8,FUN_0019f0e8,316,14
0019f228,FUN_0019f228,476,14
0019f408,FUN_0019f408,104,14
0019f470,FUN_0019f470,288,14
0019f590,FUN_0019f590,188,14
0019f650,FUN_0019f650,80,14
0019f6a0,FUN_0019f6a0,60,14
0019f6e0,FUN_0019f6e0,428,14
0019f890,FUN_0019f890,96,14
0019f8f0,FUN_0019f8f0,60,14
0019f930,FUN_0019f930,168,14
0019f9d8,FUN_0019f9d8,192,14
0019fa98,FUN_0019fa98,132,14
0019fb20,FUN_0019fb20,548,14
0019fd48,FUN_0019fd48,80,14
0019fd98,FUN_0019fd98,56,14
0019fdd0,FUN_0019fdd0,52,14
0019fe08,FUN_0019fe08,28,14
0019fe28,FUN_0019fe28,248,14
0019ff20,FUN_0019ff20,216,14
0019fff8,FUN_0019fff8,28,14
001a0018,FUN_001a0018,836,14
001a0360,FUN_001a0360,260,14
001a0468,FUN_001a0468,64,14
001a04a8,FUN_001a04a8,536,14
001a06c8,FUN_001a06c8,112,14
001a0738,FUN_001a0738,196,14
001a0800,FUN_001a0800,28,14
001a0820,FUN_001a0820,196,14
001a08e8,FUN_001a08e8,28,14
001a0908,FUN_001a0908,292,14
001a0a30,FUN_001a0a30,192,14
001a0af0,FUN_001a0af0,120,14
001a0b88,FUN_001a0b88,52,14
001a0bc0,FUN_001a0bc0,84,14
001a0c18,FUN_001a0c18,304,14
001a0d48,FUN_001a0d48,52,14
001a0d80,FUN_001a0d80,72,14
001a0dc8,FUN_001a0dc8,68,14
001a0e10,FUN_001a0e10,192,14
001a0ed0,FUN_001a0ed0,116,14
001a0f48,FUN_001a0f48,304,14
001a1078,FUN_001a1078,60,14
001a10b8,FUN_001a10b8,36,14
001a1100,FUN_001a1100,332,14
001a1250,FUN_001a1250,72,14
001a1298,FUN_001a1298,72,14
001a12e0,FUN_001a12e0,212,14
001a13b8,FUN_001a13b8,64,14
001a13f8,FUN_001a13f8,552,15
001a1620,FUN_001a1620,28,15
001a1640,FUN_001a1640,200,15
001a1728,FUN_001a1728,348,15
001a1888,FUN_001a1888,92,15
001a18e8,FUN_001a18e8,284,15
001a1a08,FUN_001a1a08,284,15
001a1b28,FUN_001a1b28,104,15
001a1b90,FUN_001a1b90,288,15
001a1cb0,FUN_001a1cb0,28,15
001a1cd0,FUN_001a1cd0,76,15
001a1d20,FUN_001a1d20,188,15
001a1de0,FUN_001a1de0,252,15
001a1ee0,FUN_001a1ee0,184,15
001a1f98,FUN_001a1f98,76,15
001a1fe8,FUN_001a1fe8,164,15
001a2090,FUN_001a2090,288,15
001a21b0,FUN_001a21b0,440,15
001a2368,FUN_001a2368,328,15
001a24b0,FUN_001a24b0,8,15
001a24b8,FUN_001a24b8,72,15
001a2500,FUN_001a2500,128,15
001a2590,FUN_001a2590,124,15
001a2610,FUN_001a2610,12,15
001a2620,FUN_001a2620,44,15
001a2650,FUN_001a2650,64,15
001a2690,FUN_001a2690,8,15
001a2698,FUN_001a2698,36,15
001a26c0,FUN_001a26c0,144,15
001a2750,FUN_001a2750,84,15
001a27a8,FUN_001a27a8,88,15
001a2800,FUN_001a2800,44,15
001a2830,FUN_001a2830,312,15
001a2968,FUN_001a2968,520,15
001a2b70,FUN_001a2b70,248,15
001a2c70,FUN_001a2c70,100,15
001a2cd8,FUN_001a2cd8,20,15
001a2cf0,FUN_001a2cf0,92,15
001a2d50,FUN_001a2d50,256,15
001a2e50,FUN_001a2e50,468,15
001a3028,FUN_001a3028,228,15
001a3120,FUN_001a3120,848,15
001a3478,FUN_001a3478,32,15
001a3498,FUN_001a3498,244,15
001a3590,FUN_001a3590,20,15
001a35a8,FUN_001a35a8,56,15
001a35e0,FUN_001a35e0,248,15
001a36d8,FUN_001a36d8,272,15
001a37e8,FUN_001a37e8,432,15
001a39a0,FUN_001a39a0,56,15
001a39d8,FUN_001a39d8,48,15
001a3a08,FUN_001a3a08,68,15
001a3a50,FUN_001a3a50,596,15
001a3ca8,FUN_001a3ca8,628,15
001a3f20,FUN_001a3f20,68,15
001a3f68,FUN_001a3f68,356,15
001a40e0,FUN_001a40e0,80,15
001a4130,FUN_001a4130,332,15
001a4280,FUN_001a4280,420,15
001a4428,FUN_001a4428,208,15
001a44f8,FUN_001a44f8,80,15
001a4548,FUN_001a4548,332,15
001a4698,FUN_001a4698,452,15
001a4860,FUN_001a4860,208,15
001a4930,FUN_001a4930,1600,15
001a4f70,FUN_001a4f70,56,15
001a4fa8,FUN_001a4fa8,32,15
001a4fc8,FUN_001a4fc8,32,15
001a4ff0,FUN_001a4ff0,472,15
001a51c8,FUN_001a51c8,788,15
001a54e0,FUN_001a54e0,600,15
001a5738,FUN_001a5738,672,15
001a59d8,FUN_001a59d8,312,15
001a5b10,FUN_001a5b10,984,15
001a5ee8,FUN_001a5ee8,80,15
001a5f38,FUN_001a5f38,664,15
001a61d0,FUN_001a61d0,348,15
001a6330,FUN_001a6330,1148,15
001a67b8,FUN_001a67b8,136,15
001a6840,FUN_001a6840,112,15
001a68b0,FUN_001a68b0,48,15
001a68e0,FUN_001a68e0,52,15
001a6918,FUN_001a6918,20,15
001a6930,FUN_001a6930,88,15
001a6988,FUN_001a6988,156,15
001a6a28,FUN_001a6a28,136,15
001a6ab0,FUN_001a6ab0,300,15
001a6be0,FUN_001a6be0,628,15
001a6e58,FUN_001a6e58,96,15
001a6eb8,FUN_001a6eb8,172,15
001a6f68,FUN_001a6f68,540,15
001a7188,FUN_001a7188,100,15
001a71f8,FUN_001a71f8,184,15
001a72b0,FUN_001a72b0,316,15
001a73f0,FUN_001a73f0,96,15
001a7450,FUN_001a7450,72,15
001a7498,FUN_001a7498,72,15
001a74e0,FUN_001a74e0,28,15
001a7500,FUN_001a7500,40,15
001a7528,FUN_001a7528,312,15
001a7660,FUN_001a7660,124,15
001a76e0,FUN_001a76e0,232,15
001a77c8,FUN_001a77c8,1408,15
001a7d48,FUN_001a7d48,164,15
001a7df0,FUN_001a7df0,104,15
001a7e58,FUN_001a7e58,300,15
001a7f88,FUN_001a7f88,360,15
001a80f8,FUN_001a80f8,112,15
001a8168,FUN_001a8168,408,15
001a8300,FUN_001a8300,80,15
001a8350,FUN_001a8350,80,15
001a83a0,FUN_001a83a0,632,15
001a8618,FUN_001a8618,200,15
001a86e0,FUN_001a86e0,828,15
001a8a20,FUN_001a8a20,816,15
001a8d50,FUN_001a8d50,224,15
001a8e30,FUN_001a8e30,220,15
001a8f10,FUN_001a8f10,104,15
001a8f78,FUN_001a8f78,1472,15
001a9538,FUN_001a9538,976,15
001a9908,FUN_001a9908,1432,15
001a9ea0,FUN_001a9ea0,48,15
001a9ed0,FUN_001a9ed0,940,15
001aa768,FUN_001aa768,124,15
001aa7e8,FUN_001aa7e8,96,15
001aa848,FUN_001aa848,96,15
001aa8a8,FUN_001aa8a8,96,15
001aa908,FUN_001aa908,96,15
001aa968,FUN_001aa968,96,15
001aa9d8,FUN_001aa9d8,800,15
001aacf8,FUN_001aacf8,148,15
001aad90,FUN_001aad90,96,15
001aadf0,FUN_001aadf0,96,15
001aae50,FUN_001aae50,96,15
001aaeb0,FUN_001aaeb0,96,15
001aaf10,FUN_001aaf10,684,15
001ab1c0,FUN_001ab1c0,372,15
001ab338,FUN_001ab338,132,15
001ab3c0,FUN_001ab3c0,32,15
001ab3e0,FUN_001ab3e0,72,15
001ab428,FUN_001ab428,60,15
001ab468,FUN_001ab468,152,15
001ab500,FUN_001ab500,444,15
001ab6c0,FUN_001ab6c0,160,15
001ab760,FUN_001ab760,8,15
001ab768,FUN_001ab768,8,15
001ab780,FUN_001ab780,788,15
001aba98,FUN_001aba98,400,15
001abc28,FUN_001abc28,480,15
001abe08,FUN_001abe08,8,15
001abe10,FUN_001abe10,8,15
001abe18,FUN_001abe18,28,15
001abe48,FUN_001abe48,108,15
001abeb8,FUN_001abeb8,40,15
001abee0,FUN_001abee0,196,15
001abfd8,FUN_001abfd8,68,15
001ac020,FUN_001ac020,28,15
001ac040,FUN_001ac040,8,15
001ac070,FUN_001ac070,88,15
001ac0e0,FUN_001ac0e0,392,15
001ac278,FUN_001ac278,184,15
001ac330,FUN_001ac330,100,15
001ac398,FUN_001ac398,92,15
001ac3f8,FUN_001ac3f8,72,15
001ac440,FUN_001ac440,120,15
001ac4b8,FUN_001ac4b8,172,15
001ac568,FUN_001ac568,76,15
001ac5b8,FUN_001ac5b8,124,15
001ac680,FUN_001ac680,280,15
001ac798,FUN_001ac798,312,15
001ac8d0,FUN_001ac8d0,112,15
001ac940,FUN_001ac940,28,15
001ac960,FUN_001ac960,356,15
001acac8,FUN_001acac8,1000,15
001aceb0,FUN_001aceb0,212,15
001acf88,FUN_001acf88,56,15
001acfc0,FUN_001acfc0,108,15
001ad030,FUN_001ad030,28,15
001ad050,FUN_001ad050,28,15
001ad070,FUN_001ad070,40,15
001ad098,FUN_001ad098,64,15
001ad0d8,FUN_001ad0d8,524,15
001ad2e8,FUN_001ad2e8,116,15
001ad368,FUN_001ad368,12,15
001ad378,FUN_001ad378,212,15
001ad450,FUN_001ad450,192,15
001ad510,FUN_001ad510,256,15
001ad610,FUN_001ad610,216,15
001ad6e8,FUN_001ad6e8,252,15
001ad7e8,FUN_001ad7e8,152,15
001ad880,FUN_001ad880,152,15
001ad918,FUN_001ad918,152,15
001adaa0,FUN_001adaa0,84,15
001adb28,FUN_001adb28,152,15
001adbc0,FUN_001adbc0,48,15
001adbf0,FUN_001adbf0,28,15
001adc10,FUN_001adc10,28,15
001adc30,FUN_001adc30,292,15
001add58,FUN_001add58,28,15
001add78,FUN_001add78,124,15
001addf8,FUN_001addf8,84,16
001ade50,FUN_001ade50,84,16
001adea8,FUN_001adea8,108,16
001adf18,FUN_001adf18,20,16
001adf30,FUN_001adf30,32,16
001adf58,FUN_001adf58,64,16
001adf98,FUN_001adf98,40,16
001adfc0,FUN_001adfc0,140,16
001ae078,FUN_001ae078,16,16
001ae088,FUN_001ae088,8,16
001ae090,FUN_001ae090,8,16
001ae0a8,FUN_001ae0a8,28,16
001ae0c8,FUN_001ae0c8,28,16
001ae0f0,FUN_001ae0f0,64,16
001ae130,FUN_001ae130,404,16
001ae2c8,FUN_001ae2c8,32,16
001ae2e8,FUN_001ae2e8,188,16
001ae3a8,FUN_001ae3a8,120,16
001ae420,FUN_001ae420,276,16
001ae538,FUN_001ae538,52,16
001ae570,FUN_001ae570,44,16
001ae5a0,FUN_001ae5a0,36,16
001ae5c8,FUN_001ae5c8,28,16
001ae5e8,FUN_001ae5e8,628,16
001ae860,FUN_001ae860,144,16
001ae8f0,FUN_001ae8f0,68,16
001ae938,FUN_001ae938,96,16
001ae998,FUN_001ae998,92,16
001ae9f8,FUN_001ae9f8,28,16
001aea18,FUN_001aea18,256,16
001aeb18,FUN_001aeb18,52,16
001aeb50,FUN_001aeb50,92,16
001aebb0,FUN_001aebb0,32,16
001aebd0,FUN_001aebd0,36,16
001aebf8,FUN_001aebf8,1412,16
001af180,FUN_001af180,28,16
001af1a0,FUN_001af1a0,24,16
001af1b8,FUN_001af1b8,8,16
001af1c0,FUN_001af1c0,216,16
001af298,FUN_001af298,552,16
001af4c0,FUN_001af4c0,192,16
001af580,FUN_001af580,332,16
001af6d0,FUN_001af6d0,100,16
001af738,FUN_001af738,48,16
001af768,FUN_001af768,44,16
001af798,FUN_001af798,332,16
001af8f8,FUN_001af8f8,52,16
001af930,FUN_001af930,632,16
001afba8,FUN_001afba8,72,16
001afbf0,FUN_001afbf0,64,16
001afc30,FUN_001afc30,72,16
001afc78,FUN_001afc78,8,16
001afc80,FUN_001afc80,72,16
001afcc8,FUN_001afcc8,8,16
001afcd0,FUN_001afcd0,8,16
001afcd8,FUN_001afcd8,64,16
001afd18,FUN_001afd18,100,16
001afd80,FUN_001afd80,40,16
001afda8,FUN_001afda8,8,16
001afdb0,FUN_001afdb0,8,16
001afdb8,FUN_001afdb8,40,16
001afde0,FUN_001afde0,88,16
001afe38,FUN_001afe38,164,16
001afee0,FUN_001afee0,168,16
001aff88,FUN_001aff88,16,16
001aff98,FUN_001aff98,64,16
001affd8,FUN_001affd8,80,16
001b0028,FUN_001b0028,64,16
001b0068,FUN_001b0068,8,16
001b0070,FUN_001b0070,496,16
001b0260,FUN_001b0260,1244,16
001b0740,FUN_001b0740,360,16
001b08a8,FUN_001b08a8,104,16
001b0910,FUN_001b0910,56,16
001b0948,FUN_001b0948,64,16
001b0988,FUN_001b0988,148,16
001b0a20,FUN_001b0a20,132,16
001b0aa8,FUN_001b0aa8,28,16
001b0ac8,FUN_001b0ac8,252,16
001b0bd0,FUN_001b0bd0,52,16
001b0c10,FUN_001b0c10,116,16
001b0c88,FUN_001b0c88,244,16
001b0d80,FUN_001b0d80,8,16
001b0d88,FUN_001b0d88,120,16
001b0e00,FUN_001b0e00,324,16
001b0f48,FUN_001b0f48,8,16
001b0f50,FUN_001b0f50,28,16
001b0f70,FUN_001b0f70,56,16
001b0fa8,FUN_001b0fa8,20,16
001b0fc0,FUN_001b0fc0,8,16
001b0fc8,FUN_001b0fc8,8,16
001b0fd0,FUN_001b0fd0,36,16
001b0ff8,FUN_001b0ff8,64,16
001b1038,FUN_001b1038,56,16
001b1070,FUN_001b1070,12,16
001b1080,FUN_001b1080,116,16
001b10f8,FUN_001b10f8,24,16
001b1110,FUN_001b1110,40,16
001b1138,FUN_001b1138,48,16
001b1168,FUN_001b1168,52,16
001b11a0,FUN_001b11a0,372,16
001b1318,FUN_001b1318,40,16
001b1340,FUN_001b1340,472,16
001b1518,FUN_001b1518,132,16
001b15a0,FUN_001b15a0,168,16
001b1648,FUN_001b1648,92,16
001b16a8,FUN_001b16a8,128,16
001b1728,FUN_001b1728,284,16
001b1848,FUN_001b1848,412,16
001b19e8,FUN_001b19e8,316,16
001b1b28,FUN_001b1b28,400,16
001b1cb8,FUN_001b1cb8,264,16
001b1dc0,FUN_001b1dc0,64,16
001b1e00,FUN_001b1e00,184,16
001b1eb8,FUN_001b1eb8,56,16
001b1ef0,FUN_001b1ef0,88,16
001b1f48,FUN_001b1f48,300,16
001b2078,FUN_001b2078,608,16
001b22d8,FUN_001b22d8,132,16
001b2360,FUN_001b2360,92,16
001b23c0,FUN_001b23c0,72,16
001b2408,FUN_001b2408,48,16
001b2438,FUN_001b2438,8,16
001b2440,FUN_001b2440,488,16
001b2630,FUN_001b2630,220,16
001b2710,FUN_001b2710,508,16
001b2910,FUN_001b2910,116,16
001b2988,FUN_001b2988,92,16
001b29e8,FUN_001b29e8,52,16
001b2a20,FUN_001b2a20,84,16
001b2a78,FUN_001b2a78,80,16
001b2ac8,FUN_001b2ac8,152,16
001b2b60,FUN_001b2b60,8,16
001b2b68,FUN_001b2b68,88,16
001b2bc0,FUN_001b2bc0,124,16
001b2c40,FUN_001b2c40,144,16
001b2cd0,FUN_001b2cd0,156,16
001b2d70,FUN_001b2d70,152,16
001b2e08,FUN_001b2e08,1452,16
001b33b8,FUN_001b33b8,104,16
001b3420,FUN_001b3420,364,16
001b3590,FUN_001b3590,496,16
001b3780,FUN_001b3780,44,16
001b37b0,FUN_001b37b0,24,16
001b37c8,FUN_001b37c8,76,16
001b3818,FUN_001b3818,220,16
001b38f8,FUN_001b38f8,280,16
001b3a10,FUN_001b3a10,64,16
001b3a50,FUN_001b3a50,64,16
001b3a90,FUN_001b3a90,88,16
001b3ae8,FUN_001b3ae8,232,16
001b3bd0,FUN_001b3bd0,260,16
001b3cd8,FUN_001b3cd8,32,16
001b3cf8,FUN_001b3cf8,32,16
001b3d18,FUN_001b3d18,32,16
001b3d38,FUN_001b3d38,8,16
001b3d40,FUN_001b3d40,528,16
001b3f50,FUN_001b3f50,4312,16
001b5028,FUN_001b5028,1348,16
001b5570,FUN_001b5570,8,16
001b5578,FUN_001b5578,2400,16
001b5ed8,FUN_001b5ed8,212,16
001b5fb0,FUN_001b5fb0,344,16
001b6108,FUN_001b6108,124,16
001b6188,FUN_001b6188,52,16
001b61c0,FUN_001b61c0,140,16
001b6250,FUN_001b6250,216,16
001b6328,FUN_001b6328,408,16
001b64c0,FUN_001b64c0,1096,16
001b6908,FUN_001b6908,8,16
001b6910,FUN_001b6910,208,16
001b69e0,FUN_001b69e0,792,16
001b6cf8,FUN_001b6cf8,208,16
001b6dc8,FUN_001b6dc8,920,16
001b7160,FUN_001b7160,380,16
001b72e0,FUN_001b72e0,524,16
001b74f0,FUN_001b74f0,160,16
001b7590,FUN_001b7590,176,16
001b7640,FUN_001b7640,280,16
001b7758,FUN_001b7758,380,16
001b78d8,FUN_001b78d8,144,16
001b7968,FUN_001b7968,84,16
001b79c0,FUN_001b79c0,64,16
001b7a00,FUN_001b7a00,112,16
001b7a70,FUN_001b7a70,272,16
001b7b80,FUN_001b7b80,732,16
001b7e60,FUN_001b7e60,168,16
001b7f08,FUN_001b7f08,28,16
001b7f28,FUN_001b7f28,40,16
001b7f50,FUN_001b7f50,120,16
001b7fc8,FUN_001b7fc8,368,16
001b8138,FUN_001b8138,72,16
001b8180,FUN_001b8180,300,16
001b82b0,FUN_001b82b0,44,16
001b82e0,FUN_001b82e0,844,16
001b8630,FUN_001b8630,8,16
001b8638,FUN_001b8638,8,16
001b8640,FUN_001b8640,144,16
001b86d0,FUN_001b86d0,36,16
001b86f8,FUN_001b86f8,156,16
001b8798,FUN_001b8798,556,17
001b89c8,FUN_001b89c8,1800,17
001b90d0,FUN_001b90d0,200,17
001b9198,FUN_001b9198,1308,17
001b96b8,FUN_001b96b8,904,17
001b9a40,FUN_001b9a40,280,17
001b9b58,FUN_001b9b58,4148,17
001bab90,FUN_001bab90,512,17
001bad90,FUN_001bad90,512,17
001baf90,FUN_001baf90,508,17
001bb190,FUN_001bb190,4756,17
001bc428,FUN_001bc428,284,17
001bc548,FUN_001bc548,820,17
001bc880,FUN_001bc880,432,17
001bca30,FUN_001bca30,484,17
001bcc18,FUN_001bcc18,20,17
001bcc30,FUN_001bcc30,420,17
001bcdd8,FUN_001bcdd8,20,17
001bcdf8,FUN_001bcdf8,340,17
001bcf50,FUN_001bcf50,1460,17
001bd508,FUN_001bd508,252,17
001bd610,FUN_001bd610,12,17
001bd620,FUN_001bd620,24,17
001bd638,FUN_001bd638,660,17
001bd8d0,FUN_001bd8d0,568,17
001bdb08,FUN_001bdb08,988,17
001bdee8,FUN_001bdee8,544,17
001be108,FUN_001be108,404,17
001be2a0,FUN_001be2a0,64,17
001be2e0,FUN_001be2e0,8,17
001be2f0,FUN_001be2f0,32,17
001be310,FUN_001be310,32,17
001be330,FUN_001be330,400,17
001be4c0,FUN_001be4c0,816,17
001be7f0,FUN_001be7f0,160,17
001be890,FUN_001be890,164,17
001be938,FUN_001be938,8,17
001be940,FUN_001be940,32,17
001be960,FUN_001be960,452,17
001beb28,FUN_001beb28,32,17
001beb50,FUN_001beb50,76,17
001beba0,FUN_001beba0,116,17
001bec18,FUN_001bec18,80,17
001bec68,FUN_001bec68,92,17
001becc8,FUN_001becc8,8,17
001becd0,FUN_001becd0,668,17
001bef70,FUN_001bef70,1964,17
001bf720,FUN_001bf720,32,17
001bf740,FUN_001bf740,472,17
001bf918,FUN_001bf918,1416,17
001bfea0,FUN_001bfea0,36,17
001bfed0,FUN_001bfed0,272,17
001bffe0,FUN_001bffe0,508,17
001c01e0,FUN_001c01e0,192,17
001c02a0,FUN_001c02a0,632,17
001c0518,FUN_001c0518,192,17
001c05d8,FUN_001c05d8,28,17
001c05f8,FUN_001c05f8,8,17
001c0600,FUN_001c0600,292,17
001c0730,FUN_001c0730,16,17
001c0740,FUN_001c0740,16,17
001c0750,FUN_001c0750,16,17
001c0760,FUN_001c0760,224,17
001c0840,FUN_001c0840,76,17
001c0890,FUN_001c0890,28,17
001c08b0,FUN_001c08b0,28,17
001c08d0,FUN_001c08d0,28,17
001c08f0,FUN_001c08f0,32,17
001c0910,FUN_001c0910,356,17
001c0a78,FUN_001c0a78,2764,17
001c1548,FUN_001c1548,36,17
001c1578,FUN_001c1578,84,17
001c15d0,FUN_001c15d0,368,17
001c1740,FUN_001c1740,208,17
001c1810,FUN_001c1810,284,17
001c1930,FUN_001c1930,124,17
001c19b0,FUN_001c19b0,176,17
001c1a68,FUN_001c1a68,48,17
001c1a98,FUN_001c1a98,220,17
001c1b78,FUN_001c1b78,12,17
001c1b88,FUN_001c1b88,24,17
001c1ba0,FUN_001c1ba0,8,17
001c1bb8,FUN_001c1bb8,88,17
001c1c10,FUN_001c1c10,44,17
001c1c40,FUN_001c1c40,8,17
001c1c48,FUN_001c1c48,124,17
001c1cc8,FUN_001c1cc8,8,17
001c1cd0,FUN_001c1cd0,1340,17
001c2210,FUN_001c2210,52,17
001c2248,FUN_001c2248,8,17
001c2250,FUN_001c2250,76,17
001c22a0,FUN_001c22a0,784,17
001c25b0,FUN_001c25b0,212,17
001c2688,FUN_001c2688,212,17
001c2760,FUN_001c2760,52,17
001c2798,FUN_001c2798,56,17
001c27d0,FUN_001c27d0,104,17
001c2838,FUN_001c2838,60,17
001c2878,FUN_001c2878,36,17
001c28a0,FUN_001c28a0,16,17
001c28b0,FUN_001c28b0,220,17
001c2990,FUN_001c2990,12,17
001c29a0,FUN_001c29a0,8,17
001c29a8,FUN_001c29a8,8,17
001c29c0,FUN_001c29c0,88,17
001c2a18,FUN_001c2a18,44,17
001c2a48,FUN_001c2a48,32,17
001c2a68,FUN_001c2a68,48,17
001c2a98,FUN_001c2a98,20,17
001c2ab0,FUN_001c2ab0,268,17
001c2bc0,FUN_001c2bc0,140,17
001c2c50,FUN_001c2c50,320,17
001c2d90,FUN_001c2d90,156,17
001c2e30,FUN_001c2e30,12,17
001c2e68,FUN_001c2e68,64,17
001c2ea8,FUN_001c2ea8,8,17
001c2eb0,FUN_001c2eb0,368,17
001c3020,FUN_001c3020,444,17
001c31e0,FUN_001c31e0,12,17
001c31f8,FUN_001c31f8,44,17
001c3228,FUN_001c3228,76,17
001c3278,FUN_001c3278,64,17
001c32b8,FUN_001c32b8,436,17
001c3470,FUN_001c3470,716,17
001c3740,FUN_001c3740,740,17
001c3a28,FUN_001c3a28,804,17
001c3d50,FUN_001c3d50,112,17
001c3dc0,FUN_001c3dc0,72,17
001c3e08,FUN_001c3e08,8,17
001c3e10,FUN_001c3e10,796,17
001c4130,FUN_001c4130,20,17
001c4148,FUN_001c4148,132,17
001c41d0,FUN_001c41d0,544,17
001c43f0,FUN_001c43f0,464,17
001c45c0,FUN_001c45c0,32,17
001c45e0,FUN_001c45e0,72,17
001c4628,FUN_001c4628,912,17
001c49e0,FUN_001c49e0,796,17
001c4d00,FUN_001c4d00,36,17
001c4d28,FUN_001c4d28,480,17
001c4f08,FUN_001c4f08,36,17
001c4f30,FUN_001c4f30,128,17
001c4fb0,FUN_001c4fb0,304,17
001c50e0,FUN_001c50e0,28,17
001c5100,FUN_001c5100,1516,17
001c56f0,FUN_001c56f0,776,17
001c59f8,FUN_001c59f8,336,17
001c5b48,FUN_001c5b48,444,17
001c5d08,FUN_001c5d08,428,17
001c5eb8,FUN_001c5eb8,144,17
001c5f48,FUN_001c5f48,196,17
001c6010,FUN_001c6010,656,17
001c62a8,FUN_001c62a8,44,17
001c62d8,FUN_001c62d8,20,17
001c62f0,FUN_001c62f0,492,17
001c64e8,FUN_001c64e8,252,17
001c65e8,FUN_001c65e8,28,17
001c6608,FUN_001c6608,88,17
001c6668,FUN_001c6668,344,17
001c67c0,FUN_001c67c0,100,17
001c6828,FUN_001c6828,52,17
001c6860,FUN_001c6860,516,17
001c6a68,FUN_001c6a68,56,17
001c6aa0,FUN_001c6aa0,24,17
001c6ab8,FUN_001c6ab8,16,17
001c6ac8,FUN_001c6ac8,1096,17
001c6f10,FUN_001c6f10,144,17
001c6fa0,FUN_001c6fa0,1168,17
001c7438,FUN_001c7438,780,17
001c7748,FUN_001c7748,648,17
001c79d0,FUN_001c79d0,820,17
001c7d08,FUN_001c7d08,176,17
001c7db8,FUN_001c7db8,848,17
001c8108,FUN_001c8108,232,17
001c81f0,FUN_001c81f0,556,17
001c8420,FUN_001c8420,88,17
001c8478,FUN_001c8478,212,17
001c8560,FUN_001c8560,868,17
001c88c8,FUN_001c88c8,864,17
001c8c38,FUN_001c8c38,232,17
001c8d20,FUN_001c8d20,272,17
001c8e30,FUN_001c8e30,164,17
001c8f08,FUN_001c8f08,384,17
001c9088,FUN_001c9088,80,17
001c90d8,FUN_001c90d8,56,17
001c9110,FUN_001c9110,4060,17
001ca0f0,FUN_001ca0f0,268,17
001ca200,FUN_001ca200,8,17
001ca290,FUN_001ca290,288,17
001ca3b0,FUN_001ca3b0,452,17
001ca590,FUN_001ca590,72,17
001ca5e0,FUN_001ca5e0,508,17
001ca7e0,FUN_001ca7e0,824,17
001cab20,FUN_001cab20,548,17
001cad88,FUN_001cad88,72,17
001cadd8,FUN_001cadd8,1548,17
001cb3e8,FUN_001cb3e8,856,17
001cb780,FUN_001cb780,72,17
001cb7d0,FUN_001cb7d0,972,17
001cbba0,FUN_001cbba0,776,17
001cbed0,FUN_001cbed0,1128,18
001cc350,FUN_001cc350,72,18
001cc3a0,FUN_001cc3a0,1860,18
001ccae8,FUN_001ccae8,976,18
001ccef8,FUN_001ccef8,72,18
001ccf48,FUN_001ccf48,1044,18
001cd360,FUN_001cd360,748,18
001cd650,FUN_001cd650,640,18
001cd8d8,FUN_001cd8d8,296,18
001cda28,FUN_001cda28,124,18
001cdae8,FUN_001cdae8,164,18
001cdb98,FUN_001cdb98,508,18
001cdd98,FUN_001cdd98,1032,18
001ce1b8,FUN_001ce1b8,508,18
001ce3b8,FUN_001ce3b8,944,18
001ce780,FUN_001ce780,600,18
001ce9e0,FUN_001ce9e0,260,18
001ceb00,FUN_001ceb00,72,18
001ceb50,FUN_001ceb50,584,18
001ceda0,FUN_001ceda0,300,18
001ceee8,FUN_001ceee8,72,18
001cef38,FUN_001cef38,664,18
001cf1d0,FUN_001cf1d0,260,18
001cf2f0,FUN_001cf2f0,72,18
001cf340,FUN_001cf340,492,18
001cf530,FUN_001cf530,300,18
001cf678,FUN_001cf678,72,18
001cf6c8,FUN_001cf6c8,500,18
001cf8c0,FUN_001cf8c0,300,18
001cfa08,FUN_001cfa08,72,18
001cfa58,FUN_001cfa58,112,18
001cfac8,FUN_001cfac8,56,18
001cfb00,FUN_001cfb00,44,18
001cfb30,FUN_001cfb30,32,18
001cfb50,FUN_001cfb50,420,18
001cfcf8,FUN_001cfcf8,200,18
001cfdc0,FUN_001cfdc0,144,18
001cfe50,FUN_001cfe50,296,18
001cff78,FUN_001cff78,24,18
001cff90,FUN_001cff90,40,18
001cffb8,FUN_001cffb8,88,18
001d0010,FUN_001d0010,2648,18
001d0a68,FUN_001d0a68,64,18
001d0aa8,FUN_001d0aa8,116,18
001d0b20,FUN_001d0b20,496,18
001d0d10,FUN_001d0d10,108,18
001d0d80,FUN_001d0d80,292,18
001d0ea8,FUN_001d0ea8,72,18
001d0ef0,FUN_001d0ef0,660,18
001d1188,FUN_001d1188,144,18
001d1218,FUN_001d1218,80,18
001d1268,FUN_001d1268,632,18
001d14e0,FUN_001d14e0,1356,18
001d1a30,FUN_001d1a30,248,18
001d1b28,FUN_001d1b28,8,18
001d1b30,FUN_001d1b30,8,18
001d1b38,FUN_001d1b38,8,18
001d1b40,FUN_001d1b40,468,18
001d1d18,FUN_001d1d18,8,18
001d1d20,FUN_001d1d20,164,18
001d1dc8,FUN_001d1dc8,60,18
001d1e08,FUN_001d1e08,1000,18
001d21f0,FUN_001d21f0,212,18
001d22c8,FUN_001d22c8,368,18
001d2438,FUN_001d2438,192,18
001d24f8,FUN_001d24f8,988,18
001d28d8,FUN_001d28d8,996,18
001d2cc0,FUN_001d2cc0,368,18
001d2e30,FUN_001d2e30,232,18
001d2f18,FUN_001d2f18,292,18
001d3040,FUN_001d3040,52,18
001d3078,FUN_001d3078,20,18
001d3090,FUN_001d3090,724,18
001d3368,FUN_001d3368,160,18
001d3408,FUN_001d3408,956,18
001d37c8,FUN_001d37c8,1220,18
001d3c90,FUN_001d3c90,236,18
001d3d80,FUN_001d3d80,92,18
001d3de0,FUN_001d3de0,192,18
001d3ea0,FUN_001d3ea0,284,18
001d3fc0,FUN_001d3fc0,112,18
001d4030,FUN_001d4030,56,18
001d4068,FUN_001d4068,8,18
001d4070,FUN_001d4070,8,18
001d4078,FUN_001d4078,8,18
001d4080,FUN_001d4080,488,18
001d4268,FUN_001d4268,188,18
001d4330,FUN_001d4330,128,18
001d43b0,FUN_001d43b0,616,18
001d4618,FUN_001d4618,24,18
001d4630,FUN_001d4630,552,18
001d4858,FUN_001d4858,316,18
001d4998,FUN_001d4998,180,18
001d4a50,FUN_001d4a50,392,18
001d4bd8,FUN_001d4bd8,156,18
001d4c78,FUN_001d4c78,20,18
001d4c90,FUN_001d4c90,112,18
001d4d00,FUN_001d4d00,568,18
001d4f38,FUN_001d4f38,240,18
001d5028,FUN_001d5028,28,18
001d5048,FUN_001d5048,32,18
001d5068,FUN_001d5068,768,18
001d5370,FUN_001d5370,1172,18
001d5808,FUN_001d5808,32,18
001d5828,FUN_001d5828,412,18
001d59c8,FUN_001d59c8,32,18
001d59e8,FUN_001d59e8,400,18
001d5b78,FUN_001d5b78,172,18
001d5c30,FUN_001d5c30,164,18
001d5cd8,FUN_001d5cd8,104,18
001d5d40,FUN_001d5d40,104,18
001d5da8,FUN_001d5da8,104,18
001d5e58,FUN_001d5e58,76,18
001d5ea8,FUN_001d5ea8,172,18
001d5f58,FUN_001d5f58,220,18
001d6038,FUN_001d6038,128,18
001d60b8,FUN_001d60b8,188,18
001d6178,FUN_001d6178,180,18
001d6230,FUN_001d6230,196,18
001d62f8,FUN_001d62f8,140,18
001d6388,FUN_001d6388,28,18
001d63a8,FUN_001d63a8,224,18
001d6488,FUN_001d6488,368,18
001d65f8,FUN_001d65f8,1612,18
001d6c48,FUN_001d6c48,108,18
001d6cb8,FUN_001d6cb8,440,18
001d6e78,FUN_001d6e78,280,18
001d6f90,FUN_001d6f90,144,18
001d7020,FUN_001d7020,224,18
001d7100,FUN_001d7100,40,18
001d7128,FUN_001d7128,112,18
001d7198,FUN_001d7198,160,18
001d7238,FUN_001d7238,28,18
001d7258,FUN_001d7258,28,18
001d7278,FUN_001d7278,60,18
001d72b8,FUN_001d72b8,8,18
001d72c0,FUN_001d72c0,40,18
001d72e8,FUN_001d72e8,40,18
001d7310,FUN_001d7310,40,18
001d7338,FUN_001d7338,40,18
001d7360,FUN_001d7360,116,18
001d73d8,FUN_001d73d8,132,18
001d7460,FUN_001d7460,52,18
001d7498,FUN_001d7498,48,18
001d74c8,FUN_001d74c8,52,18
001d7500,FUN_001d7500,224,18
001d75e0,FUN_001d75e0,264,18
001d76e8,FUN_001d76e8,888,18
001d7a60,FUN_001d7a60,312,18
001d7b98,FUN_001d7b98,32,18
001d7bb8,FUN_001d7bb8,40,18
001d7be0,FUN_001d7be0,60,18
001d7c20,FUN_001d7c20,156,18
001d7cc0,FUN_001d7cc0,128,18
001d7d40,FUN_001d7d40,392,18
001d7ec8,FUN_001d7ec8,24,18
001d7ee0,FUN_001d7ee0,1264,18
001d83d0,FUN_001d83d0,40,18
001d83f8,FUN_001d83f8,44,18
001d8428,FUN_001d8428,76,18
001d8478,FUN_001d8478,76,18
001d84c8,FUN_001d84c8,8,18
001d84d0,FUN_001d84d0,140,18
001d8560,FUN_001d8560,160,18
001d8600,FUN_001d8600,296,18
001d8728,FUN_001d8728,932,18
001d8ad0,FUN_001d8ad0,228,18
001d8bc0,FUN_001d8bc0,308,18
001d8cf8,FUN_001d8cf8,108,18
001d8d68,FUN_001d8d68,8,18
001d8d70,FUN_001d8d70,120,18
001d8de8,FUN_001d8de8,8,18
001d8df0,FUN_001d8df0,8,18
001d8df8,FUN_001d8df8,60,18
001d8e38,FUN_001d8e38,252,18
001d8f38,FUN_001d8f38,156,18
001d8fd8,FUN_001d8fd8,288,18
001d9100,FUN_001d9100,240,18
001d91f0,FUN_001d91f0,96,18
001d9250,FUN_001d9250,68,18
001d92a0,FUN_001d92a0,432,18
001d9450,FUN_001d9450,168,18
001d94f8,FUN_001d94f8,496,18
001d96e8,FUN_001d96e8,8,18
001d96f0,FUN_001d96f0,8,18
001d9700,FUN_001d9700,92,18
001d9760,FUN_001d9760,8,18
001d9768,FUN_001d9768,92,18
001d97c8,FUN_001d97c8,8,18
001d97d0,FUN_001d97d0,448,18
001d9990,FUN_001d9990,296,18
001d9ab8,FUN_001d9ab8,204,18
001d9b88,FUN_001d9b88,120,18
001d9c00,FUN_001d9c00,104,18
001d9c68,FUN_001d9c68,100,18
001d9cd0,FUN_001d9cd0,44,18
001d9d00,FUN_001d9d00,28,18
001d9d20,FUN_001d9d20,52,18
001d9d58,FUN_001d9d58,104,18
001d9dc0,FUN_001d9dc0,116,18
001d9e40,FUN_001d9e40,100,19
001d9ea8,FUN_001d9ea8,28,19
001d9ec8,FUN_001d9ec8,116,19
001d9f40,FUN_001d9f40,28,19
001d9f60,FUN_001d9f60,20,19
001d9f78,FUN_001d9f78,592,19
001da1c8,FUN_001da1c8,1020,19
001da5c8,FUN_001da5c8,636,19
001da848,FUN_001da848,140,19
001da8d8,FUN_001da8d8,104,19
001da940,FUN_001da940,128,19
001da9c0,FUN_001da9c0,164,19
001daa68,FUN_001daa68,104,19
001daad0,FUN_001daad0,12,19
001daae0,FUN_001daae0,64,19
001dab20,FUN_001dab20,400,19
001dacb0,FUN_001dacb0,44,19
001dace0,FUN_001dace0,40,19
001dad08,FUN_001dad08,88,19
001dad60,FUN_001dad60,48,19
001dad90,FUN_001dad90,396,19
001daf20,FUN_001daf20,176,19
001dafd0,FUN_001dafd0,184,19
001db088,FUN_001db088,184,19
001db140,FUN_001db140,112,19
001db1b0,FUN_001db1b0,256,19
001db2b0,FUN_001db2b0,60,19
001db2f0,FUN_001db2f0,8,19
001db2f8,FUN_001db2f8,424,19
001db4a0,FUN_001db4a0,80,19
001db4f0,FUN_001db4f0,256,19
001db5f0,FUN_001db5f0,1036,19
001dba00,FUN_001dba00,952,19
001dbdb8,FUN_001dbdb8,288,19
001dbed8,FUN_001dbed8,96,19
001dbf38,FUN_001dbf38,196,19
001dc000,FUN_001dc000,56,19
001dc038,FUN_001dc038,356,19
001dc1a0,FUN_001dc1a0,216,19
001dc278,FUN_001dc278,72,19
001dc2c0,FUN_001dc2c0,388,19
001dc498,FUN_001dc498,272,19
001dc5a8,FUN_001dc5a8,104,19
001dc610,FUN_001dc610,128,19
001dc690,FUN_001dc690,84,19
001dc6e8,FUN_001dc6e8,168,19
001dc790,FUN_001dc790,1140,19
001dcc08,FUN_001dcc08,236,19
001dccf8,FUN_001dccf8,196,19
001dcdc0,FUN_001dcdc0,428,19
001dcf70,FUN_001dcf70,488,19
001dd158,FUN_001dd158,644,19
001dd3e0,FUN_001dd3e0,228,19
001dd4c8,FUN_001dd4c8,8,19
001dd4d0,FUN_001dd4d0,52,19
001dd508,FUN_001dd508,208,19
001dd5d8,FUN_001dd5d8,224,19
001dd6c0,FUN_001dd6c0,100,19
001dd728,FUN_001dd728,28,19
001dd748,FUN_001dd748,108,19
001dd7c0,FUN_001dd7c0,116,19
001dd838,FUN_001dd838,400,19
001dd9c8,FUN_001dd9c8,1200,19
001dde78,FUN_001dde78,504,19
001de078,FUN_001de078,372,19
001de1f0,FUN_001de1f0,476,19
001de3d0,FUN_001de3d0,332,19
001de520,FUN_001de520,116,19
001de598,FUN_001de598,344,19
001de6f0,FUN_001de6f0,1304,19
001dec08,FUN_001dec08,344,19
001ded60,FUN_001ded60,344,19
001deeb8,FUN_001deeb8,368,19
001df028,FUN_001df028,84,19
001df080,FUN_001df080,504,19
001df278,FUN_001df278,344,19
001df3d0,FUN_001df3d0,252,19
001df4d0,FUN_001df4d0,368,19
001df640,FUN_001df640,368,19
001df7b0,FUN_001df7b0,340,19
001df908,FUN_001df908,212,19
001df9e0,FUN_001df9e0,208,19
001dfab0,FUN_001dfab0,108,19
001dfb20,FUN_001dfb20,224,19
001dfc08,FUN_001dfc08,108,19
001dfc78,FUN_001dfc78,140,19
001dfd08,FUN_001dfd08,300,19
001dfe38,FUN_001dfe38,120,19
001dfeb0,FUN_001dfeb0,28,19
001dfed0,FUN_001dfed0,340,19
001e0028,FUN_001e0028,1048,19
001e0440,FUN_001e0440,60,19
001e0480,FUN_001e0480,204,19
001e0550,FUN_001e0550,416,19
001e06f0,FUN_001e06f0,116,19
001e0768,FUN_001e0768,132,19
001e07f0,FUN_001e07f0,48,19
001e0820,FUN_001e0820,260,19
001e0930,FUN_001e0930,120,19
001e09a8,FUN_001e09a8,136,19
001e0a30,FUN_001e0a30,756,19
001e0d28,FUN_001e0d28,328,19
001e0e70,FUN_001e0e70,172,19
001e0f28,FUN_001e0f28,188,19
001e0fe8,FUN_001e0fe8,128,19
001e1068,FUN_001e1068,88,19
001e10c0,FUN_001e10c0,60,19
001e1100,FUN_001e1100,244,19
001e11f8,FUN_001e11f8,68,19
001e1240,FUN_001e1240,8,19
001e1248,FUN_001e1248,1092,19
001e1690,FUN_001e1690,76,19
001e16e0,FUN_001e16e0,40,19
001e1708,FUN_001e1708,24,19
001e1720,FUN_001e1720,100,19
001e1788,FUN_001e1788,180,19
001e1840,FUN_001e1840,108,19
001e18b0,FUN_001e18b0,444,19
001e1a70,FUN_001e1a70,300,19
001e1ba0,FUN_001e1ba0,60,19
001e1be0,FUN_001e1be0,112,19
001e1c50,FUN_001e1c50,596,19
001e1ea8,FUN_001e1ea8,12,19
001e1eb8,FUN_001e1eb8,16,19
001e1ec8,FUN_001e1ec8,76,19
001e1f18,FUN_001e1f18,12,19
001e1f28,FUN_001e1f28,12,19
001e1f38,FUN_001e1f38,228,19
001e2020,FUN_001e2020,1312,19
001e2540,FUN_001e2540,400,19
001e26d0,FUN_001e26d0,260,19
001e27d8,FUN_001e27d8,880,19
001e2b48,FUN_001e2b48,156,19
001e2be8,FUN_001e2be8,76,19
001e2c38,FUN_001e2c38,44,19
001e2c68,FUN_001e2c68,204,19
001e2d38,FUN_001e2d38,460,19
001e2f08,FUN_001e2f08,272,19
001e3018,FUN_001e3018,44,19
001e3098,FUN_001e3098,272,19
001e31a8,FUN_001e31a8,40,19
001e31d0,FUN_001e31d0,232,19
001e32b8,FUN_001e32b8,348,19
001e3418,FUN_001e3418,20,19
001e3430,FUN_001e3430,20,19
001e3448,FUN_001e3448,184,19
001e3500,FUN_001e3500,24,19
001e3518,FUN_001e3518,388,19
001e36a0,FUN_001e36a0,48,19
001e36d0,FUN_001e36d0,132,19
001e3758,FUN_001e3758,1004,19
001e3b48,FUN_001e3b48,100,19
001e3bb0,FUN_001e3bb0,220,19
001e3c90,FUN_001e3c90,776,19
001e3fa0,FUN_001e3fa0,88,19
001e3ff8,FUN_001e3ff8,616,19
001e4260,FUN_001e4260,108,19
001e42d0,FUN_001e42d0,464,19
001e44a0,FUN_001e44a0,260,19
001e45a8,FUN_001e45a8,164,19
001e4650,FUN_001e4650,204,19
001e4720,FUN_001e4720,108,19
001e49d0,FUN_001e49d0,164,19
001e4a78,FUN_001e4a78,76,19
001e4ac8,FUN_001e4ac8,16,19
001e4ad8,FUN_001e4ad8,96,19
001e4b38,FUN_001e4b38,56,19
001e4b70,FUN_001e4b70,300,19
001e4ca0,FUN_001e4ca0,132,19
001e4d28,FUN_001e4d28,292,19
001e4e50,FUN_001e4e50,236,19
001e4f40,FUN_001e4f40,28,19
001e4f60,FUN_001e4f60,348,19
001e50c0,FUN_001e50c0,32,19
001e50e0,FUN_001e50e0,136,19
001e5168,FUN_001e5168,92,19
001e51c8,FUN_001e51c8,24,19
001e51e0,FUN_001e51e0,144,19
001e5270,FUN_001e5270,240,19
001e5360,FUN_001e5360,168,19
001e5408,FUN_001e5408,24,19
001e5420,FUN_001e5420,1036,19
001e5830,FUN_001e5830,204,19
001e5900,FUN_001e5900,64,19
001e5940,FUN_001e5940,428,19
001e5af8,FUN_001e5af8,436,19
001e5cb0,FUN_001e5cb0,40,19
001e5cd8,FUN_001e5cd8,8,19
001e5ce0,FUN_001e5ce0,160,19
001e5d80,FUN_001e5d80,8,19
001e5d88,FUN_001e5d88,60,19
001e5dd0,FUN_001e5dd0,352,19
001e5f30,FUN_001e5f30,116,19
001e5fa8,FUN_001e5fa8,32,19
001e5fc8,FUN_001e5fc8,136,19
001e6050,FUN_001e6050,8,19
001e6058,FUN_001e6058,48,19
001e6088,FUN_001e6088,32,19
001e60a8,FUN_001e60a8,56,19
001e60e0,FUN_001e60e0,56,19
001e6118,FUN_001e6118,56,20
001e6150,FUN_001e6150,184,20
001e6208,FUN_001e6208,52,20
001e6240,FUN_001e6240,144,20
001e62d0,FUN_001e62d0,12,20
001e62e0,FUN_001e62e0,136,20
001e6370,FUN_001e6370,72,20
001e63b8,FUN_001e63b8,484,20
001e65a0,FUN_001e65a0,112,20
001e6610,FUN_001e6610,64,20
001e6650,FUN_001e6650,156,20
001e66f0,FUN_001e66f0,16,20
001e6700,FUN_001e6700,184,20
001e67b8,FUN_001e67b8,188,20
001e6878,FUN_001e6878,208,20
001e6948,FUN_001e6948,152,20
001e69e0,FUN_001e69e0,8,20
001e69e8,FUN_001e69e8,88,20
001e6a40,FUN_001e6a40,84,20
001e6a98,FUN_001e6a98,84,20
001e6af8,FUN_001e6af8,120,20
001e6b70,FUN_001e6b70,24,20
001e6b88,FUN_001e6b88,68,20
001e6bd0,FUN_001e6bd0,104,20
001e6c38,FUN_001e6c38,536,20
001e6e50,FUN_001e6e50,552,20
001e7078,FUN_001e7078,160,20
001e7118,FUN_001e7118,52,20
001e7150,FUN_001e7150,24,20
001e7168,FUN_001e7168,352,20
001e72c8,FUN_001e72c8,384,20
001e7448,FUN_001e7448,320,20
001e7588,FUN_001e7588,100,20
001e75f0,FUN_001e75f0,16,20
001e7608,FUN_001e7608,504,20
001e7800,FUN_001e7800,16,20
001e7810,FUN_001e7810,476,20
001e79f0,FUN_001e79f0,92,20
001e7a58,FUN_001e7a58,940,20
001e7e08,FUN_001e7e08,76,20
001e7e58,FUN_001e7e58,612,20
001e80c0,FUN_001e80c0,96,20
001e8120,FUN_001e8120,160,20
001e81c0,FUN_001e81c0,132,20
001e8248,FUN_001e8248,8,20
001e8250,FUN_001e8250,84,20
001e82a8,FUN_001e82a8,1128,20
001e8710,FUN_001e8710,132,20
001e8798,FUN_001e8798,8,20
001e87a0,FUN_001e87a0,348,20
001e8900,FUN_001e8900,124,20
001e8980,FUN_001e8980,44,20
001e89b0,FUN_001e89b0,128,20
001e8a30,FUN_001e8a30,192,20
001e8af0,FUN_001e8af0,68,20
001e8b38,FUN_001e8b38,40,20
001e8b60,FUN_001e8b60,1516,20
001e9150,FUN_001e9150,252,20
001e9250,FUN_001e9250,1008,20
001e9640,FUN_001e9640,28,20
001e9660,FUN_001e9660,40,20
001e9688,FUN_001e9688,636,20
001e9908,FUN_001e9908,80,20
001e9958,FUN_001e9958,364,20
001e9ad0,FUN_001e9ad0,96,20
001e9b30,FUN_001e9b30,40,20
001e9b58,FUN_001e9b58,240,20
001e9c48,FUN_001e9c48,28,20
001e9c68,FUN_001e9c68,188,20
001e9d30,FUN_001e9d30,212,20
001e9e08,FUN_001e9e08,224,20
001e9ee8,FUN_001e9ee8,788,20
001ea200,FUN_001ea200,208,20
001ea2d0,FUN_001ea2d0,544,20
001ea4f0,FUN_001ea4f0,32,20
001ea510,FUN_001ea510,8,20
001ea518,FUN_001ea518,100,20
001ea580,FUN_001ea580,156,20
001ea628,FUN_001ea628,256,20
001ea728,FUN_001ea728,88,20
001ea780,FUN_001ea780,64,20
001ea7c0,FUN_001ea7c0,8,20
001ea7c8,FUN_001ea7c8,204,20
001ea898,FUN_001ea898,68,20
001ea8e0,FUN_001ea8e0,80,20
001ea930,FUN_001ea930,236,20
001eaa20,FUN_001eaa20,168,20
001eaac8,FUN_001eaac8,48,20
001eaaf8,FUN_001eaaf8,52,20
001eab30,FUN_001eab30,48,20
001eab60,FUN_001eab60,64,20
001eaba0,FUN_001eaba0,56,20
001eabd8,FUN_001eabd8,64,20
001eac18,FUN_001eac18,300,20
001ead48,FUN_001ead48,1860,20
001eb490,FUN_001eb490,44,20
001eb4c0,FUN_001eb4c0,884,20
001eb838,FUN_001eb838,352,20
001eb998,FUN_001eb998,748,20
001ebc88,FUN_001ebc88,256,20
001ebd88,FUN_001ebd88,296,20
001ebeb8,FUN_001ebeb8,176,20
001ebf68,FUN_001ebf68,84,20
001ebfc0,FUN_001ebfc0,160,20
001ec060,FUN_001ec060,88,20
001ec0b8,FUN_001ec0b8,160,20
001ec158,FUN_001ec158,236,20
001ec248,FUN_001ec248,228,20
001ec330,FUN_001ec330,296,20
001ec458,FUN_001ec458,20,20
001ec470,FUN_001ec470,236,20
001ec560,FUN_001ec560,100,20
001ec5c8,FUN_001ec5c8,56,20
001ec600,FUN_001ec600,144,20
001ec690,FUN_001ec690,100,20
001ec6f8,FUN_001ec6f8,108,20
001ec768,FUN_001ec768,12,20
001ec778,FUN_001ec778,200,20
001ec840,FUN_001ec840,20,20
001ec858,FUN_001ec858,128,20
001ec8d8,FUN_001ec8d8,152,20
001ec970,FUN_001ec970,124,20
001ec9f0,FUN_001ec9f0,228,20
001ecad8,FUN_001ecad8,28,20
001ecaf8,FUN_001ecaf8,600,20
001ecd50,FUN_001ecd50,416,20
001ecef8,FUN_001ecef8,48,20
001ecf80,FUN_001ecf80,228,20
001ed068,FUN_001ed068,56,20
001ed0a0,FUN_001ed0a0,104,20
001ed108,FUN_001ed108,104,20
001ed170,FUN_001ed170,88,20
001ed1c8,FUN_001ed1c8,80,20
001ed218,FUN_001ed218,88,20
001ed270,FUN_001ed270,88,20
001ed2c8,FUN_001ed2c8,32,20
001ed2e8,FUN_001ed2e8,184,20
001ed3a0,FUN_001ed3a0,28,20
001ed3c0,FUN_001ed3c0,32,20
001ed3e0,FUN_001ed3e0,152,20
001ed478,FUN_001ed478,32,20
001ed4a0,FUN_001ed4a0,80,20
001ed4f0,FUN_001ed4f0,136,20
001ed578,FUN_001ed578,200,20
001ed640,FUN_001ed640,8,20
001ed648,FUN_001ed648,104,20
001ed6b0,FUN_001ed6b0,104,20
001ed718,FUN_001ed718,260,20
001ed820,FUN_001ed820,12,20
001ed830,FUN_001ed830,160,20
001ed8d0,FUN_001ed8d0,152,20
001ed968,FUN_001ed968,96,20
001ed9c8,FUN_001ed9c8,440,20
001edb80,FUN_001edb80,256,20
001edc80,FUN_001edc80,256,20
001edd80,FUN_001edd80,56,20
001eddb8,FUN_001eddb8,36,20
001edde0,FUN_001edde0,180,20
001ede98,FUN_001ede98,536,20
001ee0b0,FUN_001ee0b0,156,20
001ee158,FUN_001ee158,276,20
001ee298,FUN_001ee298,676,20
001ee540,FUN_001ee540,160,20
001ee5e0,FUN_001ee5e0,140,20
001ee678,FUN_001ee678,468,20
001ee850,FUN_001ee850,56,20
001ee888,FUN_001ee888,76,20
001ee8d8,FUN_001ee8d8,548,20
001eeb00,FUN_001eeb00,600,20
001eed58,FUN_001eed58,52,20
001eed98,FUN_001eed98,808,20
001ef0c0,FUN_001ef0c0,408,20
001ef260,FUN_001ef260,256,20
001ef360,FUN_001ef360,420,20
001ef508,FUN_001ef508,60,20
001ef548,FUN_001ef548,420,20
001ef6f0,FUN_001ef6f0,28,20
001ef710,FUN_001ef710,152,20
001ef7b0,FUN_001ef7b0,88,20
001ef808,FUN_001ef808,200,20
001ef8d0,FUN_001ef8d0,236,20
001ef9c0,FUN_001ef9c0,476,20
001efba0,FUN_001efba0,396,20
001efd30,FUN_001efd30,216,20
001efe08,FUN_001efe08,88,20
001efe60,FUN_001efe60,16,20
001efe70,FUN_001efe70,340,20
001effc8,FUN_001effc8,764,20
001f02c8,FUN_001f02c8,56,20
001f0300,FUN_001f0300,32,20
001f0320,FUN_001f0320,160,20
001f03c0,FUN_001f03c0,16,20
001f03d0,FUN_001f03d0,484,20
001f05d0,FUN_001f05d0,64,20
001f0620,FUN_001f0620,80,20
001f0678,FUN_001f0678,240,20
001f0770,FUN_001f0770,72,20
001f07b8,FUN_001f07b8,88,20
001f0810,FUN_001f0810,216,20
001f08e8,FUN_001f08e8,108,20
001f0958,FUN_001f0958,104,21
001f09c0,FUN_001f09c0,728,21
001f0c98,FUN_001f0c98,648,21
001f0f28,FUN_001f0f28,232,21
001f1018,FUN_001f1018,152,21
001f10b8,FUN_001f10b8,68,21
001f1110,FUN_001f1110,264,21
001f1220,FUN_001f1220,48,21
001f1258,FUN_001f1258,724,21
001f1530,FUN_001f1530,212,21
001f1608,FUN_001f1608,84,21
001f1660,FUN_001f1660,876,21
001f19d0,FUN_001f19d0,48,21
001f1a00,FUN_001f1a00,108,21
001f1a70,FUN_001f1a70,104,21
001f1ad8,FUN_001f1ad8,180,21
001f1b98,FUN_001f1b98,100,21
001f1c00,FUN_001f1c00,8,21
001f1c08,FUN_001f1c08,8,21
001f1c10,FUN_001f1c10,300,21
001f1d48,FUN_001f1d48,64,21
001f1db0,FUN_001f1db0,68,21
001f1df8,FUN_001f1df8,36,21
001f1e20,FUN_001f1e20,52,21
001f1e58,FUN_001f1e58,52,21
001f1e90,FUN_001f1e90,36,21
001f1eb8,FUN_001f1eb8,36,21
001f1ee0,FUN_001f1ee0,40,21
001f1f08,FUN_001f1f08,732,21
001f21e8,FUN_001f21e8,344,21
001f2340,FUN_001f2340,612,21
001f25a8,FUN_001f25a8,108,21
001f2618,FUN_001f2618,168,21
001f26c0,FUN_001f26c0,128,21
001f2740,FUN_001f2740,80,21
001f2790,FUN_001f2790,96,21
001f27f0,FUN_001f27f0,8,21
001f27f8,FUN_001f27f8,48,21
001f2828,FUN_001f2828,8,21
001f2830,FUN_001f2830,8,21
001f2838,FUN_001f2838,56,21
001f2870,FUN_001f2870,36,21
001f2898,FUN_001f2898,56,21
001f28d0,FUN_001f28d0,60,21
001f2910,FUN_001f2910,8,21
001f2918,FUN_001f2918,60,21
001f2958,FUN_001f2958,68,21
001f29a0,FUN_001f29a0,72,21
001f29e8,FUN_001f29e8,72,21
001f2a38,FUN_001f2a38,36,21
001f2a60,FUN_001f2a60,516,21
001f2c68,FUN_001f2c68,44,21
001f2c98,FUN_001f2c98,8,21
001f2ca8,FUN_001f2ca8,40,21
001f2cd0,FUN_001f2cd0,40,21
001f2d08,FUN_001f2d08,100,21
001f2d70,FUN_001f2d70,60,21
001f2db0,FUN_001f2db0,72,21
001f2df8,FUN_001f2df8,172,21
001f2ea8,FUN_001f2ea8,180,21
001f2f60,FUN_001f2f60,148,21
001f2ff8,FUN_001f2ff8,80,21
001f3048,FUN_001f3048,500,21
001f3240,FUN_001f3240,500,21
001f3438,FUN_001f3438,380,21
001f35b8,FUN_001f35b8,32,21
001f35d8,FUN_001f35d8,268,21
001f36e8,FUN_001f36e8,608,21
001f3948,FUN_001f3948,344,21
001f3aa0,FUN_001f3aa0,1096,21
001f3ee8,FUN_001f3ee8,728,21
001f41c0,FUN_001f41c0,224,21
001f42a0,FUN_001f42a0,40,21
001f42c8,FUN_001f42c8,292,21
001f43f0,FUN_001f43f0,100,21
001f4458,FUN_001f4458,92,21
001f44b8,FUN_001f44b8,8,21
001f44c0,FUN_001f44c0,44,21
001f44f0,FUN_001f44f0,636,21
001f4770,FUN_001f4770,1344,21
001f4cb0,FUN_001f4cb0,124,21
001f4d30,FUN_001f4d30,88,21
001f4d88,FUN_001f4d88,88,21
001f4de0,FUN_001f4de0,88,21
001f4e38,fe_FE_PRIMARYOBJ_NEW_001f4e38,1492,21
001f5418,FUN_001f5418,124,21
001f5498,FUN_001f5498,724,21
001f5770,fe_FE_SECONDARYOBJECTIVETARGETS_001f5770,224,21
001f5850,FUN_001f5850,216,21
001f5928,FUN_001f5928,40,21
001f5950,FUN_001f5950,108,21
001f59c0,FUN_001f59c0,40,21
001f59e8,FUN_001f59e8,1392,21
001f5f58,FUN_001f5f58,5776,21
001f75e8,FUN_001f75e8,256,21
001f76e8,FUN_001f76e8,104,21
001f79a8,FUN_001f79a8,112,21
001f7a18,fe_FE_HINTPROMPT_001f7a18,308,21
001f7b58,FUN_001f7b58,56,21
001f7b90,FUN_001f7b90,72,21
001f7bd8,FUN_001f7bd8,100,21
001f7c40,FUN_001f7c40,8,21
001f7c48,FUN_001f7c48,1264,21
001f8138,FUN_001f8138,160,21
001f81d8,FUN_001f81d8,48,21
001f8208,FUN_001f8208,268,21
001f8318,FUN_001f8318,460,21
001f84e8,FUN_001f84e8,64,21
001f8528,FUN_001f8528,164,21
001f85d0,FUN_001f85d0,56,21
001f8608,FUN_001f8608,508,21
001f8808,FUN_001f8808,1964,21
001f8fb8,FUN_001f8fb8,64,21
001f8ff8,FUN_001f8ff8,24,21
001f9028,FUN_001f9028,108,21
001f9098,FUN_001f9098,516,21
001f92a0,FUN_001f92a0,1756,21
001f9980,FUN_001f9980,12,21
001f9990,FUN_001f9990,176,21
001f9a40,FUN_001f9a40,184,21
001f9af8,FUN_001f9af8,232,21
001f9be0,FUN_001f9be0,480,21
001f9dc0,FUN_001f9dc0,36,21
001f9de8,FUN_001f9de8,196,21
001f9eb0,FUN_001f9eb0,72,21
001f9ef8,FUN_001f9ef8,568,21
001fa130,FUN_001fa130,632,21
001fa3a8,FUN_001fa3a8,144,21
001fa438,FUN_001fa438,48,21
001fa468,FUN_001fa468,112,21
001fa4d8,FUN_001fa4d8,384,21
001fa658,FUN_001fa658,1344,21
001faba0,FUN_001faba0,52,21
001fabd8,FUN_001fabd8,40,21
001fac00,FUN_001fac00,116,21
001fac78,FUN_001fac78,412,21
001fae18,FUN_001fae18,3168,21
001fba78,FUN_001fba78,196,21
001fbb48,FUN_001fbb48,580,21
001fbd90,FUN_001fbd90,1016,21
001fc188,FUN_001fc188,248,21
001fc280,FUN_001fc280,160,21
001fc320,FUN_001fc320,220,21
001fc400,FUN_001fc400,144,21
001fc490,FUN_001fc490,100,21
001fc4f8,FUN_001fc4f8,8,21
001fc500,FUN_001fc500,8,21
001fc508,FUN_001fc508,80,21
001fc558,FUN_001fc558,356,21
001fc6c0,FUN_001fc6c0,352,21
001fc820,FUN_001fc820,380,21
001fc9a8,FUN_001fc9a8,116,21
001fca20,FUN_001fca20,876,21
001fcd90,FUN_001fcd90,40,21
001fcdb8,FUN_001fcdb8,40,21
001fcde0,FUN_001fcde0,520,21
001fcfe8,FUN_001fcfe8,396,21
001fd178,FUN_001fd178,168,21
001fd230,FUN_001fd230,100,21
001fd298,FUN_001fd298,336,21
001fd3e8,FUN_001fd3e8,80,21
001fd440,FUN_001fd440,516,21
001fd648,FUN_001fd648,600,21
001fd8a0,FUN_001fd8a0,80,21
001fd8f0,FUN_001fd8f0,136,21
001fd978,FUN_001fd978,28,21
001fd998,FUN_001fd998,36,21
001fd9c0,FUN_001fd9c0,268,21
001fdad0,FUN_001fdad0,296,21
001fdbf8,FUN_001fdbf8,80,21
001fdc48,FUN_001fdc48,732,21
001fdf28,FUN_001fdf28,28,21
001fdf48,FUN_001fdf48,172,21
001fdff8,FUN_001fdff8,8,21
001fe000,FUN_001fe000,104,21
001fe068,FUN_001fe068,788,21
001fe380,fe_FE_LEVELNAME0_EXTRA2_001fe380,6728,21
001ffdc8,FUN_001ffdc8,164,21
001ffe70,FUN_001ffe70,280,21
001fff90,FUN_001fff90,240,21
00200088,FUN_00200088,1520,21
00200678,FUN_00200678,116,21
002006f0,FUN_002006f0,360,21
00200858,FUN_00200858,528,21
00200a68,FUN_00200a68,12,21
00200a78,FUN_00200a78,92,21
00200ad8,FUN_00200ad8,116,21
00200b50,FUN_00200b50,96,21
00200bb0,FUN_00200bb0,844,21
00200f00,FUN_00200f00,8,21
00200f08,FUN_00200f08,264,21
00201010,FUN_00201010,244,21
00201108,FUN_00201108,1036,21
00201518,FUN_00201518,44,21
00201548,FUN_00201548,536,21
00201760,FUN_00201760,508,21
00201960,FUN_00201960,64,21
002019a0,FUN_002019a0,84,21
002019f8,FUN_002019f8,112,21
00201a68,FUN_00201a68,100,21
00201ad0,FUN_00201ad0,9952,22
002041b0,FUN_002041b0,32,22
002041d0,FUN_002041d0,40,22
002041f8,FUN_002041f8,596,22
00204450,FUN_00204450,1148,22
002048d0,FUN_002048d0,64,22
00204910,FUN_00204910,284,22
00204a30,FUN_00204a30,32,22
00204a50,FUN_00204a50,164,22
00204af8,FUN_00204af8,648,22
00204d80,FUN_00204d80,288,22
00204ea0,FUN_00204ea0,28,22
00204ec0,FUN_00204ec0,64,22
00204f00,FUN_00204f00,48,22
00204f30,FUN_00204f30,92,22
00204f90,FUN_00204f90,28,22
00204fb0,FUN_00204fb0,60,22
00204ff0,FUN_00204ff0,16,22
00205000,FUN_00205000,172,22
002050b0,FUN_002050b0,8,22
002050b8,FUN_002050b8,184,22
00205170,FUN_00205170,12,22
00205180,FUN_00205180,140,22
00205210,FUN_00205210,136,22
002052a0,FUN_002052a0,284,22
002053c0,FUN_002053c0,28,22
002053e0,FUN_002053e0,948,22
00205798,FUN_00205798,108,22
00205808,FUN_00205808,40,22
00205830,FUN_00205830,68,22
00205878,FUN_00205878,116,22
002058f0,FUN_002058f0,140,22
00205980,FUN_00205980,28,22
002059a0,FUN_002059a0,96,22
00205a00,FUN_00205a00,156,22
00205aa0,FUN_00205aa0,200,22
00205b68,FUN_00205b68,136,22
00205bf0,FUN_00205bf0,28,22
00205c10,FUN_00205c10,64,22
00205c50,FUN_00205c50,76,22
00205ca0,FUN_00205ca0,156,22
00205d40,FUN_00205d40,884,22
002060b8,FUN_002060b8,28,22
002060d8,FUN_002060d8,52,22
00206110,FUN_00206110,28,22
00206130,FUN_00206130,184,22
002061e8,FUN_002061e8,8,22
002061f0,FUN_002061f0,32,22
00206218,FUN_00206218,44,22
00206248,FUN_00206248,1176,22
002066e0,FUN_002066e0,796,22
00206a00,FUN_00206a00,32,22
00206a28,FUN_00206a28,44,22
00206a58,FUN_00206a58,208,22
00206b28,FUN_00206b28,8,22
00206b30,FUN_00206b30,32,22
00206b58,FUN_00206b58,48,22
00206b88,fe_FE_PressStart_00206b88,680,22
00206e30,FUN_00206e30,216,22
00206f08,FUN_00206f08,32,22
00206f30,FUN_00206f30,240,22
00207020,FUN_00207020,240,22
00207110,FUN_00207110,176,22
002071c8,FUN_002071c8,48,22
002071f8,FUN_002071f8,28,22
00207218,FUN_00207218,132,22
002072a0,FUN_002072a0,64,22
002072e0,FUN_002072e0,784,22
002075f0,FUN_002075f0,28,22
00207610,FUN_00207610,148,22
002076a8,FUN_002076a8,80,22
002076f8,FUN_002076f8,576,22
00207938,FUN_00207938,56,22
00207978,FUN_00207978,520,22
00207b80,FUN_00207b80,1472,22
00208140,FUN_00208140,2488,22
00208af8,FUN_00208af8,244,22
00208bf0,FUN_00208bf0,104,22
00208c60,FUN_00208c60,160,22
00208d00,FUN_00208d00,1464,22
002092b8,FUN_002092b8,32,22
002092d8,FUN_002092d8,12,22
002092e8,FUN_002092e8,36,22
00209340,FUN_00209340,36,22
00209378,FUN_00209378,180,22
00209430,FUN_00209430,88,22
002094a8,FUN_002094a8,8,22
002094b0,FUN_002094b0,40,22
002094d8,fe_FEFunctionTrigger_002094d8,316,22
00209618,FUN_00209618,144,22
002096a8,FUN_002096a8,180,22
00209760,FUN_00209760,84,22
002097b8,FUN_002097b8,8,22
002097c0,fe_FEInputId_002097c0,152,22
00209858,FUN_00209858,212,22
00209930,FUN_00209930,288,22
00209a50,FUN_00209a50,8,22
00209a58,FUN_00209a58,8,22
00209a60,FUN_00209a60,60,22
00209aa0,FUN_00209aa0,308,22
00209bd8,FUN_00209bd8,36,22
00209c08,FUN_00209c08,36,22
00209c38,FUN_00209c38,36,22
00209c60,FUN_00209c60,8,22
00209c68,FUN_00209c68,8,22
00209c70,FUN_00209c70,8,22
00209c78,FUN_00209c78,8,22
00209c80,FUN_00209c80,8,22
00209c88,FUN_00209c88,8,22
00209c90,FUN_00209c90,44,22
00209cc0,FUN_00209cc0,44,22
00209cf0,FUN_00209cf0,28,22
00209d10,FUN_00209d10,124,22
00209d90,FUN_00209d90,232,22
00209e78,FUN_00209e78,8,22
00209e80,FUN_00209e80,72,22
00209ec8,FUN_00209ec8,92,22
00209f38,FUN_00209f38,92,22
00209f98,FUN_00209f98,92,22
00209ff8,FUN_00209ff8,92,22
0020a058,FUN_0020a058,456,22
0020a220,FUN_0020a220,276,22
0020a338,fe_FEChangePage_0020a338,1936,22
0020aac8,FUN_0020aac8,84,22
0020ab20,FUN_0020ab20,492,22
0020ad10,fe_FECurrentLevelId_0020ad10,268,22
0020ae20,FUN_0020ae20,128,22
0020aea0,FUN_0020aea0,344,22
0020aff8,FUN_0020aff8,80,22
0020b048,FUN_0020b048,116,22
0020b0c0,fe_FECurrentLevelId_0020b0c0,164,22
0020b170,FUN_0020b170,320,22
0020b2b0,FUN_0020b2b0,968,22
0020b678,FUN_0020b678,584,22
0020b8c0,FUN_0020b8c0,36,22
0020b8e8,FUN_0020b8e8,100,22
0020b950,FUN_0020b950,48,22
0020b980,FUN_0020b980,8,22
0020b988,FUN_0020b988,268,22
0020ba98,FUN_0020ba98,104,22
0020bb08,FUN_0020bb08,248,22
0020bc00,FUN_0020bc00,20,22
0020bc18,FUN_0020bc18,632,22
0020be90,FUN_0020be90,40,22
0020beb8,FUN_0020beb8,44,22
0020bee8,FUN_0020bee8,44,22
0020bfb0,FUN_0020bfb0,56,22
0020bff8,FUN_0020bff8,156,22
0020c0a8,FUN_0020c0a8,36,22
0020c0e8,FUN_0020c0e8,372,22
0020c260,FUN_0020c260,476,22
0020c448,FUN_0020c448,108,22
0020c4b8,FUN_0020c4b8,56,22
0020c4f0,FUN_0020c4f0,156,22
0020c5f0,FUN_0020c5f0,460,22
0020c7c0,FUN_0020c7c0,132,22
0020c998,FUN_0020c998,156,22
0020ca98,FUN_0020ca98,52,22
0020cad0,fe_FE_RESTART_0020cad0,240,22
0020cbc0,FUN_0020cbc0,148,22
0020cc60,FUN_0020cc60,52,22
0020cca0,FUN_0020cca0,88,22
0020ccf8,FUN_0020ccf8,8,22
0020cd00,FUN_0020cd00,960,22
0020d0c0,FUN_0020d0c0,184,22
0020d188,FUN_0020d188,28,22
0020d1a8,FUN_0020d1a8,28,22
0020d1c8,FUN_0020d1c8,1716,22
0020d880,FUN_0020d880,144,22
0020d910,FUN_0020d910,76,22
0020d960,FUN_0020d960,92,22
0020d9c0,FUN_0020d9c0,384,22
0020db40,FUN_0020db40,12,22
0020db58,FUN_0020db58,56,22
0020db90,FUN_0020db90,140,22
0020dc20,FUN_0020dc20,60,22
0020dc60,FUN_0020dc60,80,22
0020dcb0,FUN_0020dcb0,68,22
0020dcf8,FUN_0020dcf8,76,22
0020dd48,FUN_0020dd48,60,22
0020dd88,FUN_0020dd88,12,22
0020dd98,FUN_0020dd98,144,22
0020de28,FUN_0020de28,76,22
0020de78,FUN_0020de78,80,22
0020dec8,FUN_0020dec8,104,22
0020df30,FUN_0020df30,32,22
0020df68,FUN_0020df68,36,22
0020df90,FUN_0020df90,36,22
0020dfc8,FUN_0020dfc8,84,22
0020e020,FUN_0020e020,68,22
0020e068,FUN_0020e068,96,22
0020e0c8,FUN_0020e0c8,80,22
0020e118,FUN_0020e118,232,22
0020e200,fe_FE_COUNT_0020e200,312,22
0020e338,FUN_0020e338,364,22
0020e4a8,FUN_0020e4a8,184,22
0020e560,FUN_0020e560,188,22
0020e620,FUN_0020e620,16,22
0020e630,FUN_0020e630,68,22
0020e678,FUN_0020e678,76,22
0020e6c8,FUN_0020e6c8,84,23
0020e720,FUN_0020e720,72,23
0020e768,FUN_0020e768,64,23
0020e7a8,FUN_0020e7a8,80,23
0020e7f8,FUN_0020e7f8,72,23
0020e840,FUN_0020e840,64,23
0020e880,FUN_0020e880,64,23
0020e8c8,FUN_0020e8c8,512,23
0020eac8,fe_FELevelUnlocked1_0020eac8,740,23
0020edb0,fe_FELevelUnlocked1_0020edb0,372,23
0020ef28,fe_FE_LOCKED_0020ef28,828,23
0020f268,FUN_0020f268,548,23
0020f490,fe_FE_DIFFICULTYDESC_EASY_0020f490,268,23
0020f5a0,FUN_0020f5a0,68,23
0020f5e8,FUN_0020f5e8,220,23
0020f6c8,fe_FEDiffMode_0020f6c8,600,23
0020f920,fe_FEDiffMode_0020f920,464,23
0020faf0,fe_FE_NOCURRENTPRIMARYOBJECTIVE_0020faf0,1648,23
00210160,FUN_00210160,88,23
002101b8,FUN_002101b8,112,23
00210228,FUN_00210228,112,23
00210298,fe_FE_DESTRUCTION_HINT_00210298,220,23
00210378,FUN_00210378,216,23
00210450,fe_FEInvertLookFlag_00210450,420,23
002105f8,fe_FEInvertLookFlag_002105f8,192,23
002106b8,FUN_002106b8,144,23
00210748,FUN_00210748,144,23
002107d8,FUN_002107d8,120,23
00210850,FUN_00210850,120,23
002108c8,FUN_002108c8,276,23
002109e0,fe_FEInvertLookFlag_002109e0,604,23
00210c40,fe_FEInvertLookFlag_00210c40,372,23
00210db8,FUN_00210db8,68,23
00210e00,FUN_00210e00,104,23
00210e68,FUN_00210e68,104,23
00210ed0,FUN_00210ed0,276,23
00210fe8,FUN_00210fe8,184,23
00211108,FUN_00211108,264,23
00211210,FUN_00211210,364,23
00211380,FUN_00211380,52,23
002113b8,FUN_002113b8,100,23
00211420,FUN_00211420,48,23
00211450,FUN_00211450,300,23
00211580,FUN_00211580,36,23
002115a8,FUN_002115a8,200,23
00211670,fe_FE_CCONF_DUPWARNING_00211670,536,23
00211888,fe_FE_CCONF_MISSWARNING_00211888,568,23
00211ac0,fe_FESFXVolume_00211ac0,280,23
00211bd8,fe_FESFXVolume_00211bd8,184,23
00211c90,FUN_00211c90,124,23
00211d10,FUN_00211d10,104,23
00211d78,FUN_00211d78,116,23
00211df0,FUN_00211df0,112,23
00211e60,FUN_00211e60,88,23
00211eb8,FUN_00211eb8,88,23
00211f10,FUN_00211f10,92,23
00211f80,fe_FEPictureOutputType_00211f80,136,23
00212008,fe_FEPictureOutputType_00212008,64,23
00212048,FUN_00212048,64,23
00212088,FUN_00212088,104,23
002120f0,FUN_002120f0,80,23
00212140,FUN_00212140,80,23
00212190,fe_FEDifficulty_00212190,160,23
00212230,fe_FEDifficulty_00212230,112,23
002122a0,FUN_002122a0,44,23
002122d0,FUN_002122d0,32,23
002122f0,FUN_002122f0,40,23
00212318,FUN_00212318,28,23
00212338,FUN_00212338,76,23
00212388,FUN_00212388,104,23
002123f0,FUN_002123f0,80,23
00212440,FUN_00212440,76,23
00212490,FUN_00212490,64,23
002124d0,FUN_002124d0,84,23
00212528,fe_FE_CURRENTDIFFICULTY_00212528,584,23
00212770,FUN_00212770,464,23
00212940,fe_FE_FORMAT_COUNT_OF_UNKNOWN_00212940,2684,23
002133c0,fe_FE_RANKCHANGE_002133c0,164,23
00213468,FUN_00213468,132,23
002134f8,fe_FE_CURRENTCHALLENGELEVEL_002134f8,608,23
00213758,fe_FEAK47IsUnlocked_00213758,480,23
00213938,FUN_00213938,136,23
002139c0,fe_FE_CHALLENGERATINGFORMAT_002139c0,744,23
00213ca8,fe_FE_LEVELLOCKED_FORMAT_00213ca8,280,23
00213dc0,fe_FE_HEADCOUNT_00213dc0,488,23
00213fa8,fe_FE_GUNRUN_00213fa8,392,23
00214130,fe_FE_KILLINGTIME_00214130,460,23
00214300,FUN_00214300,260,23
00214408,fe_FE_NOMEDALAWARDED_00214408,256,23
00214508,FUN_00214508,212,23
002145e0,fe_FE_HEADSHOTS_002145e0,1084,23
00214a20,fe_FE_NOMEDALAWARDED_00214a20,368,23
00214b90,FUN_00214b90,180,23
00214c48,FUN_00214c48,172,23
00214cf8,fe_FE_MemcardOptionSelected_00214cf8,812,23
00215028,FUN_00215028,48,23
00215058,fe_FE_MemcardOptionSelected_00215058,504,23
00215250,FUN_00215250,1116,23
00215788,FUN_00215788,64,23
00215858,FUN_00215858,296,23
00215980,FUN_00215980,128,23
00215a30,FUN_00215a30,384,23
00215bb0,FUN_00215bb0,56,23
00215be8,FUN_00215be8,312,23
00215d20,FUN_00215d20,72,23
00215d68,FUN_00215d68,64,23
00215da8,fe_FE_MISSIONNAME_00215da8,288,23
00215ec8,FUN_00215ec8,180,23
00215f80,FUN_00215f80,724,23
00216258,FUN_00216258,108,23
002162c8,fe_FE_PLAYERNAME_002162c8,364,23
00216438,fe_FE_TIME_HOURSMINUTESSECONDS_00216438,1084,23
00216878,FUN_00216878,292,23
002169a0,fe_FESetLanguage_002169a0,44,23
002169d0,fe_FESetLanguage_002169d0,36,23
002169f8,FUN_002169f8,152,23
00216a98,FUN_00216a98,44,23
00216ac8,FUN_00216ac8,36,23
00216af0,FUN_00216af0,12,23
00216b00,FUN_00216b00,84,23
00216b68,fe_FE_HINT_TEXT_00216b68,924,23
00216f08,FUN_00216f08,256,23
00217010,fe_FE_COMPLETEALLPRIMARYOBJECTIVES_00217010,1016,23
00217408,fe_FE_SECONDARYOBJECTIVETARGET_00217408,216,23
002174e0,FUN_002174e0,396,23
00217670,fe_FECurrentRewardType_00217670,244,23
00217768,fe_FECurrentRewardType_00217768,176,23
00217818,FUN_00217818,492,23
00217a08,fe_FE_DEMOMISSIONCOMPLETE_00217a08,436,23
00217bc0,fe_FE_MISSIONOBJECTIVESACHIEVED_00217bc0,180,23
00217c78,fe_FE_EASY_00217c78,408,23
00217e10,fe_FE_BLACKMODECOMPLETE_00217e10,180,23
00217ec8,fe_FE_LEVELUNLOCKEDFORMAT_00217ec8,468,23
002180a0,fe_FE_BLACKMODECOMPLETE_002180a0,180,23
00218158,FUN_00218158,504,23
00218350,FUN_00218350,32,23
00218370,FUN_00218370,36,23
00218398,FUN_00218398,8,23
002183a8,FUN_002183a8,176,23
00218458,FUN_00218458,764,23
00218768,FUN_00218768,264,23
00218870,FUN_00218870,28,23
00218898,FUN_00218898,152,23
00218930,FUN_00218930,420,23
00218ae0,FUN_00218ae0,196,23
00218ba8,FUN_00218ba8,116,23
00218c30,FUN_00218c30,124,23
00218cb0,FUN_00218cb0,500,23
00218ea8,FUN_00218ea8,4164,23
00219ef8,FUN_00219ef8,568,23
0021a130,FUN_0021a130,96,23
0021a190,FUN_0021a190,92,23
0021a1f0,FUN_0021a1f0,28,23
0021a218,FUN_0021a218,412,23
0021a3b8,FUN_0021a3b8,200,23
0021a480,FUN_0021a480,864,23
0021a7e0,FUN_0021a7e0,652,23
0021aa98,FUN_0021aa98,692,23
0021ad58,FUN_0021ad58,36,23
0021ad88,FUN_0021ad88,12,23
0021ad98,FUN_0021ad98,12,23
0021ada8,FUN_0021ada8,12,23
0021adb8,FUN_0021adb8,548,23
0021afe0,FUN_0021afe0,64,23
0021b048,FUN_0021b048,44,23
0021b078,FUN_0021b078,56,23
0021b0b0,FUN_0021b0b0,44,23
0021b0e0,FUN_0021b0e0,204,23
0021b1b0,FUN_0021b1b0,2320,23
0021bac0,FUN_0021bac0,32,23
0021bae0,FUN_0021bae0,28,23
0021bb00,FUN_0021bb00,696,23
0021bdb8,FUN_0021bdb8,300,23
0021bee8,FUN_0021bee8,364,23
0021c058,FUN_0021c058,528,23
0021c268,FUN_0021c268,1236,23
0021c740,FUN_0021c740,1020,23
0021cb40,FUN_0021cb40,304,23
0021d188,FUN_0021d188,444,23
0021d348,FUN_0021d348,404,23
0021d4e0,FUN_0021d4e0,2124,23
0021dd40,FUN_0021dd40,560,23
0021df70,FUN_0021df70,324,23
0021e0b8,FUN_0021e0b8,184,23
0021e170,FUN_0021e170,688,23
0021e420,FUN_0021e420,1340,23
0021e960,FUN_0021e960,248,23
0021ea58,FUN_0021ea58,1684,23
0021f0f8,FUN_0021f0f8,28,23
0021f120,FUN_0021f120,164,23
0021f1c8,FUN_0021f1c8,4348,23
002202c8,FUN_002202c8,776,23
002205d0,FUN_002205d0,600,23
00220828,FUN_00220828,864,23
00220b88,FUN_00220b88,380,23
00220d08,FUN_00220d08,108,23
00220d78,FUN_00220d78,344,23
00220ed0,FUN_00220ed0,384,23
00221050,FUN_00221050,72,23
00221098,FUN_00221098,80,23
002210f0,FUN_002210f0,76,24
00221140,FUN_00221140,76,24
00221190,FUN_00221190,256,24
00221290,FUN_00221290,144,24
00221330,FUN_00221330,744,24
00221618,FUN_00221618,744,24
00221900,FUN_00221900,744,24
00221be8,FUN_00221be8,544,24
00221e08,FUN_00221e08,696,24
002220c0,FUN_002220c0,672,24
00222360,FUN_00222360,712,24
00222628,FUN_00222628,720,24
002228f8,FUN_002228f8,352,24
00222a58,FUN_00222a58,888,24
00222dd0,FUN_00222dd0,456,24
00222f98,FUN_00222f98,892,24
00223318,FUN_00223318,152,24
002233b0,FUN_002233b0,408,24
00223548,FUN_00223548,300,24
00223678,FUN_00223678,352,24
002237d8,FUN_002237d8,292,24
00223900,FUN_00223900,532,24
00223b18,FUN_00223b18,496,24
00223d08,FUN_00223d08,300,24
00223e38,FUN_00223e38,248,24
00223f30,FUN_00223f30,220,24
00224010,FUN_00224010,604,24
00224270,FUN_00224270,800,24
00224590,FUN_00224590,84,24
002245f0,FUN_002245f0,392,24
00224788,FUN_00224788,600,24
002249e0,FUN_002249e0,264,24
00224b00,FUN_00224b00,540,24
00224d20,FUN_00224d20,452,24
00224ee8,FUN_00224ee8,324,24
00225030,FUN_00225030,560,24
00225270,FUN_00225270,544,24
00225490,FUN_00225490,448,24
00225650,FUN_00225650,392,24
002257d8,FUN_002257d8,380,24
00225958,FUN_00225958,728,24
00225c30,FUN_00225c30,1068,24
00226060,FUN_00226060,800,24
00226380,FUN_00226380,32,24
002263a0,FUN_002263a0,2064,24
00226bb0,FUN_00226bb0,3200,24
00227830,FUN_00227830,5012,24
00228bc8,FUN_00228bc8,1956,24
00229370,FUN_00229370,908,24
00229700,FUN_00229700,72,24
002297c0,FUN_002297c0,1008,24
00229bb0,FUN_00229bb0,908,24
00229f40,FUN_00229f40,636,24
0022a1c0,FUN_0022a1c0,636,24
0022a440,FUN_0022a440,2628,24
0022ae88,FUN_0022ae88,504,24
0022b080,FUN_0022b080,32,24
0022b0a0,FUN_0022b0a0,492,24
0022b290,FUN_0022b290,492,24
0022b480,FUN_0022b480,492,24
0022b670,FUN_0022b670,492,24
0022b860,FUN_0022b860,492,24
0022ba58,FUN_0022ba58,1376,24
0022bfb8,FUN_0022bfb8,944,24
0022c368,FUN_0022c368,256,24
0022c468,FUN_0022c468,432,24
0022c618,FUN_0022c618,76,24
0022c6a8,FUN_0022c6a8,356,24
0022c810,FUN_0022c810,244,24
0022c908,FUN_0022c908,244,24
0022ca00,FUN_0022ca00,300,24
0022cb30,FUN_0022cb30,1196,24
0022cfe0,FUN_0022cfe0,440,24
0022d198,FUN_0022d198,320,24
0022d2d8,FUN_0022d2d8,228,24
0022d3c0,FUN_0022d3c0,428,24
0022d570,FUN_0022d570,784,24
0022d8e8,FUN_0022d8e8,336,24
0022da38,FUN_0022da38,336,24
0022db88,FUN_0022db88,248,24
0022dc80,FUN_0022dc80,260,24
0022dd88,FUN_0022dd88,260,24
0022de90,FUN_0022de90,252,24
0022df90,FUN_0022df90,76,24
0022dfe0,FUN_0022dfe0,76,24
0022e030,FUN_0022e030,132,24
0022e0b8,FUN_0022e0b8,100,24
0022e120,FUN_0022e120,132,24
0022e1a8,FUN_0022e1a8,100,24
0022e210,FUN_0022e210,116,24
0022e288,FUN_0022e288,76,24
0022e2d8,FUN_0022e2d8,272,24
0022e3e8,FUN_0022e3e8,420,24
0022e590,FUN_0022e590,100,24
0022e5f8,FUN_0022e5f8,116,24
0022e670,FUN_0022e670,296,24
0022e798,FUN_0022e798,444,24
0022e958,FUN_0022e958,444,24
0022eb18,FUN_0022eb18,444,24
0022ecd8,FUN_0022ecd8,168,24
0022ed80,FUN_0022ed80,136,24
0022ee08,FUN_0022ee08,232,24
0022eef0,FUN_0022eef0,188,24
0022efb0,FUN_0022efb0,232,24
0022f098,FUN_0022f098,188,24
0022f158,FUN_0022f158,372,24
0022f2d0,FUN_0022f2d0,272,24
0022f3e0,FUN_0022f3e0,296,24
0022f508,FUN_0022f508,316,24
0022f648,FUN_0022f648,224,24
0022f728,FUN_0022f728,844,24
0022fa78,FUN_0022fa78,368,24
0022fbe8,FUN_0022fbe8,532,24
0022fe00,FUN_0022fe00,500,24
0022fff8,FUN_0022fff8,944,24
002303a8,FUN_002303a8,728,24
00230680,FUN_00230680,140,24
00230710,FUN_00230710,1120,24
00230b70,FUN_00230b70,84,24
00230bc8,FUN_00230bc8,56,24
00230c00,FUN_00230c00,64,24
00230c40,FUN_00230c40,1452,24
002311f0,FUN_002311f0,148,24
00231288,FUN_00231288,128,24
00231308,FUN_00231308,44,24
00231338,FUN_00231338,32,24
00231358,FUN_00231358,600,24
002315b0,FUN_002315b0,512,24
002317b8,FUN_002317b8,908,24
00231b48,FUN_00231b48,260,24
00231c50,FUN_00231c50,728,24
00231f28,FUN_00231f28,120,24
00231fa0,FUN_00231fa0,412,24
00232140,FUN_00232140,64,24
00232180,FUN_00232180,176,24
00232230,FUN_00232230,316,24
00232370,FUN_00232370,288,24
00232490,FUN_00232490,424,24
00232638,FUN_00232638,572,24
00232878,FUN_00232878,224,24
00232958,FUN_00232958,168,24
00232a00,FUN_00232a00,168,24
00232aa8,FUN_00232aa8,208,24
00232b78,FUN_00232b78,204,24
00232c48,FUN_00232c48,436,24
00232e00,FUN_00232e00,60,24
00232e40,FUN_00232e40,80,24
00232e90,FUN_00232e90,252,24
00232f90,FUN_00232f90,320,24
002330d8,FUN_002330d8,120,24
00233150,FUN_00233150,108,24
002331c0,FUN_002331c0,184,24
00233278,FUN_00233278,136,24
00233300,FUN_00233300,232,24
002333e8,FUN_002333e8,180,24
002334a0,FUN_002334a0,72,24
002334f0,FUN_002334f0,380,24
00233670,FUN_00233670,368,24
002337e0,FUN_002337e0,56,24
00233818,FUN_00233818,120,24
00233890,FUN_00233890,352,24
002339f0,FUN_002339f0,140,24
00233a80,FUN_00233a80,176,24
00233b30,FUN_00233b30,304,24
00233c60,FUN_00233c60,148,24
00233cf8,FUN_00233cf8,28,24
00233d18,FUN_00233d18,956,24
002340d8,FUN_002340d8,704,24
00234398,FUN_00234398,204,24
00234468,FUN_00234468,344,24
002345c0,FUN_002345c0,332,24
00234738,FUN_00234738,28,24
00234758,FUN_00234758,780,24
00234a68,FUN_00234a68,496,24
00234c58,FUN_00234c58,216,24
00234d30,FUN_00234d30,176,24
00234de0,FUN_00234de0,120,24
00234e58,FUN_00234e58,120,24
00234ed0,FUN_00234ed0,908,24
00235260,FUN_00235260,264,24
00235368,FUN_00235368,832,24
002357b0,FUN_002357b0,1036,24
00235bc0,FUN_00235bc0,488,24
00235da8,FUN_00235da8,1064,24
002361d0,FUN_002361d0,448,24
00236390,FUN_00236390,176,24
00236440,FUN_00236440,196,24
00236508,FUN_00236508,188,24
002365c8,FUN_002365c8,80,24
00236618,FUN_00236618,80,24
00236668,FUN_00236668,636,24
002368e8,FUN_002368e8,472,24
00236ac0,FUN_00236ac0,4436,24
00237c18,FUN_00237c18,9816,24
0023a270,FUN_0023a270,788,24
0023a588,FUN_0023a588,1116,24
0023a9e8,FUN_0023a9e8,1584,24
0023b018,FUN_0023b018,692,24
0023b2d0,FUN_0023b2d0,204,24
0023b3a0,FUN_0023b3a0,196,24
0023b468,FUN_0023b468,68,25
0023b4b0,FUN_0023b4b0,116,25
0023b528,FUN_0023b528,1532,25
0023bb28,FUN_0023bb28,256,25
0023bc28,FUN_0023bc28,120,25
0023bca0,FUN_0023bca0,28,25
0023bcc0,FUN_0023bcc0,32,25
0023bce0,FUN_0023bce0,32,25
0023bd28,FUN_0023bd28,72,25
0023bd70,FUN_0023bd70,832,25
0023c0b8,FUN_0023c0b8,1552,25
0023c6c8,FUN_0023c6c8,452,25
0023c890,FUN_0023c890,76,25
0023c8e8,FUN_0023c8e8,84,25
0023ccc8,FUN_0023ccc8,112,25
0023d528,FUN_0023d528,272,25
0023d638,FUN_0023d638,1312,25
0023db58,FUN_0023db58,456,25
0023dd28,FUN_0023dd28,64,25
0023dd68,FUN_0023dd68,68,25
0023ddb0,FUN_0023ddb0,188,25
0023de70,FUN_0023de70,1372,25
0023e3d0,FUN_0023e3d0,536,25
0023e5f0,FUN_0023e5f0,164,25
0023e698,FUN_0023e698,52,25
0023e6d8,FUN_0023e6d8,344,25
0023e830,FUN_0023e830,132,25
0023e8b8,FUN_0023e8b8,156,25
0023e958,FUN_0023e958,132,25
0023e9e0,FUN_0023e9e0,76,25
0023ea30,FUN_0023ea30,148,25
0023eac8,FUN_0023eac8,32,25
0023eae8,FUN_0023eae8,140,25
0023eb78,FUN_0023eb78,316,25
0023ecc0,FUN_0023ecc0,104,25
0023ed28,FUN_0023ed28,212,25
0023ee00,FUN_0023ee00,404,25
0023ef98,FUN_0023ef98,128,25
0023f020,FUN_0023f020,56,25
0023f058,FUN_0023f058,2048,25
0023f858,FUN_0023f858,672,25
0023faf8,FUN_0023faf8,240,25
0023fbe8,FUN_0023fbe8,604,25
0023fe48,FUN_0023fe48,800,25
00240168,FUN_00240168,756,25
00240460,FUN_00240460,392,25
002405e8,FUN_002405e8,180,25
002406a0,FUN_002406a0,64,25
002406e0,FUN_002406e0,28,25
00240700,FUN_00240700,84,25
00240758,FUN_00240758,64,25
00240798,FUN_00240798,92,25
002407f8,FUN_002407f8,780,25
00240b08,FUN_00240b08,520,25
00240d10,FUN_00240d10,616,25
00240f78,FUN_00240f78,208,25
00241048,FUN_00241048,220,25
00241128,FUN_00241128,252,25
00241228,FUN_00241228,64,25
00241268,FUN_00241268,8,25
00241270,FUN_00241270,28,25
00241290,FUN_00241290,244,25
00241388,FUN_00241388,244,25
00241480,FUN_00241480,1100,25
002418d8,FUN_002418d8,76,25
00241928,FUN_00241928,428,25
00241ad8,FUN_00241ad8,104,25
00241b40,FUN_00241b40,124,25
00241bc0,FUN_00241bc0,128,25
00241c40,FUN_00241c40,8,25
00241c48,FUN_00241c48,64,25
00241c88,FUN_00241c88,516,25
00241ea0,FUN_00241ea0,676,25
00242150,FUN_00242150,272,25
00242260,FUN_00242260,416,25
00242408,FUN_00242408,244,25
00242500,FUN_00242500,628,25
00242778,FUN_00242778,136,25
00242800,FUN_00242800,108,25
00242870,FUN_00242870,248,25
00242968,FUN_00242968,160,25
00242a10,FUN_00242a10,216,25
00242ae8,FUN_00242ae8,96,25
00242b48,FUN_00242b48,168,25
00242bf0,FUN_00242bf0,348,25
00242d50,FUN_00242d50,316,25
00242e90,FUN_00242e90,464,25
00243060,FUN_00243060,212,25
00243140,FUN_00243140,2728,25
00243bf0,FUN_00243bf0,1300,25
00244108,FUN_00244108,2688,25
00244b90,FUN_00244b90,328,25
00244cd8,FUN_00244cd8,16,25
00244ce8,FUN_00244ce8,16,25
00244cf8,FUN_00244cf8,128,25
00244d78,FUN_00244d78,16,25
00244d88,FUN_00244d88,16,25
00244d98,FUN_00244d98,92,25
00244df8,FUN_00244df8,1748,25
002454d0,FUN_002454d0,236,25
002455c0,FUN_002455c0,36,25
002455e8,FUN_002455e8,168,25
00246060,FUN_00246060,484,25
00246248,FUN_00246248,192,25
00246308,FUN_00246308,276,25
00246420,FUN_00246420,316,25
00246560,FUN_00246560,216,25
00246638,FUN_00246638,372,25
002467b0,FUN_002467b0,708,25
00246a78,FUN_00246a78,1612,25
00247388,FUN_00247388,256,25
00247488,FUN_00247488,212,25
00247560,FUN_00247560,316,25
00247880,FUN_00247880,1004,25
00247c70,FUN_00247c70,752,25
00247f60,FUN_00247f60,640,25
002481e0,FUN_002481e0,596,25
00248438,FUN_00248438,280,25
00248550,FUN_00248550,236,25
00248640,FUN_00248640,52,25
00248678,FUN_00248678,92,25
002486d8,FUN_002486d8,260,25
002487e0,FUN_002487e0,228,25
002488d0,FUN_002488d0,452,25
00248a98,FUN_00248a98,476,25
00248c78,FUN_00248c78,284,25
00248d98,FUN_00248d98,328,25
00248ee0,FUN_00248ee0,104,25
00248f48,FUN_00248f48,104,25
00248fb0,FUN_00248fb0,248,25
002490a8,FUN_002490a8,1116,25
00249508,FUN_00249508,580,25
00249750,FUN_00249750,192,25
00249810,FUN_00249810,324,25
00249958,FUN_00249958,220,25
00249a38,FUN_00249a38,452,25
00249c00,FUN_00249c00,124,25
00249c80,FUN_00249c80,72,25
00249cc8,FUN_00249cc8,40,25
00249cf0,FUN_00249cf0,76,25
00249d40,FUN_00249d40,44,25
00249d70,FUN_00249d70,44,25
00249da0,FUN_00249da0,200,25
00249e68,FUN_00249e68,76,25
00249eb8,FUN_00249eb8,112,25
00249f28,FUN_00249f28,212,25
0024a000,FUN_0024a000,60,25
0024a040,FUN_0024a040,324,25
0024a188,FUN_0024a188,320,25
0024a2c8,FUN_0024a2c8,144,25
0024a4d0,FUN_0024a4d0,96,25
0024a540,FUN_0024a540,692,25
0024a7f8,FUN_0024a7f8,384,25
0024ab20,FUN_0024ab20,488,25
0024ad08,FUN_0024ad08,84,25
0024ad60,FUN_0024ad60,144,25
0024adf0,FUN_0024adf0,84,25
0024ae48,FUN_0024ae48,80,25
0024ae98,FUN_0024ae98,80,25
0024b178,FUN_0024b178,560,25
0024b3b0,FUN_0024b3b0,248,25
0024b4a8,FUN_0024b4a8,368,25
0024b618,FUN_0024b618,1636,25
0024bc80,FUN_0024bc80,1124,25
0024c0e8,FUN_0024c0e8,536,25
0024c300,FUN_0024c300,268,25
0024c410,FUN_0024c410,224,25
0024c4f0,FUN_0024c4f0,348,25
0024c650,FUN_0024c650,124,25
0024c6d0,FUN_0024c6d0,1228,25
0024cbb0,FUN_0024cbb0,732,25
0024ce90,FUN_0024ce90,4584,25
0024e078,FUN_0024e078,2116,25
0024e8c8,FUN_0024e8c8,656,25
0024eb58,FUN_0024eb58,748,25
0024ee48,FUN_0024ee48,1528,25
0024f440,FUN_0024f440,244,25
0024f538,FUN_0024f538,64,25
0024f578,FUN_0024f578,96,25
0024f5d8,FUN_0024f5d8,388,25
0024f760,FUN_0024f760,8,25
0024f770,FUN_0024f770,32,25
0024f790,FUN_0024f790,28,25
0024f7b0,FUN_0024f7b0,28,25
0024f7d0,FUN_0024f7d0,200,25
0024f898,FUN_0024f898,200,25
0024f960,FUN_0024f960,200,25
0024fa38,FUN_0024fa38,92,25
0024fa98,FUN_0024fa98,100,25
0024fb00,FUN_0024fb00,536,25
0024fd18,FUN_0024fd18,200,25
0024fde0,FUN_0024fde0,124,25
0024fe68,FUN_0024fe68,36,25
0024fea8,FUN_0024fea8,360,25
00250018,FUN_00250018,28,25
00250038,FUN_00250038,28,25
00250058,FUN_00250058,320,25
00250198,FUN_00250198,196,25
00250260,FUN_00250260,108,25
002502d0,FUN_002502d0,156,25
00250370,FUN_00250370,56,26
002503a8,FUN_002503a8,112,26
00250418,FUN_00250418,104,26
00250480,FUN_00250480,76,26
002504d0,FUN_002504d0,68,26
00250518,FUN_00250518,56,26
00250550,FUN_00250550,28,26
00250570,FUN_00250570,28,26
00250590,FUN_00250590,136,26
00250618,FUN_00250618,136,26
002506a0,FUN_002506a0,332,26
002507f0,FUN_002507f0,384,26
00250970,FUN_00250970,108,26
00250da0,FUN_00250da0,248,26
00250e98,FUN_00250e98,292,26
00250fc0,FUN_00250fc0,1768,26
002516a8,FUN_002516a8,656,26
00251938,FUN_00251938,68,26
00251980,FUN_00251980,76,26
002519d0,FUN_002519d0,144,26
00251a60,FUN_00251a60,36,26
00251a88,FUN_00251a88,176,26
00251b38,FUN_00251b38,608,26
00251d98,FUN_00251d98,468,26
00251f70,FUN_00251f70,108,26
00251fe0,FUN_00251fe0,80,26
00252030,FUN_00252030,84,26
00252088,FUN_00252088,80,26
002520d8,FUN_002520d8,84,26
00252130,FUN_00252130,92,26
00252190,FUN_00252190,92,26
002521f8,FUN_002521f8,132,26
00252280,FUN_00252280,140,26
00252310,FUN_00252310,20,26
00252328,FUN_00252328,124,26
002523a8,FUN_002523a8,24,26
002523c0,FUN_002523c0,124,26
00252440,FUN_00252440,572,26
00252680,FUN_00252680,192,26
00252740,FUN_00252740,136,26
002527c8,FUN_002527c8,92,26
00252830,FUN_00252830,108,26
002528a0,FUN_002528a0,132,26
00252958,FUN_00252958,132,26
00252a10,FUN_00252a10,132,26
00252ac8,FUN_00252ac8,64,26
00252b10,FUN_00252b10,144,26
00252bb8,FUN_00252bb8,156,26
00252c58,FUN_00252c58,204,26
00252d28,FUN_00252d28,220,26
00252e10,FUN_00252e10,268,26
00252f20,FUN_00252f20,308,26
00253058,FUN_00253058,140,26
002530e8,FUN_002530e8,60,26
00253128,FUN_00253128,16,26
00253138,FUN_00253138,180,26
002531f0,FUN_002531f0,68,26
00253238,FUN_00253238,180,26
002532f0,FUN_002532f0,104,26
00253358,FUN_00253358,112,26
002533c8,FUN_002533c8,344,26
00253528,FUN_00253528,216,26
00253608,FUN_00253608,208,26
002536d8,FUN_002536d8,216,26
002537b0,FUN_002537b0,76,26
00253810,FUN_00253810,400,26
002539c0,FUN_002539c0,256,26
00253ac8,FUN_00253ac8,68,26
00253b10,FUN_00253b10,204,26
00253be0,FUN_00253be0,328,26
00253d30,FUN_00253d30,292,26
00253e60,FUN_00253e60,396,26
00253ff0,FUN_00253ff0,200,26
002540b8,FUN_002540b8,104,26
00254120,FUN_00254120,21548,26
00259558,FUN_00259558,748,26
00259848,FUN_00259848,260,26
00259950,FUN_00259950,132,26
002599d8,FUN_002599d8,912,26
00259d68,FUN_00259d68,32,26
00259d88,FUN_00259d88,32,26
00259da8,FUN_00259da8,6184,26
0025b5d0,FUN_0025b5d0,256,26
0025b6d0,FUN_0025b6d0,2380,26
0025c020,FUN_0025c020,8,26
0025c028,FUN_0025c028,24,26
0025c040,FUN_0025c040,320,26
0025c180,FUN_0025c180,140,26
0025c210,FUN_0025c210,184,26
0025c2c8,FUN_0025c2c8,88,26
0025c320,FUN_0025c320,148,26
0025c3b8,FUN_0025c3b8,268,26
0025c4c8,FUN_0025c4c8,144,26
0025c558,FUN_0025c558,312,26
0025c690,FUN_0025c690,40,26
0025c6b8,FUN_0025c6b8,156,26
0025c758,FUN_0025c758,64,26
0025c798,FUN_0025c798,216,26
0025c870,FUN_0025c870,160,26
0025c910,FUN_0025c910,256,26
0025ca10,FUN_0025ca10,216,26
0025cae8,FUN_0025cae8,28,26
0025cb08,FUN_0025cb08,160,26
0025cba8,FUN_0025cba8,160,26
0025cc48,FUN_0025cc48,84,26
0025cca0,FUN_0025cca0,56,26
0025ccd8,FUN_0025ccd8,16,26
0025cce8,FUN_0025cce8,184,26
0025cda0,FUN_0025cda0,80,26
0025cdf0,FUN_0025cdf0,56,26
0025ce28,FUN_0025ce28,20,26
0025ce40,FUN_0025ce40,80,26
0025ce90,FUN_0025ce90,100,26
0025cef8,FUN_0025cef8,412,26
0025d098,FUN_0025d098,116,26
0025d110,FUN_0025d110,304,26
0025d240,FUN_0025d240,716,26
0025d510,FUN_0025d510,812,26
0025d840,FUN_0025d840,32,26
0025d860,FUN_0025d860,124,26
0025d8e0,FUN_0025d8e0,44,26
0025d910,FUN_0025d910,124,26
0025d990,FUN_0025d990,44,26
0025d9c0,FUN_0025d9c0,80,26
0025da10,FUN_0025da10,16,26
0025da20,FUN_0025da20,156,26
0025dac0,FUN_0025dac0,44,26
0025daf0,FUN_0025daf0,48,26
0025db20,FUN_0025db20,132,26
0025dba8,FUN_0025dba8,216,26
0025dc98,FUN_0025dc98,108,26
0025dd08,FUN_0025dd08,44,26
0025dd38,FUN_0025dd38,1432,26
0025e2d0,FUN_0025e2d0,10564,26
00260c18,FUN_00260c18,88,26
00260c70,FUN_00260c70,132,26
00260cf8,FUN_00260cf8,644,26
00260f80,FUN_00260f80,28,26
00260fa0,FUN_00260fa0,12,26
00260fb0,FUN_00260fb0,532,26
002611c8,FUN_002611c8,8,26
002611d0,FUN_002611d0,2688,26
00261c50,FUN_00261c50,2580,26
00262668,FUN_00262668,3152,26
002632b8,FUN_002632b8,164,26
00263360,FUN_00263360,40,26
00263388,FUN_00263388,8,26
00263390,FUN_00263390,60,26
002633d0,FUN_002633d0,16,26
002633e0,FUN_002633e0,372,26
00263558,FUN_00263558,216,26
00263630,FUN_00263630,356,26
00263798,FUN_00263798,276,26
002638b0,FUN_002638b0,84,26
00263908,FUN_00263908,148,26
002639a0,FUN_002639a0,464,26
00263b70,FUN_00263b70,232,26
00263c58,FUN_00263c58,548,26
00263e80,FUN_00263e80,392,26
00264018,FUN_00264018,280,26
00264130,FUN_00264130,6884,26
00265c18,FUN_00265c18,32,26
00265c38,FUN_00265c38,364,26
00265da8,FUN_00265da8,732,26
00266088,FUN_00266088,540,26
002662a8,FUN_002662a8,504,26
002664a0,FUN_002664a0,504,26
00266698,FUN_00266698,332,26
002667e8,FUN_002667e8,28,26
00266808,FUN_00266808,524,26
00266a18,FUN_00266a18,784,26
00266d28,FUN_00266d28,548,26
00266f50,FUN_00266f50,772,26
00267258,FUN_00267258,1036,26
00267670,FUN_00267670,884,26
002679e8,FUN_002679e8,1216,26
00267eb0,FUN_00267eb0,928,26
00268250,FUN_00268250,336,26
002683a0,FUN_002683a0,320,26
002684e0,FUN_002684e0,240,26
002685d0,FUN_002685d0,484,26
002687b8,FUN_002687b8,296,26
002688e0,FUN_002688e0,68,26
00268928,FUN_00268928,296,26
00268a50,FUN_00268a50,40,26
00268a78,FUN_00268a78,40,26
00268aa0,FUN_00268aa0,40,26
00268ac8,FUN_00268ac8,396,26
00268c68,FUN_00268c68,548,26
00268ea0,FUN_00268ea0,44,26
00268ed0,FUN_00268ed0,332,26
00269020,FUN_00269020,128,26
002690a0,FUN_002690a0,228,26
00269188,FUN_00269188,848,26
002694e8,FUN_002694e8,448,26
002696a8,FUN_002696a8,108,26
00269718,FUN_00269718,184,26
002697e0,FUN_002697e0,60,26
00269880,FUN_00269880,104,26
002698f8,FUN_002698f8,68,26
00269940,FUN_00269940,336,27
00269a90,FUN_00269a90,36,27
00269ab8,FUN_00269ab8,388,27
00269c40,FUN_00269c40,132,27
00269cc8,FUN_00269cc8,296,27
00269df0,FUN_00269df0,132,27
00269ea0,FUN_00269ea0,1452,27
0026a450,FUN_0026a450,16,27
0026a460,FUN_0026a460,652,27
0026a6f0,FUN_0026a6f0,172,27
0026a7a0,FUN_0026a7a0,160,27
0026a840,FUN_0026a840,140,27
0026a8d0,FUN_0026a8d0,196,27
0026a998,FUN_0026a998,196,27
0026aa60,FUN_0026aa60,8,27
0026aa68,FUN_0026aa68,180,27
0026ab20,FUN_0026ab20,140,27
0026abb0,FUN_0026abb0,140,27
0026ac48,FUN_0026ac48,680,27
0026aef8,FUN_0026aef8,820,27
0026b230,FUN_0026b230,584,27
0026b480,FUN_0026b480,692,27
0026b738,FUN_0026b738,740,27
0026ba20,FUN_0026ba20,196,27
0026baf0,FUN_0026baf0,8,27
0026baf8,FUN_0026baf8,160,27
0026bb98,FUN_0026bb98,36,27
0026bbc0,FUN_0026bbc0,52,27
0026bbf8,FUN_0026bbf8,52,27
0026bc30,FUN_0026bc30,28,27
0026bc50,FUN_0026bc50,44,27
0026bc80,FUN_0026bc80,8,27
0026bc88,FUN_0026bc88,112,27
0026bcf8,FUN_0026bcf8,48,27
0026bec0,FUN_0026bec0,76,27
0026bf10,FUN_0026bf10,76,27
0026bf60,FUN_0026bf60,144,27
0026bff0,FUN_0026bff0,60,27
0026c030,FUN_0026c030,104,27
0026c098,FUN_0026c098,104,27
0026c100,FUN_0026c100,1684,27
0026c798,FUN_0026c798,312,27
0026c8d0,FUN_0026c8d0,12,27
0026c8e0,FUN_0026c8e0,224,27
0026c9c0,FUN_0026c9c0,32,27
0026c9e0,FUN_0026c9e0,32,27
0026ca00,FUN_0026ca00,32,27
0026ca20,FUN_0026ca20,120,27
0026ca98,FUN_0026ca98,156,27
0026cb38,FUN_0026cb38,112,27
0026cba8,FUN_0026cba8,376,27
0026cd28,FUN_0026cd28,1616,27
0026d378,FUN_0026d378,884,27
0026d6f0,FUN_0026d6f0,812,27
0026da20,FUN_0026da20,256,27
0026db20,FUN_0026db20,332,27
0026dc88,FUN_0026dc88,1676,27
0026e318,FUN_0026e318,1104,27
0026e770,FUN_0026e770,1488,27
0026ed40,FUN_0026ed40,876,27
0026f0b0,FUN_0026f0b0,220,27
0026f190,FUN_0026f190,196,27
0026f258,FUN_0026f258,136,27
0026f2e0,FUN_0026f2e0,60,27
0026f320,FUN_0026f320,28,27
0026f340,FUN_0026f340,124,27
0026f3c0,FUN_0026f3c0,124,27
0026f440,FUN_0026f440,104,27
0026f4a8,FUN_0026f4a8,8,27
0026f4b0,FUN_0026f4b0,8,27
0026f4b8,FUN_0026f4b8,8,27
0026f4c0,FUN_0026f4c0,72,27
0026f508,FUN_0026f508,84,27
0026f560,FUN_0026f560,28,27
0026f580,FUN_0026f580,188,27
0026f640,FUN_0026f640,60,27
0026f688,FUN_0026f688,96,27
0026f6e8,FUN_0026f6e8,92,27
0026f748,FUN_0026f748,80,27
0026f798,FUN_0026f798,68,27
0026f7e0,FUN_0026f7e0,292,27
0026f908,FUN_0026f908,60,27
0026f948,FUN_0026f948,132,27
0026f9d0,FUN_0026f9d0,160,27
0026fa70,FUN_0026fa70,92,27
0026fad0,FUN_0026fad0,144,27
0026fb60,FUN_0026fb60,96,27
0026fbc0,FUN_0026fbc0,128,27
0026fc40,FUN_0026fc40,308,27
0026fd78,FUN_0026fd78,260,27
0026fe80,FUN_0026fe80,144,27
0026ff10,FUN_0026ff10,172,27
0026ffc0,FUN_0026ffc0,248,27
002700b8,FUN_002700b8,128,27
00270188,FUN_00270188,96,27
002701e8,FUN_002701e8,60,27
00270228,FUN_00270228,272,27
00270338,FUN_00270338,148,27
002703d0,FUN_002703d0,56,27
00270408,FUN_00270408,412,27
002705a8,FUN_002705a8,512,27
002707a8,FUN_002707a8,48,27
002707d8,FUN_002707d8,348,27
00270938,FUN_00270938,604,27
00270b98,FUN_00270b98,488,27
00270d80,FUN_00270d80,600,27
00270fd8,FUN_00270fd8,244,27
002710d8,FUN_002710d8,228,27
002711c0,FUN_002711c0,112,27
00271230,FUN_00271230,280,27
00271348,FUN_00271348,28,27
00271368,FUN_00271368,48,27
00271398,FUN_00271398,100,27
00271408,FUN_00271408,108,27
00271480,FUN_00271480,212,27
00271558,FUN_00271558,148,27
002715f0,FUN_002715f0,28,27
00271610,FUN_00271610,64,27
00271650,FUN_00271650,20,27
00271668,FUN_00271668,164,27
00271710,FUN_00271710,20,27
00271728,FUN_00271728,572,27
00271968,FUN_00271968,32,27
00271988,FUN_00271988,32,27
002719a8,FUN_002719a8,40,27
002719d0,FUN_002719d0,284,27
00271af0,FUN_00271af0,96,27
00271b50,FUN_00271b50,152,27
00271be8,FUN_00271be8,104,27
00271c50,FUN_00271c50,704,27
00271f10,FUN_00271f10,708,27
002721d8,FUN_002721d8,224,27
002722b8,FUN_002722b8,12,27
002722c8,FUN_002722c8,8,27
002722d0,FUN_002722d0,48,27
00272308,FUN_00272308,8,27
00272310,FUN_00272310,12,27
00272328,FUN_00272328,8,27
00272340,FUN_00272340,52,27
00272378,FUN_00272378,48,27
002723b0,FUN_002723b0,216,27
00272488,FUN_00272488,244,27
00272580,FUN_00272580,136,27
00272610,FUN_00272610,184,27
002726d0,FUN_002726d0,96,27
00272730,FUN_00272730,84,27
00272788,FUN_00272788,320,27
002728d0,FUN_002728d0,144,27
00272960,FUN_00272960,244,27
00272a60,FUN_00272a60,68,27
00272aa8,FUN_00272aa8,80,27
00272af8,FUN_00272af8,92,27
00272b58,FUN_00272b58,28,27
00272b78,FUN_00272b78,160,27
00272c18,FUN_00272c18,16,27
00272c28,FUN_00272c28,44,27
00272c58,FUN_00272c58,100,27
00272cc0,FUN_00272cc0,296,27
00272de8,FUN_00272de8,692,27
002730a0,FUN_002730a0,572,27
002732e0,FUN_002732e0,92,27
00273340,FUN_00273340,52,27
00273378,FUN_00273378,100,27
002733e0,FUN_002733e0,80,27
00273430,FUN_00273430,136,27
002734b8,FUN_002734b8,172,27
00273568,FUN_00273568,216,27
00273648,FUN_00273648,192,27
00273708,FUN_00273708,224,27
002737e8,FUN_002737e8,160,27
00273888,FUN_00273888,212,27
00273960,FUN_00273960,180,27
00273a18,FUN_00273a18,664,27
00273cb0,FUN_00273cb0,628,27
00273f30,FUN_00273f30,232,27
00274018,FUN_00274018,36,27
00274040,FUN_00274040,148,27
002740d8,FUN_002740d8,12,27
002740e8,FUN_002740e8,76,27
00274138,FUN_00274138,88,27
00274190,FUN_00274190,96,27
002741f0,FUN_002741f0,52,27
00274228,FUN_00274228,68,27
00274270,FUN_00274270,220,27
00274350,FUN_00274350,12,27
00274360,FUN_00274360,120,27
002743d8,FUN_002743d8,360,27
00274540,FUN_00274540,984,27
00274920,FUN_00274920,8,27
00274928,FUN_00274928,152,27
002749c8,FUN_002749c8,224,27
00274aa8,FUN_00274aa8,560,27
00274cd8,FUN_00274cd8,100,27
00274d40,FUN_00274d40,256,27
00274e40,FUN_00274e40,40,27
00274e68,FUN_00274e68,64,27
00274ea8,FUN_00274ea8,96,27
00274f08,FUN_00274f08,76,27
00274f58,FUN_00274f58,8,27
00274f60,FUN_00274f60,16,27
00274f70,FUN_00274f70,16,28
00274f80,FUN_00274f80,72,28
00274fc8,FUN_00274fc8,12,28
00274fd8,FUN_00274fd8,36,28
00275000,FUN_00275000,92,28
00275068,FUN_00275068,36,28
00275090,FUN_00275090,28,28
002750b8,FUN_002750b8,112,28
00275128,FUN_00275128,308,28
00275260,FUN_00275260,216,28
00275340,FUN_00275340,48,28
00275370,FUN_00275370,40,28
00275398,FUN_00275398,84,28
002753f0,FUN_002753f0,80,28
00275448,FUN_00275448,276,28
00275560,FUN_00275560,324,28
002756a8,FUN_002756a8,12,28
002756c0,FUN_002756c0,132,28
00275748,FUN_00275748,304,28
00275878,FUN_00275878,104,28
002758e0,FUN_002758e0,256,28
002759e0,FUN_002759e0,236,28
00275ad0,FUN_00275ad0,744,28
00275dc0,FUN_00275dc0,848,28
00276110,FUN_00276110,144,28
002761a0,FUN_002761a0,60,28
002761e8,FUN_002761e8,112,28
00276258,FUN_00276258,52,28
00276290,FUN_00276290,284,28
002763b0,FUN_002763b0,84,28
00276410,FUN_00276410,68,28
00276458,FUN_00276458,108,28
002764d0,FUN_002764d0,188,28
00276590,FUN_00276590,28,28
002765b0,FUN_002765b0,96,28
00276610,FUN_00276610,136,28
00276698,FUN_00276698,144,28
00276728,FUN_00276728,180,28
002768b0,FUN_002768b0,176,28
00276960,FUN_00276960,20,28
00276da8,FUN_00276da8,176,28
00277400,FUN_00277400,272,28
00277510,FUN_00277510,32,28
00277530,FUN_00277530,112,28
002775a0,FUN_002775a0,804,28
002778c8,FUN_002778c8,116,28
00277940,FUN_00277940,240,28
00277a30,FUN_00277a30,340,28
00277b88,FUN_00277b88,272,28
00277c98,FUN_00277c98,28,28
00277cb8,FUN_00277cb8,740,28
00277fa0,FUN_00277fa0,1248,28
00278480,FUN_00278480,156,28
002789c0,FUN_002789c0,272,28
00278ad0,FUN_00278ad0,120,28
00278b48,FUN_00278b48,852,28
00278ea0,FUN_00278ea0,32,28
00278ec0,FUN_00278ec0,60,28
00278f00,FUN_00278f00,44,28
00278f30,FUN_00278f30,16,28
00278f40,FUN_00278f40,28,28
00278f60,FUN_00278f60,76,28
00278fb0,FUN_00278fb0,128,28
00279030,FUN_00279030,380,28
002791b0,FUN_002791b0,8,28
002791b8,FUN_002791b8,144,28
00279250,FUN_00279250,112,28
002792c0,FUN_002792c0,88,28
00279318,FUN_00279318,100,28
00279380,FUN_00279380,16,28
00279390,FUN_00279390,876,28
00279700,FUN_00279700,144,28
00279790,FUN_00279790,16,28
002797a0,FUN_002797a0,272,28
002798b0,FUN_002798b0,124,28
00279930,FUN_00279930,16,28
00279940,FUN_00279940,80,28
00279990,FUN_00279990,476,28
00279b70,FUN_00279b70,684,28
00279e20,FUN_00279e20,2324,28
0027a738,FUN_0027a738,96,28
0027a798,FUN_0027a798,16,28
0027a7a8,FUN_0027a7a8,8,28
0027a7b0,FUN_0027a7b0,132,28
0027a838,FUN_0027a838,1028,28
0027ac40,FUN_0027ac40,120,28
0027acc8,FUN_0027acc8,8,28
0027acd0,FUN_0027acd0,1140,28
0027b148,FUN_0027b148,280,28
0027b260,FUN_0027b260,100,28
0027b2c8,FUN_0027b2c8,20,28
0027b2e0,FUN_0027b2e0,12,28
0027b2f0,FUN_0027b2f0,148,28
0027b388,FUN_0027b388,8,28
0027b390,FUN_0027b390,116,28
0027b408,FUN_0027b408,572,28
0027b648,FUN_0027b648,60,28
0027b688,FUN_0027b688,80,28
0027b6d8,FUN_0027b6d8,164,28
0027b780,FUN_0027b780,256,28
0027b880,FUN_0027b880,204,28
0027b950,FUN_0027b950,272,28
0027ba68,FUN_0027ba68,128,28
0027bae8,FUN_0027bae8,104,28
0027bb50,FUN_0027bb50,68,28
0027bb98,FUN_0027bb98,20,28
0027bbb8,FUN_0027bbb8,124,28
0027bc38,FUN_0027bc38,8,28
0027bc40,FUN_0027bc40,8,28
0027bc48,FUN_0027bc48,8,28
0027bc50,FUN_0027bc50,8,28
0027bc58,FUN_0027bc58,8,28
0027bc60,FUN_0027bc60,156,28
0027bd00,FUN_0027bd00,28,28
0027bd20,FUN_0027bd20,156,28
0027bdc0,FUN_0027bdc0,216,28
0027be98,FUN_0027be98,300,28
0027bfc8,FUN_0027bfc8,188,28
0027c088,FUN_0027c088,36,28
0027c0b8,FUN_0027c0b8,12,28
0027c0d8,FUN_0027c0d8,56,28
0027c110,FUN_0027c110,20,28
0027c128,FUN_0027c128,108,28
0027c1a0,FUN_0027c1a0,8,28
0027c1b0,FUN_0027c1b0,192,28
0027c278,FUN_0027c278,48,28
0027c2a8,FUN_0027c2a8,76,28
0027c2f8,FUN_0027c2f8,40,28
0027c320,FUN_0027c320,8,28
0027c328,FUN_0027c328,20,28
0027c348,FUN_0027c348,8,28
0027c370,FUN_0027c370,128,28
0027c410,FUN_0027c410,80,28
0027c460,FUN_0027c460,52,28
0027c498,FUN_0027c498,720,28
0027c778,FUN_0027c778,228,28
0027c860,FUN_0027c860,76,28
0027c8b0,FUN_0027c8b0,224,28
0027c990,FUN_0027c990,12,28
0027c9a0,FUN_0027c9a0,280,28
0027cab8,FUN_0027cab8,264,28
0027cbc0,FUN_0027cbc0,40,28
0027cbe8,FUN_0027cbe8,144,28
0027cc78,FUN_0027cc78,44,28
0027cca8,FUN_0027cca8,76,28
0027ccf8,FUN_0027ccf8,76,28
0027cd60,FUN_0027cd60,236,28
0027ce50,FUN_0027ce50,84,28
0027cea8,FUN_0027cea8,120,28
0027cf28,FUN_0027cf28,44,28
0027cf78,FUN_0027cf78,164,28
0027d020,FUN_0027d020,116,28
0027d098,FUN_0027d098,64,28
0027d0d8,FUN_0027d0d8,64,28
0027d118,FUN_0027d118,60,28
0027d158,FUN_0027d158,64,28
0027d198,FUN_0027d198,64,28
0027d1d8,FUN_0027d1d8,1472,28
0027d7a0,FUN_0027d7a0,1468,28
0027dd60,FUN_0027dd60,1444,28
0027e308,FUN_0027e308,1112,28
0027e760,FUN_0027e760,192,28
0027e820,FUN_0027e820,224,28
0027e900,FUN_0027e900,136,28
0027e9b0,FUN_0027e9b0,1580,28
0027efe8,FUN_0027efe8,136,28
0027f070,FUN_0027f070,336,28
0027f218,FUN_0027f218,284,28
0027f338,FUN_0027f338,312,28
0027f470,FUN_0027f470,148,28
0027f518,FUN_0027f518,184,28
0027f5e0,FUN_0027f5e0,8,28
0027f640,FUN_0027f640,120,28
0027f6d8,FUN_0027f6d8,28,28
0027f708,FUN_0027f708,28,28
0027f730,FUN_0027f730,68,28
0027f778,FUN_0027f778,20,28
0027f790,FUN_0027f790,60,28
0027f7d0,FUN_0027f7d0,72,28
0027f818,FUN_0027f818,60,28
0027f858,FUN_0027f858,56,28
0027f890,FUN_0027f890,300,28
0027f9c0,FUN_0027f9c0,8,28
0027f9c8,FUN_0027f9c8,140,28
0027fa68,FUN_0027fa68,308,28
0027fba0,FUN_0027fba0,32,28
0027fbc0,FUN_0027fbc0,24,28
0027fbd8,FUN_0027fbd8,288,28
0027fcf8,FUN_0027fcf8,364,28
0027fe70,FUN_0027fe70,140,28
0027ff00,FUN_0027ff00,108,28
0027ff78,FUN_0027ff78,388,28
00280100,FUN_00280100,84,28
00280160,FUN_00280160,160,28
00280200,FUN_00280200,164,28
002802a8,FUN_002802a8,120,28
00280320,FUN_00280320,8,28
00280328,FUN_00280328,48,28
00280358,FUN_00280358,8,28
00280360,FUN_00280360,144,28
002803f8,FUN_002803f8,8,29
00280400,FUN_00280400,72,29
00280448,FUN_00280448,176,29
00280500,FUN_00280500,40,29
00280528,FUN_00280528,120,29
002805a0,FUN_002805a0,132,29
00280628,FUN_00280628,84,29
00280680,FUN_00280680,16,29
00280748,FUN_00280748,104,29
002807b0,FUN_002807b0,72,29
00280848,FUN_00280848,60,29
002808a0,FUN_002808a0,100,29
00280908,FUN_00280908,232,29
00280a08,FUN_00280a08,48,29
00280a38,FUN_00280a38,72,29
00280a80,FUN_00280a80,144,29
00280b10,FUN_00280b10,172,29
00280bc0,FUN_00280bc0,208,29
00280c90,FUN_00280c90,52,29
00280cd0,FUN_00280cd0,156,29
00280d70,FUN_00280d70,144,29
00280e10,FUN_00280e10,92,29
00280e78,FUN_00280e78,100,29
00280ee0,FUN_00280ee0,252,29
00280fe0,FUN_00280fe0,36,29
00281010,FUN_00281010,140,29
002810a0,FUN_002810a0,128,29
00281120,FUN_00281120,116,29
00281198,FUN_00281198,80,29
002811e8,FUN_002811e8,20,29
00281200,FUN_00281200,52,29
00281238,FUN_00281238,324,29
00281388,FUN_00281388,24,29
002813a0,FUN_002813a0,48,29
002813d0,FUN_002813d0,168,29
00281478,FUN_00281478,424,29
00281620,FUN_00281620,420,29
002817c8,FUN_002817c8,64,29
00281808,FUN_00281808,108,29
00281878,FUN_00281878,88,29
002818d0,FUN_002818d0,52,29
00281908,FUN_00281908,52,29
00281948,FUN_00281948,60,29
00281988,FUN_00281988,84,29
002819e0,FUN_002819e0,88,29
00281a38,FUN_00281a38,28,29
00281a58,FUN_00281a58,124,29
00281ad8,FUN_00281ad8,120,29
00281b50,FUN_00281b50,52,29
00281b88,FUN_00281b88,48,29
00281bb8,FUN_00281bb8,60,29
00281bf8,FUN_00281bf8,160,29
00281c98,FUN_00281c98,184,29
00281d50,FUN_00281d50,204,29
00281e28,FUN_00281e28,184,29
00281ee0,FUN_00281ee0,164,29
00281f88,FUN_00281f88,20,29
00281fa0,FUN_00281fa0,100,29
00282008,FUN_00282008,248,29
00282100,FUN_00282100,112,29
00282170,FUN_00282170,52,29
002821a8,FUN_002821a8,68,29
002821f0,FUN_002821f0,28,29
00282218,FUN_00282218,120,29
00282290,FUN_00282290,56,29
002822c8,FUN_002822c8,724,29
002825a0,FUN_002825a0,136,29
00282628,FUN_00282628,80,29
00282678,FUN_00282678,152,29
00282710,FUN_00282710,168,29
002827b8,FUN_002827b8,112,29
00282828,FUN_00282828,84,29
00282888,FUN_00282888,32,29
002828a8,FUN_002828a8,404,29
00282a40,FUN_00282a40,152,29
00282ad8,FUN_00282ad8,132,29
00282b60,FUN_00282b60,64,29
00282ba0,FUN_00282ba0,120,29
00282c18,FUN_00282c18,64,29
00282e70,FUN_00282e70,136,29
00282ef8,FUN_00282ef8,80,29
00282f48,FUN_00282f48,56,29
00282f80,FUN_00282f80,80,29
00282fd0,FUN_00282fd0,276,29
00283108,FUN_00283108,140,29
002831a0,FUN_002831a0,96,29
00283200,FUN_00283200,148,29
002832a0,FUN_002832a0,808,29
002835c8,FUN_002835c8,128,29
00283648,FUN_00283648,8,29
00283650,FUN_00283650,28,29
00283670,FUN_00283670,488,29
00283858,FUN_00283858,28,29
00283878,FUN_00283878,28,29
00283898,FUN_00283898,28,29
002838b8,FUN_002838b8,444,29
00283a78,FUN_00283a78,72,29
00283ac8,FUN_00283ac8,72,29
00283b10,FUN_00283b10,36,29
00283b38,FUN_00283b38,40,29
00283b60,FUN_00283b60,28,29
00283b80,FUN_00283b80,12,29
00283b90,FUN_00283b90,16,29
00283ba0,FUN_00283ba0,32,29
00283bc0,FUN_00283bc0,80,29
00283c10,FUN_00283c10,8,29
00283c18,FUN_00283c18,28,29
00283c38,FUN_00283c38,572,29
00283e78,FUN_00283e78,1052,29
00284298,FUN_00284298,80,29
002842e8,FUN_002842e8,140,29
00284378,FUN_00284378,56,29
002843b0,FUN_002843b0,84,29
00284408,FUN_00284408,32,29
00284428,FUN_00284428,508,29
00284628,FUN_00284628,28,29
00284648,FUN_00284648,28,29
00284668,FUN_00284668,28,29
00284688,FUN_00284688,536,29
002848a8,FUN_002848a8,108,29
00284920,FUN_00284920,108,29
00284990,FUN_00284990,44,29
002849c0,FUN_002849c0,76,29
00284a10,FUN_00284a10,76,29
00284a60,FUN_00284a60,52,29
00284a98,FUN_00284a98,80,29
00284ae8,FUN_00284ae8,60,29
00284b28,FUN_00284b28,132,29
00284bf0,FUN_00284bf0,1440,29
00285190,FUN_00285190,80,29
002851e0,FUN_002851e0,116,29
00285258,FUN_00285258,692,29
00285510,FUN_00285510,56,29
00285548,FUN_00285548,96,29
002855a8,FUN_002855a8,416,29
00285748,FUN_00285748,196,29
00285818,FUN_00285818,76,29
00285880,FUN_00285880,32,29
002858e0,FUN_002858e0,152,29
00285980,FUN_00285980,32,29
002859f8,FUN_002859f8,156,29
00285aa8,FUN_00285aa8,36,29
00285ad0,FUN_00285ad0,132,29
00285b60,FUN_00285b60,184,29
00285c20,FUN_00285c20,28,29
00285c40,FUN_00285c40,28,29
00285c60,FUN_00285c60,28,29
00285c80,FUN_00285c80,28,29
00285ca0,FUN_00285ca0,40,29
00285cc8,FUN_00285cc8,540,29
00285ee8,FUN_00285ee8,488,29
002860d0,FUN_002860d0,32,29
002860f0,FUN_002860f0,48,29
00286120,FUN_00286120,32,29
00286140,FUN_00286140,208,29
00286220,FUN_00286220,84,29
00286278,FUN_00286278,404,29
00286410,FUN_00286410,88,29
00286468,FUN_00286468,228,29
00286558,FUN_00286558,60,29
00286598,FUN_00286598,252,29
00286698,FUN_00286698,132,29
00286720,FUN_00286720,80,29
00286770,FUN_00286770,80,29
002867c0,FUN_002867c0,44,29
002867f0,FUN_002867f0,136,29
00286878,FUN_00286878,276,29
00286990,FUN_00286990,636,29
00286c10,FUN_00286c10,108,29
00286c80,FUN_00286c80,32,29
00286ca8,FUN_00286ca8,272,29
00286db8,FUN_00286db8,120,29
00286e30,FUN_00286e30,708,29
002870f8,FUN_002870f8,8,29
00287100,FUN_00287100,8,29
00287118,FUN_00287118,8,29
00287120,FUN_00287120,244,29
00287218,FUN_00287218,1000,29
00287600,FUN_00287600,24,29
00287618,FUN_00287618,28,29
00287638,FUN_00287638,28,29
00287658,FUN_00287658,28,29
00287678,FUN_00287678,28,29
00287698,FUN_00287698,68,29
002876e0,FUN_002876e0,28,29
00287700,FUN_00287700,28,29
00287720,FUN_00287720,28,29
00287740,FUN_00287740,28,29
00287760,FUN_00287760,28,29
00287780,FUN_00287780,28,29
002877a0,FUN_002877a0,28,29
002877c0,FUN_002877c0,28,29
002877e0,FUN_002877e0,28,29
00287800,FUN_00287800,28,29
00287820,FUN_00287820,28,29
00287840,FUN_00287840,52,29
00287878,FUN_00287878,52,29
002878b0,FUN_002878b0,52,29
002878e8,FUN_002878e8,52,29
00287920,FUN_00287920,28,29
00287940,FUN_00287940,52,30
00287978,FUN_00287978,52,30
002879b0,FUN_002879b0,68,30
002879f8,FUN_002879f8,28,30
00287a18,FUN_00287a18,68,30
00287a60,FUN_00287a60,28,30
00287a90,FUN_00287a90,28,30
00287ab0,FUN_00287ab0,28,30
00287ad0,FUN_00287ad0,28,30
00287af0,FUN_00287af0,28,30
00287b10,FUN_00287b10,28,30
00287b30,FUN_00287b30,28,30
00287b50,FUN_00287b50,28,30
00287b70,FUN_00287b70,28,30
00287b90,FUN_00287b90,28,30
00287bb0,FUN_00287bb0,28,30
00287bd0,FUN_00287bd0,28,30
00287bf0,FUN_00287bf0,28,30
00287c10,FUN_00287c10,28,30
00287c30,FUN_00287c30,8,30
00287c38,FUN_00287c38,8,30
00287c40,FUN_00287c40,8,30
00287c48,FUN_00287c48,28,30
00287c68,FUN_00287c68,28,30
00287c88,FUN_00287c88,28,30
00287ca8,FUN_00287ca8,28,30
00287cc8,FUN_00287cc8,28,30
00287ce8,FUN_00287ce8,28,30
00287d08,FUN_00287d08,100,30
00287d70,FUN_00287d70,132,30
00287df8,FUN_00287df8,52,30
00287e30,FUN_00287e30,52,30
00287e68,FUN_00287e68,28,30
00287e88,FUN_00287e88,24,30
00287ea0,FUN_00287ea0,28,30
00287ec0,FUN_00287ec0,8,30
00287ec8,FUN_00287ec8,340,30
00288020,FUN_00288020,84,30
00288078,FUN_00288078,68,30
002880c0,FUN_002880c0,68,30
00288108,FUN_00288108,68,30
00288150,FUN_00288150,84,30
002881a8,FUN_002881a8,708,30
00288470,FUN_00288470,24,30
00288488,FUN_00288488,580,30
002886d0,FUN_002886d0,72,30
00288718,FUN_00288718,112,30
00288788,FUN_00288788,8,30
00288790,FUN_00288790,100,30
002887f8,FUN_002887f8,272,30
00288910,FUN_00288910,16,30
00288930,FUN_00288930,260,30
00288a38,FUN_00288a38,396,30
00288bc8,FUN_00288bc8,76,30
00288c18,FUN_00288c18,32,30
00288c38,FUN_00288c38,56,30
00288c90,FUN_00288c90,100,30
00288d10,FUN_00288d10,240,30
00288e00,FUN_00288e00,32,30
00288e28,FUN_00288e28,208,30
00288ef8,FUN_00288ef8,184,30
00288fb0,FUN_00288fb0,116,30
00289028,FUN_00289028,100,30
00289090,FUN_00289090,328,30
002891d8,FUN_002891d8,60,30
00289230,FUN_00289230,192,30
002892f0,FUN_002892f0,108,30
00289360,FUN_00289360,44,30
00289398,FUN_00289398,228,30
00289480,FUN_00289480,272,30
00289590,FUN_00289590,80,30
002895e0,FUN_002895e0,128,30
00289660,FUN_00289660,52,30
00289698,FUN_00289698,256,30
00289798,FUN_00289798,60,30
002897d8,FUN_002897d8,364,30
00289948,FUN_00289948,8,30
00289950,FUN_00289950,52,30
002899a0,FUN_002899a0,316,30
00289ae0,FUN_00289ae0,304,30
00289c10,FUN_00289c10,404,30
00289da8,FUN_00289da8,36,30
00289dd0,FUN_00289dd0,244,30
00289ec8,FUN_00289ec8,104,30
00289f30,FUN_00289f30,68,30
00289f78,FUN_00289f78,1008,30
0028a368,FUN_0028a368,260,30
0028a478,FUN_0028a478,92,30
0028a4d8,FUN_0028a4d8,72,30
0028a520,FUN_0028a520,120,30
0028a598,FUN_0028a598,236,30
0028a688,FUN_0028a688,2396,30
0028aff8,FUN_0028aff8,504,30
0028b1f0,FUN_0028b1f0,184,30
0028b2a8,FUN_0028b2a8,308,30
0028b3e8,FUN_0028b3e8,592,30
0028b638,FUN_0028b638,524,30
0028b848,FUN_0028b848,224,30
0028b928,FUN_0028b928,24,30
0028b940,FUN_0028b940,8,30
0028b948,FUN_0028b948,544,30
0028bb68,FUN_0028bb68,24,30
0028bb80,FUN_0028bb80,20,30
0028bb98,FUN_0028bb98,8,30
0028bba0,FUN_0028bba0,84,30
0028bbf8,FUN_0028bbf8,24,30
0028bc10,FUN_0028bc10,112,30
0028bc80,FUN_0028bc80,232,30
0028bd68,FUN_0028bd68,24,30
0028bd80,FUN_0028bd80,308,30
0028bec0,FUN_0028bec0,204,30
0028bf90,FUN_0028bf90,152,30
0028c028,FUN_0028c028,24,30
0028c040,FUN_0028c040,860,30
0028c3a0,FUN_0028c3a0,32,30
0028c3c0,FUN_0028c3c0,32,30
0028c3e0,FUN_0028c3e0,248,30
0028c4d8,FUN_0028c4d8,32,30
0028c4f8,FUN_0028c4f8,40,30
0028c520,FUN_0028c520,516,30
0028c728,FUN_0028c728,3528,30
0028d888,FUN_0028d888,148,30
0028d920,FUN_0028d920,5476,30
0028ee98,FUN_0028ee98,56,30
0028eed8,FUN_0028eed8,192,30
0028ef98,FUN_0028ef98,68,30
0028efe0,FUN_0028efe0,108,30
0028f050,FUN_0028f050,108,30
0028f0c0,FUN_0028f0c0,36,30
0028f0e8,FUN_0028f0e8,120,30
0028f160,FUN_0028f160,352,30
0028f2c0,FUN_0028f2c0,236,30
0028f3b0,FUN_0028f3b0,84,30
0028f408,FUN_0028f408,528,30
0028f618,FUN_0028f618,252,30
0028f718,FUN_0028f718,748,30
0028fa08,FUN_0028fa08,88,30
0028fa60,FUN_0028fa60,76,30
0028fab0,FUN_0028fab0,84,30
0028fb08,FUN_0028fb08,176,30
0028fbb8,FUN_0028fbb8,32,30
0028fbd8,FUN_0028fbd8,1772,30
002902c8,FUN_002902c8,48,30
002902f8,FUN_002902f8,244,30
002903f0,FUN_002903f0,152,30
00290488,FUN_00290488,96,30
002904f0,FUN_002904f0,1484,30
00290ac0,FUN_00290ac0,1332,30
00291000,FUN_00291000,300,30
00291130,FUN_00291130,152,30
002911d0,FUN_002911d0,576,30
00291410,FUN_00291410,88,30
00291468,FUN_00291468,100,30
002914d0,FUN_002914d0,680,30
00291778,FUN_00291778,356,30
002918e0,FUN_002918e0,276,30
002919f8,FUN_002919f8,76,30
00291a48,FUN_00291a48,184,30
00291b00,FUN_00291b00,148,30
00291b98,FUN_00291b98,160,30
00291c38,FUN_00291c38,44,30
00291c68,FUN_00291c68,84,30
00291cc0,FUN_00291cc0,268,30
00291dd0,FUN_00291dd0,144,30
00291e90,FUN_00291e90,152,30
00291f28,FUN_00291f28,44,30
00291f58,FUN_00291f58,64,30
00291f98,FUN_00291f98,16,30
00291fa8,FUN_00291fa8,36,30
00291fd0,FUN_00291fd0,44,30
00292008,FUN_00292008,84,30
00292060,FUN_00292060,36,30
00292088,FUN_00292088,40,30
002920b0,FUN_002920b0,40,30
002920d8,FUN_002920d8,104,30
00292140,FUN_00292140,40,30
00292168,FUN_00292168,372,30
00292450,FUN_00292450,216,30
00292528,FUN_00292528,324,30
00292670,FUN_00292670,136,30
002926f8,FUN_002926f8,124,30
00292778,FUN_00292778,140,30
00292808,FUN_00292808,8,30
00292810,FUN_00292810,816,30
00292b40,FUN_00292b40,468,30
00292d20,FUN_00292d20,476,30
00292f08,FUN_00292f08,68,30
00292f50,FUN_00292f50,80,30
00292fa0,FUN_00292fa0,252,30
002930a0,FUN_002930a0,604,30
00293308,FUN_00293308,68,30
00293350,FUN_00293350,136,30
002933d8,FUN_002933d8,316,30
00293518,FUN_00293518,228,30
00293600,FUN_00293600,260,30
00293708,FUN_00293708,920,30
00293aa0,FUN_00293aa0,40,30
00293ac8,FUN_00293ac8,120,30
00293b40,FUN_00293b40,472,30
00293d18,FUN_00293d18,372,30
00293e90,FUN_00293e90,204,31
00293f60,FUN_00293f60,568,31
00294198,FUN_00294198,200,31
00294260,FUN_00294260,300,31
00294418,FUN_00294418,692,31
002946d0,FUN_002946d0,368,31
00294840,FUN_00294840,452,31
00294a08,FUN_00294a08,176,31
00294ab8,FUN_00294ab8,8,31
00294ac8,FUN_00294ac8,72,31
00294b18,FUN_00294b18,124,31
00294b98,FUN_00294b98,12,31
00294bb0,FUN_00294bb0,52,31
00294bf8,FUN_00294bf8,120,31
00294c70,FUN_00294c70,116,31
00294ce8,FUN_00294ce8,68,31
00294d30,FUN_00294d30,84,31
00294db0,FUN_00294db0,204,31
00294e80,FUN_00294e80,20,31
00294e98,FUN_00294e98,12,31
00294ea8,FUN_00294ea8,12,31
00294eb8,FUN_00294eb8,108,31
00294f28,FUN_00294f28,36,31
00294f50,FUN_00294f50,36,31
00294f78,FUN_00294f78,656,31
00295208,FUN_00295208,704,31
002954c8,FUN_002954c8,1056,31
002958e8,FUN_002958e8,192,31
002959a8,FUN_002959a8,144,31
00295a38,FUN_00295a38,448,31
00295bf8,FUN_00295bf8,1240,31
002962f0,FUN_002962f0,16,31
00296300,FUN_00296300,160,31
002963a0,FUN_002963a0,200,31
00296468,FUN_00296468,84,31
002964c0,FUN_002964c0,64,31
00296500,FUN_00296500,388,31
00296688,FUN_00296688,1796,31
00296d90,FUN_00296d90,592,31
00296fe0,FUN_00296fe0,1160,31
00297468,FUN_00297468,540,31
00297688,FUN_00297688,576,31
002978c8,FUN_002978c8,812,31
00297bf8,FUN_00297bf8,1064,31
00298020,FUN_00298020,412,31
002981c0,FUN_002981c0,1368,31
00298718,FUN_00298718,376,31
00298890,FUN_00298890,360,31
002989f8,FUN_002989f8,384,31
00298b78,FUN_00298b78,232,31
00298c60,FUN_00298c60,140,31
00298cf0,FUN_00298cf0,148,31
00298d88,FUN_00298d88,52,31
00298dc8,FUN_00298dc8,188,31
00298e88,FUN_00298e88,236,31
00298f78,FUN_00298f78,192,31
00299038,FUN_00299038,380,31
00299ea8,FUN_00299ea8,160,31
00299f48,FUN_00299f48,412,31
0029a0e8,FUN_0029a0e8,788,31
0029a400,FUN_0029a400,684,31
0029a6b0,FUN_0029a6b0,160,31
0029a750,FUN_0029a750,320,31
0029a898,FUN_0029a898,320,31
0029a9d8,FUN_0029a9d8,232,31
0029ace8,FUN_0029ace8,452,31
0029aeb8,FUN_0029aeb8,52,31
0029aef8,FUN_0029aef8,336,31
0029b050,FUN_0029b050,8,31
0029b058,FUN_0029b058,80,31
0029b0a8,FUN_0029b0a8,140,31
0029b138,FUN_0029b138,148,31
0029b1d0,FUN_0029b1d0,244,31
0029b2c8,FUN_0029b2c8,148,31
0029b360,FUN_0029b360,400,31
0029b4f0,FUN_0029b4f0,12,31
0029b500,FUN_0029b500,84,31
0029b558,FUN_0029b558,664,31
0029b7f8,FUN_0029b7f8,108,31
0029b868,FUN_0029b868,304,31
0029b998,FUN_0029b998,188,31
0029ba58,FUN_0029ba58,364,31
0029bbc8,FUN_0029bbc8,244,31
0029bce0,FUN_0029bce0,432,31
0029be90,FUN_0029be90,344,31
0029bfe8,FUN_0029bfe8,292,31
0029c110,FUN_0029c110,40,31
0029c138,FUN_0029c138,112,31
0029c1b0,FUN_0029c1b0,40,31
0029c1d8,FUN_0029c1d8,52,31
0029c210,FUN_0029c210,40,31
0029c238,FUN_0029c238,220,31
0029c318,FUN_0029c318,472,31
0029c4f8,FUN_0029c4f8,104,31
0029c560,FUN_0029c560,116,31
0029c5e8,FUN_0029c5e8,56,31
0029c628,FUN_0029c628,152,31
0029c6c8,FUN_0029c6c8,64,31
0029c708,FUN_0029c708,264,31
0029c810,FUN_0029c810,84,31
0029c868,FUN_0029c868,212,31
0029c940,FUN_0029c940,204,31
0029ca10,FUN_0029ca10,320,31
0029cb50,FUN_0029cb50,224,31
0029cc30,FUN_0029cc30,120,31
0029cca8,FUN_0029cca8,84,31
0029cd00,FUN_0029cd00,100,31
0029cd68,FUN_0029cd68,100,31
0029cdd0,FUN_0029cdd0,92,31
0029ce30,FUN_0029ce30,176,31
0029cee8,FUN_0029cee8,112,31
0029cf58,FUN_0029cf58,64,31
0029cf98,FUN_0029cf98,96,31
0029d000,FUN_0029d000,64,31
0029d048,FUN_0029d048,76,31
0029d0a0,FUN_0029d0a0,104,31
0029d108,FUN_0029d108,44,31
0029d138,FUN_0029d138,32,31
0029d158,FUN_0029d158,104,31
0029d1c0,FUN_0029d1c0,104,31
0029d228,FUN_0029d228,180,31
0029d2e0,FUN_0029d2e0,164,31
0029d388,FUN_0029d388,48,31
0029d3b8,FUN_0029d3b8,36,31
0029d3e0,FUN_0029d3e0,136,31
0029d470,FUN_0029d470,8,31
0029d478,FUN_0029d478,72,31
0029d4c0,FUN_0029d4c0,236,31
0029d5b0,FUN_0029d5b0,244,31
0029d6a8,FUN_0029d6a8,676,31
0029d950,FUN_0029d950,212,31
0029da28,FUN_0029da28,232,31
0029db10,FUN_0029db10,28,31
0029db30,FUN_0029db30,228,31
0029dc18,FUN_0029dc18,240,31
0029dd08,FUN_0029dd08,136,31
0029dd90,FUN_0029dd90,280,31
0029dea8,FUN_0029dea8,284,31
0029dfc8,FUN_0029dfc8,268,31
0029e0d8,FUN_0029e0d8,252,31
0029e1d8,FUN_0029e1d8,252,31
0029e2d8,FUN_0029e2d8,296,31
0029e400,FUN_0029e400,316,31
0029e540,FUN_0029e540,328,31
0029e688,FUN_0029e688,1288,31
0029eb90,FUN_0029eb90,276,31
0029eca8,FUN_0029eca8,820,31
0029efe0,FUN_0029efe0,1008,31
0029f3d0,FUN_0029f3d0,1304,31
0029f8f0,FUN_0029f8f0,772,31
0029fbf8,FUN_0029fbf8,1068,31
002a0028,FUN_002a0028,924,31
002a03c8,FUN_002a03c8,744,31
002a06b0,FUN_002a06b0,592,31
002a0900,FUN_002a0900,804,31
002a0c28,FUN_002a0c28,2176,31
002a14b8,FUN_002a14b8,988,31
002a1898,FUN_002a1898,308,31
002a19d0,FUN_002a19d0,588,31
002a1c20,FUN_002a1c20,2920,31
002a2788,FUN_002a2788,468,31
002a2960,FUN_002a2960,340,31
002a2ab8,FUN_002a2ab8,2380,31
002a3408,FUN_002a3408,260,31
002a3510,FUN_002a3510,656,31
002a37a8,FUN_002a37a8,1036,31
002a3bb8,FUN_002a3bb8,52,31
002a3bf0,FUN_002a3bf0,468,31
002a3dc8,FUN_002a3dc8,56,31
002a3e00,FUN_002a3e00,36,31
002a3e28,FUN_002a3e28,508,31
002a4028,FUN_002a4028,432,31
002a41e0,FUN_002a41e0,36,31
002a4208,FUN_002a4208,36,31
002a4230,FUN_002a4230,344,31
002a4390,FUN_002a4390,68,31
002a43d8,FUN_002a43d8,48,31
002a4410,FUN_002a4410,228,31
002a44f8,FUN_002a44f8,160,31
002a4598,FUN_002a4598,84,31
002a45f0,FUN_002a45f0,120,31
002a4678,FUN_002a4678,108,31
002a46e8,FUN_002a46e8,344,31
002a4840,FUN_002a4840,744,31
002a4b28,FUN_002a4b28,532,31
002a4d40,FUN_002a4d40,544,31
002a4f60,FUN_002a4f60,208,31
002a5038,FUN_002a5038,188,31
002a50f8,FUN_002a50f8,68,31
002a5140,FUN_002a5140,516,31
002a5350,FUN_002a5350,88,31
002a53a8,FUN_002a53a8,40,31
002a53d0,FUN_002a53d0,80,31
002a5420,FUN_002a5420,288,31
002a5548,FUN_002a5548,60,31
002a55d8,FUN_002a55d8,100,31
002a5640,FUN_002a5640,508,31
002a5850,FUN_002a5850,552,31
002a5a90,FUN_002a5a90,48,31
002a5ac8,FUN_002a5ac8,128,31
002a5b60,FUN_002a5b60,28,32
002a5b98,FUN_002a5b98,44,32
002a5bc8,FUN_002a5bc8,180,32
002a5c80,FUN_002a5c80,104,32
002a5ce8,FUN_002a5ce8,800,32
002a6010,FUN_002a6010,812,32
002a6340,FUN_002a6340,672,32
002a65e0,FUN_002a65e0,12,32
002a65f0,FUN_002a65f0,208,32
002a6868,FUN_002a6868,588,32
002a6ab8,FUN_002a6ab8,76,32
002a6b08,FUN_002a6b08,244,32
002a6c00,FUN_002a6c00,8,32
002a6c08,FUN_002a6c08,188,32
002a6cc8,FUN_002a6cc8,808,32
002a6ff0,FUN_002a6ff0,28,32
002a7010,FUN_002a7010,28,32
002a7030,FUN_002a7030,28,32
002a7050,FUN_002a7050,388,32
002a71e0,FUN_002a71e0,492,32
002a73d8,FUN_002a73d8,300,32
002a7598,FUN_002a7598,84,32
002a75f0,FUN_002a75f0,196,32
002a76c0,FUN_002a76c0,32,32
002a76e0,FUN_002a76e0,168,32
002a7798,FUN_002a7798,60,32
002a77e8,FUN_002a77e8,124,32
002a78d8,FUN_002a78d8,88,32
002a7dd0,FUN_002a7dd0,2224,32
002a8688,FUN_002a8688,472,32
002a8860,FUN_002a8860,1344,32
002a8da0,FUN_002a8da0,468,32
002a8f78,FUN_002a8f78,332,32
002a90c8,FUN_002a90c8,32,32
002a90e8,FUN_002a90e8,32,32
002a9108,FUN_002a9108,52,32
002a9140,FUN_002a9140,48,32
002a9178,FUN_002a9178,92,32
002a91d8,FUN_002a91d8,100,32
002a9240,FUN_002a9240,204,32
002a9310,FUN_002a9310,204,32
002a93e0,FUN_002a93e0,68,32
002a9498,FUN_002a9498,124,32
002a9518,FUN_002a9518,108,32
002a9588,FUN_002a9588,88,32
002a95e0,FUN_002a95e0,96,32
002a9640,FUN_002a9640,492,32
002a9838,FUN_002a9838,112,32
002a98a8,FUN_002a98a8,104,32
002a9910,FUN_002a9910,196,32
002a99d8,FUN_002a99d8,268,32
002a9ae8,FUN_002a9ae8,136,32
002a9b70,FUN_002a9b70,316,32
002a9cb8,FUN_002a9cb8,312,32
002a9df0,FUN_002a9df0,60,32
002a9e38,FUN_002a9e38,68,32
002a9e88,FUN_002a9e88,120,32
002a9f08,FUN_002a9f08,260,32
002aa010,FUN_002aa010,8,32
002aa018,FUN_002aa018,36,32
002aa040,FUN_002aa040,52,32
002aa080,FUN_002aa080,228,32
002aa188,FUN_002aa188,240,32
002aa288,FUN_002aa288,88,32
002aa2e8,FUN_002aa2e8,88,32
002aa340,FUN_002aa340,184,32
002aa488,FUN_002aa488,136,32
002aa510,FUN_002aa510,88,32
002aa710,FUN_002aa710,300,32
002aa840,FUN_002aa840,548,32
002aaa68,FUN_002aaa68,1240,32
002aaf48,FUN_002aaf48,768,32
002ab250,FUN_002ab250,292,32
002ab378,FUN_002ab378,444,32
002ab538,FUN_002ab538,932,32
002ab8e0,FUN_002ab8e0,512,32
002abaf8,FUN_002abaf8,160,32
002abb98,FUN_002abb98,108,32
002abc08,FUN_002abc08,272,32
002abd18,FUN_002abd18,76,32
002abd68,FUN_002abd68,280,32
002abe90,FUN_002abe90,496,32
002ac090,FUN_002ac090,48,32
002ac128,FUN_002ac128,220,32
002ac210,FUN_002ac210,100,32
002ac278,FUN_002ac278,100,32
002ac2e0,FUN_002ac2e0,164,32
002ac388,FUN_002ac388,216,32
002ac468,FUN_002ac468,252,32
002ac568,FUN_002ac568,112,32
002ac5d8,FUN_002ac5d8,80,32
002ac628,FUN_002ac628,156,32
002ac6e8,FUN_002ac6e8,100,32
002ac750,FUN_002ac750,64,32
002ac790,FUN_002ac790,60,32
002ac7d0,FUN_002ac7d0,56,32
002ac808,FUN_002ac808,72,32
002ac850,FUN_002ac850,68,32
002ac908,FUN_002ac908,728,32
002acbe8,FUN_002acbe8,636,32
002ace68,FUN_002ace68,840,32
002ad1b0,FUN_002ad1b0,276,32
002ad2c8,FUN_002ad2c8,480,32
002ad4a8,FUN_002ad4a8,100,32
002ad510,FUN_002ad510,196,32
002ad5d8,FUN_002ad5d8,136,32
002ad668,FUN_002ad668,908,32
002ad9f8,FUN_002ad9f8,1080,32
002ade38,FUN_002ade38,628,32
002ae0b0,FUN_002ae0b0,1760,32
002ae790,FUN_002ae790,1472,32
002aed50,FUN_002aed50,400,32
002aeee0,FUN_002aeee0,532,32
002af118,FUN_002af118,64,32
002af158,FUN_002af158,52,32
002af1a0,FUN_002af1a0,156,32
002af240,FUN_002af240,156,32
002af300,FUN_002af300,136,32
002af388,FUN_002af388,168,32
002af438,FUN_002af438,236,32
002af530,FUN_002af530,112,32
002af5a8,FUN_002af5a8,68,32
002af6a8,FUN_002af6a8,72,32
002af6f0,FUN_002af6f0,136,32
002af778,FUN_002af778,96,32
002af7d8,FUN_002af7d8,36,32
002af800,FUN_002af800,308,32
002af938,FUN_002af938,268,32
002afa48,FUN_002afa48,324,32
002afb90,FUN_002afb90,296,32
002afcb8,FUN_002afcb8,248,32
002afdb0,FUN_002afdb0,1244,32
002b0290,FUN_002b0290,572,32
002b04d0,FUN_002b04d0,684,32
002b0780,FUN_002b0780,1568,32
002b0da0,FUN_002b0da0,2596,32
002b17c8,FUN_002b17c8,1684,32
002b1e68,FUN_002b1e68,292,32
002b1f90,FUN_002b1f90,288,32
002b20b0,FUN_002b20b0,468,32
002b2288,FUN_002b2288,256,32
002b2388,FUN_002b2388,324,32
002b24d0,FUN_002b24d0,68,32
002b2518,FUN_002b2518,284,32
002b2638,FUN_002b2638,1392,32
002b2ba8,FUN_002b2ba8,628,32
002b2e20,FUN_002b2e20,1200,32
002b32d8,FUN_002b32d8,536,32
002b34f0,FUN_002b34f0,372,32
002b3668,FUN_002b3668,404,32
002b3800,FUN_002b3800,1412,32
002b3d88,FUN_002b3d88,1344,32
002b42d0,FUN_002b42d0,680,32
002b4578,FUN_002b4578,516,32
002b4780,FUN_002b4780,304,32
002b48b0,FUN_002b48b0,480,32
002b4a90,FUN_002b4a90,824,32
002b4dc8,FUN_002b4dc8,8,32
002b4dd0,FUN_002b4dd0,8,32
002b4de0,FUN_002b4de0,160,32
002b4e80,FUN_002b4e80,220,32
002b4f68,FUN_002b4f68,72,32
002b4fb0,FUN_002b4fb0,64,32
002b4ff0,FUN_002b4ff0,148,32
002b5088,FUN_002b5088,2684,32
002b5b28,FUN_002b5b28,1036,32
002b5f38,FUN_002b5f38,492,32
002b6130,FUN_002b6130,2568,32
002b6b40,FUN_002b6b40,1156,32
002b6fd0,FUN_002b6fd0,1372,32
002b7550,FUN_002b7550,3912,32
002b8858,FUN_002b8858,6948,32
002ba398,FUN_002ba398,1452,32
002bacf0,FUN_002bacf0,532,32
002baf08,FUN_002baf08,576,32
002bb148,FUN_002bb148,1008,32
002bb538,FUN_002bb538,760,32
002bb830,FUN_002bb830,952,32
002bbbe8,FUN_002bbbe8,2244,32
002bc4b8,FUN_002bc4b8,524,32
002bc6c8,FUN_002bc6c8,744,32
002bc9b0,FUN_002bc9b0,832,32
002bccf8,FUN_002bccf8,240,32
002bcde8,FUN_002bcde8,552,32
002bd010,FUN_002bd010,376,32
002bd188,FUN_002bd188,308,32
002bd2c0,FUN_002bd2c0,752,32
002bd5b0,FUN_002bd5b0,236,32
002bd6a0,FUN_002bd6a0,1832,32
002bddc8,FUN_002bddc8,852,32
002be120,FUN_002be120,3344,32
002bee30,FUN_002bee30,816,32
002bf168,FUN_002bf168,304,32
002bf298,FUN_002bf298,476,32
002bf478,FUN_002bf478,500,32
002bf670,FUN_002bf670,212,32
002bf748,FUN_002bf748,1560,32
002bfe58,FUN_002bfe58,12,32
002bfe68,FUN_002bfe68,88,32
002bfec0,FUN_002bfec0,12,32
002bfed0,FUN_002bfed0,44,33
002bff10,FUN_002bff10,64,33
002bff70,FUN_002bff70,12,33
002c0038,FUN_002c0038,184,33
002c00f0,FUN_002c00f0,116,33
002c0168,FUN_002c0168,88,33
002c01e0,FUN_002c01e0,180,33
002c0298,FUN_002c0298,148,33
002c0340,FUN_002c0340,180,33
002c03f8,FUN_002c03f8,252,33
002c0558,FUN_002c0558,140,33
002c0840,FUN_002c0840,600,33
002c0a98,FUN_002c0a98,376,33
002c0c10,FUN_002c0c10,324,33
002c0d58,FUN_002c0d58,1052,33
002c1178,FUN_002c1178,316,33
002c12b8,FUN_002c12b8,484,33
002c14a0,FUN_002c14a0,1092,33
002c18e8,FUN_002c18e8,7064,33
002c34a0,FUN_002c34a0,5760,33
002c4b38,FUN_002c4b38,6692,33
002c6570,FUN_002c6570,108,33
002c65e0,FUN_002c65e0,64,33
002c6620,FUN_002c6620,68,33
002c66a0,FUN_002c66a0,392,33
002c6828,FUN_002c6828,3892,33
002c7760,FUN_002c7760,1216,33
002c7c20,FUN_002c7c20,908,33
002c7fb0,FUN_002c7fb0,1160,33
002c8618,FUN_002c8618,272,33
002c88e0,FUN_002c88e0,104,33
002c8948,FUN_002c8948,920,33
002c8ce0,FUN_002c8ce0,356,33
002c8e48,FUN_002c8e48,432,33
002c8ff8,FUN_002c8ff8,908,33
002c9388,FUN_002c9388,916,33
002c99a8,FUN_002c99a8,680,33
002c9c58,FUN_002c9c58,648,33
002c9ee0,FUN_002c9ee0,940,33
002ca290,FUN_002ca290,940,33
002ca900,FUN_002ca900,712,33
002cabd0,FUN_002cabd0,692,33
002cae88,FUN_002cae88,872,33
002cb1f0,FUN_002cb1f0,80,33
002cb240,FUN_002cb240,8,33
002cb3d8,FUN_002cb3d8,644,33
002cb660,FUN_002cb660,504,33
002cb858,FUN_002cb858,560,33
002cba90,FUN_002cba90,860,33
002cbdf0,FUN_002cbdf0,2316,33
002cc700,FUN_002cc700,1348,33
002ccc48,FUN_002ccc48,256,33
002ccd48,FUN_002ccd48,308,33
002cce80,FUN_002cce80,932,33
002cd230,FUN_002cd230,1032,33
002cd640,FUN_002cd640,508,33
002cd840,FUN_002cd840,740,33
002cdb28,FUN_002cdb28,576,33
002cdd70,FUN_002cdd70,304,33
002cdea0,FUN_002cdea0,208,33
002cdf70,FUN_002cdf70,160,33
002ce010,FUN_002ce010,164,33
002ce0b8,FUN_002ce0b8,48,33
002ce0f8,FUN_002ce0f8,16,33
002ce110,FUN_002ce110,16,33
002ce140,FUN_002ce140,12,33
002ce150,FUN_002ce150,8,33
002ce160,FUN_002ce160,396,33
002ce2f0,FUN_002ce2f0,384,33
002ce470,FUN_002ce470,656,33
002ce708,FUN_002ce708,188,33
002ce7c8,FUN_002ce7c8,92,33
002ce980,FUN_002ce980,40,33
002ce9a8,FUN_002ce9a8,8,33
002ce9b0,FUN_002ce9b0,8,33
002ce9b8,FUN_002ce9b8,180,33
002cea78,FUN_002cea78,92,33
002cead8,FUN_002cead8,8,33
002ceae0,FUN_002ceae0,208,33
002cebe0,FUN_002cebe0,596,33
002cee38,FUN_002cee38,776,33
002cf150,FUN_002cf150,404,33
002cf2e8,FUN_002cf2e8,156,33
002cf388,FUN_002cf388,172,33
002cf440,FUN_002cf440,356,33
002cf5c0,FUN_002cf5c0,8,33
002cf5c8,FUN_002cf5c8,8,33
002cf5d0,FUN_002cf5d0,8,33
002cf5d8,FUN_002cf5d8,8,33
002cf610,FUN_002cf610,308,33
002cf750,FUN_002cf750,292,33
002cf888,FUN_002cf888,136,33
002cf910,FUN_002cf910,128,33
002cf990,FUN_002cf990,304,33
002cfac0,FUN_002cfac0,728,33
002cfd98,FUN_002cfd98,76,33
002cfdf8,FUN_002cfdf8,152,33
002cfe90,FUN_002cfe90,96,33
002cfef0,FUN_002cfef0,76,33
002cff58,FUN_002cff58,84,33
002cffb0,FUN_002cffb0,8,33
002cffc0,FUN_002cffc0,184,33
002d0078,FUN_002d0078,120,33
002d00f0,FUN_002d00f0,84,33
002d0178,FUN_002d0178,260,33
002d0280,FUN_002d0280,1004,33
002d0678,FUN_002d0678,8,33
002d0680,FUN_002d0680,56,33
002d06b8,FUN_002d06b8,160,33
002d08c8,FUN_002d08c8,72,33
002d0910,FUN_002d0910,240,33
002d0a18,FUN_002d0a18,56,33
002d0a78,FUN_002d0a78,796,33
002d0fd8,FUN_002d0fd8,496,33
002d11d0,FUN_002d11d0,100,33
002d1240,FUN_002d1240,752,33
002d1530,FUN_002d1530,60,33
002d15a0,FUN_002d15a0,108,33
002d1610,FUN_002d1610,128,33
002d16b8,FUN_002d16b8,604,33
002d1918,FUN_002d1918,688,33
002d1bc8,FUN_002d1bc8,380,33
002d1d48,FUN_002d1d48,824,33
002d2098,FUN_002d2098,788,33
002d23b0,FUN_002d23b0,1020,33
002d27d8,FUN_002d27d8,648,33
002d2a60,FUN_002d2a60,648,33
002d2ce8,CFleeAgent_002d2ce8,96,33
002d2d48,FUN_002d2d48,112,33
002d2db8,FUN_002d2db8,140,33
002d2fb8,FUN_002d2fb8,32,33
002d2fd8,FUN_002d2fd8,32,33
002d2ff8,FUN_002d2ff8,128,33
002d30a0,FUN_002d30a0,336,33
002d31f0,FUN_002d31f0,268,33
002d3300,FUN_002d3300,448,33
002d34c0,CFollowerAgent_002d34c0,96,33
002d3520,FUN_002d3520,64,33
002d3560,FUN_002d3560,88,33
002d3610,FUN_002d3610,152,33
002d36a8,FUN_002d36a8,304,33
002d3858,FUN_002d3858,44,33
002d3888,FUN_002d3888,32,33
002d38a8,FUN_002d38a8,32,33
002d38c8,FUN_002d38c8,128,33
002d3970,CGotoAgent_002d3970,96,33
002d39d0,FUN_002d39d0,64,33
002d3a10,FUN_002d3a10,88,33
002d3a78,FUN_002d3a78,136,33
002d3b08,FUN_002d3b08,160,33
002d3ba8,FUN_002d3ba8,44,33
002d3c50,FUN_002d3c50,32,33
002d3c70,FUN_002d3c70,32,33
002d3c90,FUN_002d3c90,128,33
002d3d38,FUN_002d3d38,468,33
002d3f10,FUN_002d3f10,568,33
002d4148,FUN_002d4148,380,33
002d42c8,FUN_002d42c8,576,33
002d4520,FUN_002d4520,508,33
002d4720,FUN_002d4720,644,33
002d49a8,FUN_002d49a8,448,33
002d4b68,FUN_002d4b68,1088,33
002d5008,CHideAgent_002d5008,96,33
002d5068,FUN_002d5068,128,33
002d50e8,FUN_002d50e8,140,33
002d5248,FUN_002d5248,224,33
002d53b0,FUN_002d53b0,32,33
002d53d0,FUN_002d53d0,32,33
002d53f0,FUN_002d53f0,128,33
002d5498,FUN_002d5498,436,33
002d5650,FUN_002d5650,928,33
002d59f0,FUN_002d59f0,1980,33
002d61b8,CPathWayAgent_002d61b8,96,33
002d6218,FUN_002d6218,96,33
002d6278,FUN_002d6278,88,33
002d62d0,FUN_002d62d0,240,33
002d6440,FUN_002d6440,28,33
002d6480,FUN_002d6480,84,33
002d65a8,FUN_002d65a8,32,33
002d65c8,FUN_002d65c8,32,33
002d65e8,FUN_002d65e8,128,33
002d6690,FUN_002d6690,464,33
002d6860,FUN_002d6860,468,33
002d6a38,FUN_002d6a38,628,33
002d6cb0,FUN_002d6cb0,408,33
002d6e48,FUN_002d6e48,320,33
002d6fa8,CShooterAgent_002d6fa8,96,33
002d7008,FUN_002d7008,96,33
002d7068,FUN_002d7068,88,33
002d7118,FUN_002d7118,204,33
002d7220,FUN_002d7220,32,33
002d7240,FUN_002d7240,32,33
002d7260,FUN_002d7260,128,33
002d7308,FUN_002d7308,380,33
002d74a0,CWanderAgent_002d74a0,96,33
002d7500,FUN_002d7500,88,33
002d7558,FUN_002d7558,88,33
002d75b0,FUN_002d75b0,224,33
002d76a0,FUN_002d76a0,164,33
002d7748,FUN_002d7748,84,33
002d77a0,FUN_002d77a0,156,34
002d7840,FUN_002d7840,236,34
002d7930,FUN_002d7930,32,34
002d7950,FUN_002d7950,32,34
002d7970,FUN_002d7970,112,34
002d79e0,CActionAcceleration_002d79e0,84,34
002d7a38,FUN_002d7a38,124,34
002d7ab8,FUN_002d7ab8,32,34
002d7ad8,FUN_002d7ad8,32,34
002d7af8,FUN_002d7af8,112,34
002d7b68,CActionCrouch_002d7b68,84,34
002d7bc0,FUN_002d7bc0,124,34
002d7c40,FUN_002d7c40,32,34
002d7c60,FUN_002d7c60,32,34
002d7c80,FUN_002d7c80,112,34
002d7cf0,CActionJump_002d7cf0,84,34
002d7d48,FUN_002d7d48,124,34
002d7dc8,FUN_002d7dc8,32,34
002d7de8,FUN_002d7de8,32,34
002d7e08,FUN_002d7e08,112,34
002d7e78,CActionRotate_002d7e78,84,34
002d7ed0,FUN_002d7ed0,124,34
002d7f50,FUN_002d7f50,32,34
002d7f70,FUN_002d7f70,32,34
002d7f90,FUN_002d7f90,112,34
002d8000,CActionShoot_002d8000,84,34
002d8058,FUN_002d8058,156,34
002d80f8,FUN_002d80f8,32,34
002d8118,FUN_002d8118,32,34
002d8138,FUN_002d8138,112,34
002d81a8,CActionSpeed_002d81a8,84,34
002d8200,FUN_002d8200,124,34
002d8280,FUN_002d8280,32,34
002d82a0,FUN_002d82a0,32,34
002d82c0,FUN_002d82c0,112,34
002d8330,CActionSteering_002d8330,84,34
002d8388,FUN_002d8388,124,34
002d8408,FUN_002d8408,32,34
002d8428,FUN_002d8428,32,34
002d8448,FUN_002d8448,300,34
002d8578,FUN_002d8578,304,34
002d86a8,FUN_002d86a8,112,34
002d8718,CEntityCanFly_002d8718,84,34
002d8770,FUN_002d8770,116,34
002d87e8,FUN_002d87e8,32,34
002d8808,FUN_002d8808,32,34
002d8828,FUN_002d8828,104,34
002d8890,CEntityEyePosition_002d8890,84,34
002d88e8,FUN_002d88e8,140,34
002d8978,FUN_002d8978,32,34
002d8998,FUN_002d8998,32,34
002d89b8,FUN_002d89b8,104,34
002d8a20,CEntityGunPosition_002d8a20,84,34
002d8a78,FUN_002d8a78,140,34
002d8b08,FUN_002d8b08,32,34
002d8b28,FUN_002d8b28,32,34
002d8b48,FUN_002d8b48,104,34
002d8bb0,CEntityHeadDirection_002d8bb0,84,34
002d8c08,FUN_002d8c08,140,34
002d8c98,FUN_002d8c98,32,34
002d8cb8,FUN_002d8cb8,32,34
002d8cd8,FUN_002d8cd8,104,34
002d8d40,CEntityHearingAcuteness_002d8d40,84,34
002d8d98,FUN_002d8d98,136,34
002d8e20,FUN_002d8e20,32,34
002d8e40,FUN_002d8e40,32,34
002d8e60,FUN_002d8e60,148,34
002d8ef8,CEntityHeight_002d8ef8,84,34
002d8f50,FUN_002d8f50,112,34
002d8fc0,FUN_002d8fc0,32,34
002d8fe0,FUN_002d8fe0,32,34
002d9000,FUN_002d9000,104,34
002d9068,CEntityKneePosition_002d9068,84,34
002d90c0,FUN_002d90c0,140,34
002d9150,FUN_002d9150,32,34
002d9170,FUN_002d9170,32,34
002d9190,FUN_002d9190,148,34
002d9228,CEntityLength_002d9228,84,34
002d9280,FUN_002d9280,112,34
002d92f0,FUN_002d92f0,32,34
002d9310,FUN_002d9310,32,34
002d9330,FUN_002d9330,144,34
002d93c0,CEntityMaxSpeed_002d93c0,84,34
002d9418,FUN_002d9418,112,34
002d9488,FUN_002d9488,32,34
002d94a8,FUN_002d94a8,32,34
002d94c8,FUN_002d94c8,116,34
002d9540,CEntityTeamSide_002d9540,84,34
002d9598,FUN_002d9598,116,34
002d9610,FUN_002d9610,32,34
002d9630,FUN_002d9630,32,34
002d9650,FUN_002d9650,104,34
002d96b8,CEntityTorsoOrientation_002d96b8,84,34
002d9710,FUN_002d9710,140,34
002d97a0,FUN_002d97a0,32,34
002d97c0,FUN_002d97c0,32,34
002d97e0,FUN_002d97e0,156,34
002d9880,CEntityVisualAcuteness_002d9880,84,34
002d98d8,FUN_002d98d8,152,34
002d9970,FUN_002d9970,68,34
002d99b8,FUN_002d99b8,32,34
002d99d8,FUN_002d99d8,32,34
002d99f8,FUN_002d99f8,148,34
002d9a90,CEntityWidth_002d9a90,84,34
002d9ae8,FUN_002d9ae8,112,34
002d9b58,FUN_002d9b58,32,34
002d9b78,FUN_002d9b78,32,34
002d9b98,FUN_002d9b98,112,34
002d9c08,CActionActivate_002d9c08,84,34
002d9c60,FUN_002d9c60,124,34
002d9ce0,FUN_002d9ce0,32,34
002d9d00,FUN_002d9d00,32,34
002d9d20,FUN_002d9d20,112,34
002d9d90,CActionHeadRotate_002d9d90,84,34
002d9de8,FUN_002d9de8,132,34
002d9e70,FUN_002d9e70,32,34
002d9e90,FUN_002d9e90,32,34
002d9eb0,FUN_002d9eb0,112,34
002d9f20,CActionTorsoRotate_002d9f20,84,34
002d9f78,FUN_002d9f78,132,34
002da000,FUN_002da000,32,34
002da020,FUN_002da020,32,34
002da040,FUN_002da040,112,34
002da0b0,CActionVerticalSpeed_002da0b0,84,34
002da108,FUN_002da108,124,34
002da188,FUN_002da188,32,34
002da1a8,FUN_002da1a8,32,34
002da1c8,FUN_002da1c8,60,34
002da208,FUN_002da208,112,34
002da2a0,FUN_002da2a0,144,34
002da348,FUN_002da348,224,34
002da428,FUN_002da428,652,34
002da700,FUN_002da700,504,34
002da920,CPathWayManager_002da920,96,34
002da980,FUN_002da980,44,34
002da9b0,FUN_002da9b0,192,34
002daa70,FUN_002daa70,148,34
002dab08,FUN_002dab08,232,34
002dabf0,FUN_002dabf0,68,34
002dac50,FUN_002dac50,128,34
002dacd0,FUN_002dacd0,32,34
002dacf0,FUN_002dacf0,32,34
002dad10,FUN_002dad10,112,34
002dada8,FUN_002dada8,36,34
002dadd0,FUN_002dadd0,368,34
002daf40,FUN_002daf40,512,34
002db140,FUN_002db140,1800,34
002db848,FUN_002db848,376,34
002db9c8,FUN_002db9c8,788,34
002dbce0,FUN_002dbce0,1364,34
002dc238,FUN_002dc238,1448,34
002dc7e0,CPointMapper_002dc7e0,96,34
002dc840,FUN_002dc840,96,34
002dc8a0,FUN_002dc8a0,140,34
002dc930,FUN_002dc930,188,34
002dca00,FUN_002dca00,32,34
002dca20,FUN_002dca20,32,34
002dca40,FUN_002dca40,112,34
002dcad8,FUN_002dcad8,144,34
002dcb80,FUN_002dcb80,224,34
002dcc60,FUN_002dcc60,652,34
002dcf38,FUN_002dcf38,504,34
002dd158,CScriptManager_002dd158,96,34
002dd1b8,FUN_002dd1b8,44,34
002dd1e8,FUN_002dd1e8,192,34
002dd2a8,FUN_002dd2a8,148,34
002dd340,FUN_002dd340,232,34
002dd428,FUN_002dd428,68,34
002dd488,FUN_002dd488,128,34
002dd508,FUN_002dd508,32,34
002dd528,FUN_002dd528,32,34
002dd548,FUN_002dd548,412,34
002dd778,FUN_002dd778,1660,34
002dde28,FUN_002dde28,1376,34
002de3c0,FUN_002de3c0,1284,34
002de8f8,FUN_002de8f8,276,34
002dea40,FUN_002dea40,964,34
002dee98,FUN_002dee98,424,34
002df060,FUN_002df060,312,34
002df198,FUN_002df198,124,34
002df230,FUN_002df230,88,34
002df2a0,FUN_002df2a0,224,34
002df380,FUN_002df380,60,34
002df3d8,FUN_002df3d8,180,34
002df658,FUN_002df658,336,34
002df7a8,FUN_002df7a8,288,34
002df8c8,FUN_002df8c8,28,34
002df8e8,FUN_002df8e8,120,34
002df960,FUN_002df960,60,34
002df9b8,FUN_002df9b8,172,34
002dfa68,FUN_002dfa68,152,34
002dfb00,FUN_002dfb00,220,34
002dfbf8,FUN_002dfbf8,64,34
002dfc38,FUN_002dfc38,208,34
002dfd08,FUN_002dfd08,192,34
002dfdc8,FUN_002dfdc8,64,34
002dfe08,FUN_002dfe08,52,34
002dfe40,FUN_002dfe40,108,34
002dfeb0,FUN_002dfeb0,64,34
002dff10,FUN_002dff10,112,34
002dff98,FUN_002dff98,124,35
002e0018,FUN_002e0018,216,35
002e00f0,FUN_002e00f0,60,35
002e0140,FUN_002e0140,392,35
002e02f0,FUN_002e02f0,244,35
002e0410,FUN_002e0410,792,35
002e0750,FUN_002e0750,1004,35
002e0b40,FUN_002e0b40,196,35
002e0c30,FUN_002e0c30,196,35
002e0d20,FUN_002e0d20,476,35
002e0f00,FUN_002e0f00,288,35
002e1038,FUN_002e1038,28,35
002e1058,FUN_002e1058,28,35
002e1078,FUN_002e1078,28,35
002e1098,FUN_002e1098,28,35
002e10b8,FUN_002e10b8,32,35
002e10d8,FUN_002e10d8,28,35
002e10f8,FUN_002e10f8,28,35
002e1118,FUN_002e1118,132,35
002e11a0,FUN_002e11a0,104,35
002e1208,FUN_002e1208,32,35
002e1228,FUN_002e1228,32,35
002e1248,FUN_002e1248,56,35
002e1280,FUN_002e1280,44,35
002e12b0,FUN_002e12b0,204,35
002e1380,FUN_002e1380,52,35
002e13b8,FUN_002e13b8,124,35
002e1438,FUN_002e1438,52,35
002e1470,FUN_002e1470,64,35
002e14b0,FUN_002e14b0,40,35
002e14d8,FUN_002e14d8,44,35
002e1548,FUN_002e1548,340,35
002e16b8,FUN_002e16b8,352,35
002e1818,FUN_002e1818,752,35
002e1b08,FUN_002e1b08,184,35
002e1bc0,FUN_002e1bc0,152,35
002e1c58,FUN_002e1c58,184,35
002e1d10,FUN_002e1d10,152,35
002e1da8,FUN_002e1da8,60,35
002e1e18,FUN_002e1e18,436,35
002e1fd0,FUN_002e1fd0,172,35
002e2098,FUN_002e2098,596,35
002e22f0,FUN_002e22f0,836,35
002e2638,FUN_002e2638,368,35
002e27a8,FUN_002e27a8,40,35
002e27d0,FUN_002e27d0,40,35
002e27f8,FUN_002e27f8,48,35
002e2828,FUN_002e2828,204,35
002e2910,FUN_002e2910,612,35
002e2b78,FUN_002e2b78,412,35
002e2d40,FUN_002e2d40,428,35
002e2ef0,FUN_002e2ef0,464,35
002e3100,FUN_002e3100,224,35
002e31e0,FUN_002e31e0,164,35
002e3288,FUN_002e3288,164,35
002e3330,FUN_002e3330,172,35
002e33e0,FUN_002e33e0,40,35
002e3408,FUN_002e3408,52,35
002e3440,FUN_002e3440,92,35
002e34b8,FUN_002e34b8,192,35
002e3578,FUN_002e3578,180,35
002e3630,FUN_002e3630,180,35
002e36e8,FUN_002e36e8,180,35
002e37a0,FUN_002e37a0,132,35
002e3828,FUN_002e3828,240,35
002e3918,FUN_002e3918,8,35
002e3920,FUN_002e3920,8,35
002e3928,FUN_002e3928,952,35
002e3d28,FUN_002e3d28,484,35
002e3f28,FUN_002e3f28,156,35
002e3fc8,FUN_002e3fc8,128,35
002e4048,FUN_002e4048,40,35
002e4070,FUN_002e4070,240,35
002e4160,FUN_002e4160,36,35
002e4188,FUN_002e4188,12,35
002e4198,FUN_002e4198,32,35
002e41b8,FUN_002e41b8,32,35
002e41d8,FUN_002e41d8,924,35
002e45f8,FUN_002e45f8,388,35
002e4860,FUN_002e4860,756,35
002e4b98,FUN_002e4b98,200,35
002e4c60,FUN_002e4c60,68,35
002e4ca8,FUN_002e4ca8,52,35
002e4ce0,FUN_002e4ce0,52,35
002e4d18,FUN_002e4d18,108,35
002e4d88,FUN_002e4d88,60,35
002e4dc8,FUN_002e4dc8,64,35
002e4e28,FUN_002e4e28,304,35
002e4f58,FUN_002e4f58,276,35
002e5088,FUN_002e5088,240,35
002e5178,FUN_002e5178,92,35
002e51d8,FUN_002e51d8,60,35
002e5218,FUN_002e5218,96,35
002e5288,FUN_002e5288,32,35
002e52a8,FUN_002e52a8,32,35
002e52c8,FUN_002e52c8,140,35
002e5358,FUN_002e5358,488,35
002e55a0,FUN_002e55a0,164,35
002e5848,FUN_002e5848,88,35
002e58a0,FUN_002e58a0,512,35
002e5ae8,FUN_002e5ae8,260,35
002e5c38,FUN_002e5c38,268,35
002e5d90,FUN_002e5d90,200,35
002e5e58,FUN_002e5e58,352,35
002e5fb8,FUN_002e5fb8,1484,35
002e6740,FUN_002e6740,652,35
002e69e8,FUN_002e69e8,372,35
002e6cf0,FUN_002e6cf0,32,35
002e6d10,FUN_002e6d10,124,35
002e6d90,FUN_002e6d90,72,35
002e6dd8,FUN_002e6dd8,136,35
002e6e60,FUN_002e6e60,176,35
002e6f10,FUN_002e6f10,124,35
002e6f90,FUN_002e6f90,32,35
002e6fb0,FUN_002e6fb0,88,35
002e7008,FUN_002e7008,32,35
002e7028,FUN_002e7028,96,35
002e7090,FUN_002e7090,96,35
002e70f0,FUN_002e70f0,100,35
002e7158,FUN_002e7158,132,35
002e71e0,FUN_002e71e0,64,35
002e7220,FUN_002e7220,172,35
002e72d0,FUN_002e72d0,32,35
002e72f0,CNearestPoint_002e72f0,112,35
002e7360,FUN_002e7360,56,35
002e73b0,FUN_002e73b0,80,35
002e7400,FUN_002e7400,60,35
002e7440,FUN_002e7440,60,35
002e74a0,FUN_002e74a0,32,35
002e74c0,FUN_002e74c0,32,35
002e74e0,FUN_002e74e0,216,35
002e75b8,FUN_002e75b8,24,35
002e75d0,FUN_002e75d0,60,35
002e7610,FUN_002e7610,60,35
002e7670,FUN_002e7670,584,35
002e78d0,FUN_002e78d0,468,35
002e7ac0,FUN_002e7ac0,1872,35
002e8310,FUN_002e8310,832,35
002e8650,FUN_002e8650,236,35
002e8740,FUN_002e8740,236,35
002e8830,FUN_002e8830,236,35
002e8920,FUN_002e8920,404,35
002e8ab8,FUN_002e8ab8,404,35
002e8c50,FUN_002e8c50,772,35
002e8fa0,FUN_002e8fa0,280,35
002e90b8,FUN_002e90b8,264,35
002e91c0,FUN_002e91c0,148,35
002e9280,FUN_002e9280,164,35
002e9328,FUN_002e9328,140,35
002e93b8,FUN_002e93b8,128,35
002e9438,FUN_002e9438,128,35
002e94b8,FUN_002e94b8,128,35
002e9538,FUN_002e9538,8,35
002e9540,FUN_002e9540,44,35
002e9570,FUN_002e9570,44,35
002e95a0,FUN_002e95a0,44,35
002e95d0,FUN_002e95d0,44,35
002e9600,FUN_002e9600,44,35
002e9630,FUN_002e9630,20,35
002e9648,FUN_002e9648,172,35
002e96f8,FUN_002e96f8,180,35
002e97b0,FUN_002e97b0,180,35
002e9868,FUN_002e9868,132,35
002e98f0,FUN_002e98f0,132,35
002e9978,FUN_002e9978,220,35
002e9a58,FUN_002e9a58,216,35
002e9b30,FUN_002e9b30,152,35
002e9bc8,FUN_002e9bc8,232,35
002e9cb0,FUN_002e9cb0,20,35
002e9cc8,FUN_002e9cc8,68,35
002e9d10,FUN_002e9d10,60,35
002e9d50,FUN_002e9d50,100,35
002e9db8,FUN_002e9db8,100,35
002e9e20,FUN_002e9e20,104,35
002e9e88,FUN_002e9e88,184,35
002e9f40,FUN_002e9f40,332,35
002ea090,FUN_002ea090,312,35
002ea1c8,FUN_002ea1c8,40,35
002ea218,FUN_002ea218,28,35
002ea238,FUN_002ea238,28,35
002ea258,FUN_002ea258,160,35
002ea2f8,FUN_002ea2f8,112,35
002ea368,FUN_002ea368,32,35
002ea388,FUN_002ea388,648,35
002ea610,FUN_002ea610,648,35
002ea898,FUN_002ea898,532,35
002eaac8,FUN_002eaac8,208,35
002eabb0,FUN_002eabb0,424,35
002ead58,FUN_002ead58,436,35
002eaf30,FUN_002eaf30,772,35
002eb280,FUN_002eb280,276,35
002eb398,FUN_002eb398,152,35
002eb450,FUN_002eb450,2492,35
002ebe90,FUN_002ebe90,200,35
002ebf58,FUN_002ebf58,200,35
002ec020,FUN_002ec020,56,35
002ec058,FUN_002ec058,184,35
002ec110,FUN_002ec110,152,35
002ec1b8,FUN_002ec1b8,648,35
002ec4b0,FUN_002ec4b0,236,35
002ec5b8,FUN_002ec5b8,288,36
002ec6d8,FUN_002ec6d8,252,36
002ec8a0,CTeam_002ec8a0,116,36
002ec918,FUN_002ec918,144,36
002ec9d0,FUN_002ec9d0,216,36
002ecaa8,FUN_002ecaa8,68,36
002ecaf0,FUN_002ecaf0,60,36
002ecb40,FUN_002ecb40,32,36
002ecb60,FUN_002ecb60,32,36
002ecb80,FUN_002ecb80,1512,36
002ed1e8,FUN_002ed1e8,448,36
002ed3a8,FUN_002ed3a8,392,36
002ed530,FUN_002ed530,2884,36
002ee078,FUN_002ee078,1544,36
002ee688,FUN_002ee688,888,36
002eea28,FUN_002eea28,1360,36
002eef88,FUN_002eef88,128,36
002ef030,FUN_002ef030,368,36
002ef1a0,FUN_002ef1a0,564,36
002ef3d8,FUN_002ef3d8,788,36
002ef900,FUN_002ef900,848,36
002efc50,FUN_002efc50,684,36
002eff00,FUN_002eff00,524,36
002f0110,FUN_002f0110,472,36
002f02e8,FUN_002f02e8,984,36
002f06c0,FUN_002f06c0,744,36
002f09a8,CFindNearestData_002f09a8,84,36
002f0a00,FUN_002f0a00,48,36
002f0a30,FUN_002f0a30,164,36
002f0ad8,FUN_002f0ad8,188,36
002f0b98,FUN_002f0b98,232,36
002f0c80,FUN_002f0c80,232,36
002f0d68,FUN_002f0d68,32,36
002f0d88,FUN_002f0d88,32,36
002f0da8,FUN_002f0da8,216,36
002f0e80,FUN_002f0e80,104,36
002f0ee8,FUN_002f0ee8,112,36
002f0f80,FUN_002f0f80,120,36
002f0ff8,FUN_002f0ff8,708,36
002f12c0,FUN_002f12c0,112,36
002f1358,FUN_002f1358,88,36
002f13b0,FUN_002f13b0,556,36
002f15e0,FUN_002f15e0,112,36
002f1678,FUN_002f1678,104,36
002f16e0,FUN_002f16e0,504,36
002f18d8,FUN_002f18d8,636,36
002f1b58,FUN_002f1b58,128,36
002f1bd8,FUN_002f1bd8,408,36
002f1d70,FUN_002f1d70,104,36
002f1dd8,FUN_002f1dd8,104,36
002f1e40,FUN_002f1e40,112,36
002f1eb0,FUN_002f1eb0,496,36
002f20a0,FUN_002f20a0,224,36
002f22d8,FUN_002f22d8,60,36
002f2380,FUN_002f2380,100,36
002f23f8,FUN_002f23f8,32,36
002f2418,FUN_002f2418,32,36
002f2438,FUN_002f2438,112,36
002f24d0,FUN_002f24d0,144,36
002f2578,FUN_002f2578,228,36
002f2660,FUN_002f2660,660,36
002f28f8,FUN_002f28f8,696,36
002f2bf8,FUN_002f2bf8,520,36
002f2e28,CGraphManager_002f2e28,96,36
002f2e88,FUN_002f2e88,204,36
002f2f58,FUN_002f2f58,148,36
002f2ff0,FUN_002f2ff0,244,36
002f30e8,FUN_002f30e8,288,36
002f3208,FUN_002f3208,68,36
002f3250,FUN_002f3250,84,36
002f32c0,FUN_002f32c0,216,36
002f33a8,FUN_002f33a8,32,36
002f33c8,FUN_002f33c8,32,36
002f33e8,FUN_002f33e8,112,36
002f3458,CGraphWrapper_002f3458,88,36
002f34b0,FUN_002f34b0,108,36
002f3570,FUN_002f3570,32,36
002f3590,FUN_002f3590,32,36
002f35b0,FUN_002f35b0,64,36
002f3600,FUN_002f3600,128,36
002f36a8,FUN_002f36a8,176,36
002f3770,FUN_002f3770,472,36
002f3948,FUN_002f3948,360,36
002f3ab0,FUN_002f3ab0,1528,36
002f4100,FUN_002f4100,348,36
002f4260,CPathCostData_002f4260,84,36
002f42b8,FUN_002f42b8,116,36
002f4350,FUN_002f4350,32,36
002f4370,FUN_002f4370,32,36
002f4390,FUN_002f4390,340,36
002f44e8,FUN_002f44e8,312,36
002f4620,FUN_002f4620,400,36
002f47b0,FUN_002f47b0,572,36
002f49f0,CPathObject_002f49f0,84,36
002f4a48,FUN_002f4a48,72,36
002f4a90,FUN_002f4a90,188,36
002f4b50,FUN_002f4b50,44,36
002f4b80,FUN_002f4b80,32,36
002f4ba0,FUN_002f4ba0,32,36
002f4bc0,FUN_002f4bc0,112,36
002f4c58,FUN_002f4c58,132,36
002f4cf8,FUN_002f4cf8,404,36
002f4e90,FUN_002f4e90,240,36
002f4f80,FUN_002f4f80,556,36
002f51b0,FUN_002f51b0,404,36
002f5348,FUN_002f5348,1048,36
002f5760,CPathObjectManager_002f5760,96,36
002f57c0,FUN_002f57c0,168,36
002f5868,FUN_002f5868,124,36
002f58e8,FUN_002f58e8,124,36
002f5968,FUN_002f5968,208,36
002f5a40,FUN_002f5a40,156,36
002f5ae0,FUN_002f5ae0,236,36
002f5bd0,FUN_002f5bd0,32,36
002f5bf0,FUN_002f5bf0,32,36
002f5c10,FUN_002f5c10,228,36
002f5cf8,FUN_002f5cf8,272,36
002f5e20,FUN_002f5e20,2220,36
002f66d0,FUN_002f66d0,432,36
002f6880,FUN_002f6880,1412,36
002f6e08,FUN_002f6e08,3956,36
002f7d80,FUN_002f7d80,344,36
002f7f48,FUN_002f7f48,724,36
002f8238,FUN_002f8238,2560,36
002f8c38,FUN_002f8c38,392,36
002f8dc0,FUN_002f8dc0,1400,36
002f9338,FUN_002f9338,1124,36
002f97a0,FUN_002f97a0,2192,36
002fa030,FUN_002fa030,1168,36
002fa4c8,FUN_002fa4c8,1124,36
002fa930,FUN_002fa930,2200,36
002fb1c8,FUN_002fb1c8,512,36
002fb3c8,FUN_002fb3c8,272,36
002fb4d8,FUN_002fb4d8,96,36
002fb538,FUN_002fb538,32,36
002fb558,FUN_002fb558,52,36
002fb590,FUN_002fb590,188,36
002fb650,FUN_002fb650,132,36
002fb6d8,FUN_002fb6d8,372,36
002fb850,FUN_002fb850,352,36
002fb9d0,FUN_002fb9d0,564,36
002fbc20,FUN_002fbc20,1588,36
002fc260,FUN_002fc260,360,36
002fc3c8,FUN_002fc3c8,668,36
002fc668,FUN_002fc668,644,36
002fc8f0,FUN_002fc8f0,300,36
002fcaa8,FUN_002fcaa8,128,36
002fcb50,FUN_002fcb50,876,36
002fcec0,FUN_002fcec0,968,36
002fd288,FUN_002fd288,504,36
002fd4a0,FUN_002fd4a0,732,36
002fd780,CAccessWaysData_002fd780,84,36
002fd7d8,FUN_002fd7d8,40,36
002fd800,FUN_002fd800,196,36
002fd8c8,FUN_002fd8c8,60,36
002fd958,FUN_002fd958,32,36
002fd978,FUN_002fd978,32,36
002fd998,FUN_002fd998,128,36
002fda40,FUN_002fda40,360,36
002fdba8,FUN_002fdba8,476,36
002fdd88,FUN_002fdd88,440,36
002fdf40,FUN_002fdf40,988,36
002fe370,FUN_002fe370,508,36
002fe570,FUN_002fe570,1300,36
002fea88,CAstarData_002fea88,84,36
002feae0,FUN_002feae0,40,36
002feb08,FUN_002feb08,196,36
002febd0,FUN_002febd0,32,36
002febf0,FUN_002febf0,32,36
002fec10,FUN_002fec10,128,36
002fecb8,FUN_002fecb8,696,36
002fefb0,FUN_002fefb0,408,36
002ff250,FUN_002ff250,1496,36
002ff890,FUN_002ff890,2532,36
00300278,FUN_00300278,312,36
003003b0,FUN_003003b0,1676,36
00300a40,FUN_00300a40,2520,36
00301418,FUN_00301418,720,36
003016e8,FUN_003016e8,840,36
00301a30,FUN_00301a30,568,36
00301c68,FUN_00301c68,248,36
00301d60,FUN_00301d60,276,36
00301e78,FUN_00301e78,732,36
00302198,FUN_00302198,492,36
00302388,FUN_00302388,2904,36
00302ee0,FUN_00302ee0,1192,36
00303388,FUN_00303388,680,36
00303630,FUN_00303630,392,36
003037b8,FUN_003037b8,536,36
003039d8,CPathFinder_003039d8,4240,36
00304be8,FUN_00304be8,196,36
00304cb0,FUN_00304cb0,116,36
00304de8,FUN_00304de8,80,36
00304e38,FUN_00304e38,176,36
00304ee8,FUN_00304ee8,28,36
00304f08,FUN_00304f08,260,36
00305010,FUN_00305010,124,36
00305090,FUN_00305090,128,36
00305110,FUN_00305110,52,36
00305150,FUN_00305150,52,36
00305190,FUN_00305190,108,37
00305200,FUN_00305200,80,37
00305250,FUN_00305250,76,37
003052a0,FUN_003052a0,156,37
00305340,FUN_00305340,52,37
00305378,FUN_00305378,80,37
003053f0,FUN_003053f0,52,37
003054b8,FUN_003054b8,32,37
003054d8,FUN_003054d8,32,37
003054f8,FUN_003054f8,60,37
00305538,FUN_00305538,128,37
003055e0,FUN_003055e0,496,37
003057e8,FUN_003057e8,520,37
003059f0,FUN_003059f0,1484,37
00305fd8,FUN_00305fd8,972,37
003063a8,CRepulsorDynamicAvoidance_003063a8,84,37
00306400,FUN_00306400,56,37
00306448,FUN_00306448,240,37
00306538,FUN_00306538,336,37
00306688,FUN_00306688,216,37
00306760,FUN_00306760,32,37
00306780,FUN_00306780,32,37
003067a0,FUN_003067a0,128,37
00306848,FUN_00306848,1720,37
00306fd0,FUN_00306fd0,472,37
003071a8,FUN_003071a8,704,37
00307480,FUN_00307480,876,37
003077f0,FUN_003077f0,380,37
00307970,FUN_00307970,1600,37
00307fb0,FUN_00307fb0,260,37
003080b8,FUN_003080b8,676,37
00308360,FUN_00308360,4544,37
00309580,FUN_00309580,1372,37
00309b10,FUN_00309b10,5416,37
0030b038,FUN_0030b038,540,37
0030b270,FUN_0030b270,568,37
0030b4a8,FUN_0030b4a8,680,37
0030b750,CGapDynamicAvoidance_0030b750,84,37
0030b7a8,FUN_0030b7a8,52,37
0030b898,FUN_0030b898,28,37
0030b988,FUN_0030b988,132,37
0030ba18,FUN_0030ba18,32,37
0030ba38,FUN_0030ba38,32,37
0030ba58,FUN_0030ba58,540,37
0030bcd0,FUN_0030bcd0,416,37
0030be70,FUN_0030be70,4236,37
0030cf90,FUN_0030cf90,168,37
0030d038,FUN_0030d038,168,37
0030d0e0,FUN_0030d0e0,64,37
0030d130,FUN_0030d130,48,37
0030d160,FUN_0030d160,112,37
0030d1f8,FUN_0030d1f8,44,37
0030d228,FUN_0030d228,328,37
0030d370,FUN_0030d370,644,37
0030d5f8,FUN_0030d5f8,372,37
0030d770,FUN_0030d770,348,37
0030d8d0,FUN_0030d8d0,468,37
0030daa8,FUN_0030daa8,380,37
0030dc28,FUN_0030dc28,444,37
0030dde8,FUN_0030dde8,472,37
0030dfc0,CSoundManager_0030dfc0,96,37
0030e020,FUN_0030e020,224,37
0030e100,FUN_0030e100,40,37
0030e180,FUN_0030e180,248,37
0030e278,FUN_0030e278,164,37
0030e320,FUN_0030e320,224,37
0030e400,FUN_0030e400,184,37
0030e4b8,FUN_0030e4b8,148,37
0030e5a0,FUN_0030e5a0,280,37
0030e6b8,FUN_0030e6b8,108,37
0030e728,FUN_0030e728,108,37
0030e798,FUN_0030e798,316,37
0030e8d8,FUN_0030e8d8,176,37
0030e988,FUN_0030e988,32,37
0030e9a8,FUN_0030e9a8,32,37
0030e9c8,FUN_0030e9c8,40,37
0030ea38,FUN_0030ea38,128,37
0030eae0,FUN_0030eae0,452,37
0030eca8,FUN_0030eca8,856,37
0030f000,FUN_0030f000,348,37
0030f160,FUN_0030f160,1272,37
0030f678,FUN_0030f678,688,37
0030f940,FUN_0030f940,1016,37
0030fd68,CEntityManager_0030fd68,96,37
0030fdf8,FUN_0030fdf8,160,37
0030fe98,FUN_0030fe98,248,37
0030ffa0,FUN_0030ffa0,60,37
0030ffe0,FUN_0030ffe0,60,37
00310020,FUN_00310020,60,37
00310060,FUN_00310060,60,37
003100a0,FUN_003100a0,60,37
003100e0,FUN_003100e0,60,37
00310120,FUN_00310120,108,37
00310228,FUN_00310228,32,37
00310248,FUN_00310248,32,37
003102d8,FUN_003102d8,84,37
00310338,FUN_00310338,312,37
00310478,FUN_00310478,276,37
00310590,FUN_00310590,76,37
003105e8,FUN_003105e8,88,37
00310640,FUN_00310640,88,37
00310698,FUN_00310698,88,37
003106f0,FUN_003106f0,88,37
00310768,FUN_00310768,116,37
003107e0,FUN_003107e0,116,37
00310870,FUN_00310870,116,37
003108f0,FUN_003108f0,76,37
00310940,FUN_00310940,52,37
00310978,FUN_00310978,784,37
00310c88,FUN_00310c88,340,37
00310de8,FUN_00310de8,384,37
00310f68,FUN_00310f68,160,37
00311008,FUN_00311008,64,37
00311048,FUN_00311048,100,37
003110b0,FUN_003110b0,244,37
003111a8,FUN_003111a8,156,37
00311248,FUN_00311248,48,37
00311278,FUN_00311278,104,37
00311300,FUN_00311300,148,37
00311398,FUN_00311398,148,37
00311430,FUN_00311430,8,37
003114d0,FUN_003114d0,136,37
00311568,FUN_00311568,736,37
00311848,FUN_00311848,352,37
00311a10,FUN_00311a10,96,37
00311a70,FUN_00311a70,108,37
00311ae0,FUN_00311ae0,108,37
00311b50,FUN_00311b50,100,37
00311bb8,FUN_00311bb8,64,37
00311bf8,FUN_00311bf8,168,37
00311ca0,FUN_00311ca0,268,37
00311db8,FUN_00311db8,128,37
00311e60,FUN_00311e60,404,37
00312000,FUN_00312000,548,37
00312228,FUN_00312228,400,37
003123b8,FUN_003123b8,340,37
00312510,FUN_00312510,680,37
00312880,FUN_00312880,88,37
003128d8,FUN_003128d8,40,37
00312900,FUN_00312900,52,37
00312938,FUN_00312938,216,37
00312a10,FUN_00312a10,20,37
00312a28,FUN_00312a28,20,37
00312a40,FUN_00312a40,60,37
00312a80,FUN_00312a80,76,37
00312ad0,FUN_00312ad0,112,37
00312b40,FUN_00312b40,52,37
00312b78,FUN_00312b78,80,37
00312bc8,FUN_00312bc8,8,37
00312bd0,FUN_00312bd0,120,37
00312c48,FUN_00312c48,36,37
00312c70,FUN_00312c70,36,37
00312ca0,FUN_00312ca0,36,37
00312cc8,FUN_00312cc8,64,37
00312d08,FUN_00312d08,28,37
00312d28,FUN_00312d28,28,37
00312d48,FUN_00312d48,28,37
00312d68,FUN_00312d68,76,37
00312db8,FUN_00312db8,292,37
00312ee0,FUN_00312ee0,292,37
00313008,FUN_00313008,60,37
00313048,FUN_00313048,56,37
00313098,FUN_00313098,8,37
003130a0,FUN_003130a0,128,37
00313120,FUN_00313120,36,37
00313148,FUN_00313148,120,37
003131c0,FUN_003131c0,52,37
003131f8,FUN_003131f8,80,37
00313248,FUN_00313248,48,37
00313278,FUN_00313278,612,37
003134e0,FUN_003134e0,364,37
00313650,FUN_00313650,372,37
003137d8,FUN_003137d8,368,37
00313948,FUN_00313948,36,37
00313970,FUN_00313970,52,37
003139a8,FUN_003139a8,364,37
00313b18,FUN_00313b18,212,37
00313bf0,FUN_00313bf0,84,37
00313c48,FUN_00313c48,60,37
00313c90,FUN_00313c90,308,37
00313dc8,FUN_00313dc8,148,37
00313e60,FUN_00313e60,36,37
00313e88,FUN_00313e88,28,37
00313ea8,FUN_00313ea8,28,37
00313ec8,FUN_00313ec8,52,37
00313f00,FUN_00313f00,80,37
00313f50,FUN_00313f50,64,37
00313f90,FUN_00313f90,64,37
00313fd0,FUN_00313fd0,348,37
00314130,FUN_00314130,176,37
003141e0,FUN_003141e0,152,37
00314278,FUN_00314278,176,37
00314330,FUN_00314330,64,37
00314370,FUN_00314370,88,37
003143d8,FUN_003143d8,104,37
00314440,FUN_00314440,52,37
00314488,FUN_00314488,28,37
003144a8,FUN_003144a8,28,37
003144c8,FUN_003144c8,104,37
00314538,FUN_00314538,8,37
00314548,FUN_00314548,40,38
00314570,FUN_00314570,84,38
003145d0,FUN_003145d0,92,38
00314630,FUN_00314630,300,38
00314760,FUN_00314760,228,38
00314848,FUN_00314848,848,38
00314b98,FUN_00314b98,456,38
00314d60,FUN_00314d60,128,38
00314de0,FUN_00314de0,296,38
00314f08,FUN_00314f08,316,38
00315048,FUN_00315048,132,38
003150d0,FUN_003150d0,152,38
00315168,FUN_00315168,24,38
00315180,FUN_00315180,76,38
003151d8,FUN_003151d8,44,38
00315208,FUN_00315208,108,38
00315278,FUN_00315278,80,38
003152c8,FUN_003152c8,176,38
00315380,FUN_00315380,60,38
003153c0,FUN_003153c0,120,38
00315440,FUN_00315440,264,38
00315548,FUN_00315548,80,38
00315598,FUN_00315598,64,38
003155e0,FUN_003155e0,108,38
00315650,FUN_00315650,108,38
00315718,FUN_00315718,120,38
00315790,FUN_00315790,568,38
003159c8,FUN_003159c8,400,38
00315b60,FUN_00315b60,608,38
00315de8,FUN_00315de8,256,38
00315ee8,FUN_00315ee8,44,38
00315f28,FUN_00315f28,196,38
00315ff0,FUN_00315ff0,400,38
00316190,FUN_00316190,52,38
003161c8,FUN_003161c8,80,38
00316218,FUN_00316218,36,38
00316240,FUN_00316240,140,38
00316400,FUN_00316400,44,38
00316438,FUN_00316438,148,38
003164d0,FUN_003164d0,120,38
00316548,FUN_00316548,80,38
00316598,FUN_00316598,36,38
003165c8,FUN_003165c8,76,38
00316618,FUN_00316618,76,38
00316668,FUN_00316668,48,38
00316698,FUN_00316698,92,38
003166f8,FUN_003166f8,96,38
00316758,FUN_00316758,20,38
00316770,FUN_00316770,200,38
00316840,FUN_00316840,136,38
003168c8,FUN_003168c8,876,38
00316c38,FUN_00316c38,592,38
00316e90,FUN_00316e90,416,38
00317030,FUN_00317030,720,38
00317300,FUN_00317300,60,38
00317340,FUN_00317340,332,38
00317490,FUN_00317490,60,38
003174d0,FUN_003174d0,32,38
003174f0,FUN_003174f0,204,38
003175c8,FUN_003175c8,260,38
003176e0,FUN_003176e0,344,38
00317838,FUN_00317838,48,38
00317868,FUN_00317868,32,38
00317888,FUN_00317888,44,38
003178b8,FUN_003178b8,8,38
003178c0,FUN_003178c0,48,38
003178f0,FUN_003178f0,388,38
00317a78,FUN_00317a78,420,38
00317c20,FUN_00317c20,328,38
00317df0,FUN_00317df0,76,38
00317e40,FUN_00317e40,384,38
00317fc0,FUN_00317fc0,184,38
00318080,FUN_00318080,160,38
00318120,FUN_00318120,100,38
00318188,FUN_00318188,96,38
003181e8,FUN_003181e8,100,38
00318250,FUN_00318250,56,38
00318288,FUN_00318288,64,38
003182c8,FUN_003182c8,120,38
00318340,FUN_00318340,124,38
003183c0,FUN_003183c0,52,38
00318450,FUN_00318450,36,38
00318478,FUN_00318478,216,38
00318550,FUN_00318550,168,38
00318600,FUN_00318600,176,38
003186b0,FUN_003186b0,60,38
003186f0,FUN_003186f0,260,38
003187f8,FUN_003187f8,132,38
00318880,FUN_00318880,208,38
00318950,FUN_00318950,208,38
00318a28,FUN_00318a28,24,38
00318a40,FUN_00318a40,196,38
00318b08,FUN_00318b08,88,38
00318b60,FUN_00318b60,96,38
00318bc0,FUN_00318bc0,28,38
00318c40,FUN_00318c40,76,38
00318c90,FUN_00318c90,88,38
00318ce8,FUN_00318ce8,52,38
00318d28,FUN_00318d28,340,38
00318e80,FUN_00318e80,996,38
00319268,FUN_00319268,112,38
003192d8,FUN_003192d8,140,38
00319368,FUN_00319368,168,38
00319410,FUN_00319410,112,38
00319480,FUN_00319480,28,38
003194a0,FUN_003194a0,52,38
003194d8,FUN_003194d8,160,38
00319578,FUN_00319578,88,38
003195d0,FUN_003195d0,60,38
00319610,FUN_00319610,8,38
003196a8,FUN_003196a8,48,38
003196d8,FUN_003196d8,332,38
00319828,FUN_00319828,256,38
00319928,FUN_00319928,36,38
00319950,FUN_00319950,112,38
003199c0,FUN_003199c0,32,38
003199e0,FUN_003199e0,112,38
00319a50,FUN_00319a50,32,38
00319a70,FUN_00319a70,112,38
00319ae0,FUN_00319ae0,32,38
00319b00,FUN_00319b00,364,38
00319c70,FUN_00319c70,56,38
00319ca8,FUN_00319ca8,64,38
00319ce8,FUN_00319ce8,180,38
00319de0,FUN_00319de0,72,38
00319e28,FUN_00319e28,136,38
00319f80,FUN_00319f80,76,38
00319fd0,FUN_00319fd0,132,38
0031a108,FUN_0031a108,84,38
0031a188,FUN_0031a188,84,38
0031a208,FUN_0031a208,84,38
0031a288,FUN_0031a288,84,38
0031a308,FUN_0031a308,68,38
0031a360,FUN_0031a360,68,38
0031a3b8,FUN_0031a3b8,68,38
0031a410,FUN_0031a410,92,38
0031a498,FUN_0031a498,80,38
0031a500,FUN_0031a500,68,38
0031a548,FUN_0031a548,104,38
0031a5b8,FUN_0031a5b8,92,38
0031a630,FUN_0031a630,152,38
0031a6d8,FUN_0031a6d8,92,38
0031a770,FUN_0031a770,92,38
0031a7f8,FUN_0031a7f8,68,38
0031a850,FUN_0031a850,336,38
0031a9a0,FUN_0031a9a0,56,38
0031a9e0,FUN_0031a9e0,64,38
0031aa20,FUN_0031aa20,180,38
0031aad8,FUN_0031aad8,268,38
0031aee0,FUN_0031aee0,332,38
0031b030,FUN_0031b030,1276,38
0031b530,FUN_0031b530,12,38
0031b540,FUN_0031b540,56,38
0031b578,FUN_0031b578,64,38
0031b5b8,FUN_0031b5b8,180,38
0031bb08,FUN_0031bb08,528,38
0031bd20,FUN_0031bd20,708,38
0031bfe8,FUN_0031bfe8,476,38
0031c1c8,FUN_0031c1c8,796,38
0031c4e8,FUN_0031c4e8,144,38
0031c578,FUN_0031c578,136,38
0031c600,FUN_0031c600,220,38
0031c6e0,FUN_0031c6e0,72,38
0031c728,FUN_0031c728,136,38
0031c7c0,FUN_0031c7c0,60,38
0031c800,FUN_0031c800,28,38
0031c820,FUN_0031c820,248,38
0031c918,FUN_0031c918,68,38
0031c960,FUN_0031c960,8,38
0031c968,FUN_0031c968,12,38
0031c978,FUN_0031c978,84,38
0031c9d0,FUN_0031c9d0,52,38
0031ca08,FUN_0031ca08,192,38
0031cac8,FUN_0031cac8,172,38
0031cb80,FUN_0031cb80,212,38
0031cc58,FUN_0031cc58,136,38
0031cce8,FUN_0031cce8,36,38
0031cd10,FUN_0031cd10,24,38
0031cd28,FUN_0031cd28,124,38
0031cde8,FUN_0031cde8,72,38
0031ce30,FUN_0031ce30,32,38
0031ce58,FUN_0031ce58,108,38
0031cee0,FUN_0031cee0,44,38
0031cf10,FUN_0031cf10,32,38
0031cfc8,FUN_0031cfc8,36,38
0031cff0,FUN_0031cff0,140,38
0031d080,FUN_0031d080,40,38
0031d0a8,FUN_0031d0a8,56,38
0031d0e0,FUN_0031d0e0,60,38
0031d130,FUN_0031d130,68,38
0031d178,FUN_0031d178,116,38
0031d1f0,FUN_0031d1f0,116,38
0031d268,FUN_0031d268,64,38
0031d2a8,FUN_0031d2a8,56,38
0031d2e0,FUN_0031d2e0,220,38
0031d3c0,FUN_0031d3c0,60,38
0031d400,FUN_0031d400,92,38
0031d460,FUN_0031d460,32,38
0031d480,FUN_0031d480,28,38
0031d4a0,FUN_0031d4a0,40,38
0031d4c8,FUN_0031d4c8,72,39
0031d510,FUN_0031d510,12,39
0031d520,FUN_0031d520,8,39
0031d528,FUN_0031d528,60,39
0031d568,FUN_0031d568,320,39
0031d6a8,FUN_0031d6a8,256,39
0031d7a8,FUN_0031d7a8,476,39
0031d988,FUN_0031d988,412,39
0031db28,FUN_0031db28,260,39
0031dc40,FUN_0031dc40,404,39
0031ddd8,FUN_0031ddd8,84,39
0031de30,FUN_0031de30,68,39
0031de78,FUN_0031de78,64,39
0031deb8,FUN_0031deb8,108,39
0031df28,FUN_0031df28,48,39
0031df58,FUN_0031df58,60,39
0031e000,FUN_0031e000,108,39
0031e070,FUN_0031e070,108,39
0031e0e0,FUN_0031e0e0,276,39
0031e1f8,FUN_0031e1f8,196,39
0031e2c0,FUN_0031e2c0,96,39
0031e320,FUN_0031e320,260,39
0031e428,FUN_0031e428,152,39
0031e4c0,FUN_0031e4c0,220,39
0031e5a0,FUN_0031e5a0,36,39
0031e5c8,FUN_0031e5c8,124,39
0031e650,FUN_0031e650,896,39
0031e9d8,FUN_0031e9d8,588,39
0031ec28,FUN_0031ec28,988,39
0031f008,FUN_0031f008,516,39
0031f210,FUN_0031f210,1044,39
0031f628,FUN_0031f628,1324,39
0031fb58,FUN_0031fb58,1616,39
003201a8,FUN_003201a8,760,39
003204a0,FUN_003204a0,968,39
00320868,FUN_00320868,612,39
00320ad0,FUN_00320ad0,1428,39
00321068,FUN_00321068,552,39
00321290,FUN_00321290,876,39
00321600,FUN_00321600,860,39
00321960,FUN_00321960,1016,39
00321d58,FUN_00321d58,388,39
00321ee0,FUN_00321ee0,44,39
00321f10,FUN_00321f10,32,39
00321f30,FUN_00321f30,308,39
00322068,FUN_00322068,456,39
00322230,FUN_00322230,268,39
00322340,FUN_00322340,240,39
00322430,FUN_00322430,184,39
003224e8,FUN_003224e8,108,39
00322558,FUN_00322558,116,39
003225d0,FUN_003225d0,192,39
00322690,FUN_00322690,292,39
003227b8,FUN_003227b8,280,39
003228d0,FUN_003228d0,300,39
00322a00,FUN_00322a00,8,39
00322a08,FUN_00322a08,112,39
00322a78,FUN_00322a78,32,39
00322a98,FUN_00322a98,112,39
00322b08,FUN_00322b08,32,39
00322b28,FUN_00322b28,112,39
00322b98,FUN_00322b98,32,39
00322bb8,FUN_00322bb8,184,39
00322c70,FUN_00322c70,28,39
00322c90,FUN_00322c90,140,39
00322d20,FUN_00322d20,132,39
00322da8,FUN_00322da8,44,39
00322dd8,FUN_00322dd8,36,39
00322e00,FUN_00322e00,20,39
00322e18,FUN_00322e18,192,39
00322ee0,FUN_00322ee0,44,39
00322f10,FUN_00322f10,16,39
00322f20,FUN_00322f20,92,39
00322f80,FUN_00322f80,36,39
00322fd8,FUN_00322fd8,24,39
00322ff0,FUN_00322ff0,100,39
00323058,FUN_00323058,44,39
00323090,FUN_00323090,48,39
003230c0,FUN_003230c0,48,39
003230f0,FUN_003230f0,52,39
00323150,FUN_00323150,52,39
00323188,FUN_00323188,52,39
003231d0,FUN_003231d0,52,39
00323230,FUN_00323230,52,39
003232a8,FUN_003232a8,28,39
003232c8,FUN_003232c8,396,39
00323458,FUN_00323458,556,39
00323688,FUN_00323688,164,39
00323730,FUN_00323730,32,39
00323780,FUN_00323780,100,39
003237e8,FUN_003237e8,344,39
00323940,FUN_00323940,192,39
00323a08,FUN_00323a08,92,39
00323a68,FUN_00323a68,108,39
00323af8,FUN_00323af8,84,39
00323bb0,FUN_00323bb0,196,39
00323c78,FUN_00323c78,44,39
00323ca8,FUN_00323ca8,56,39
00323ce0,FUN_00323ce0,104,39
00323d58,FUN_00323d58,68,39
00323e20,FUN_00323e20,32,39
00323e40,FUN_00323e40,112,39
00323eb0,FUN_00323eb0,32,39
00323ed0,FUN_00323ed0,508,39
003240d0,FUN_003240d0,476,39
003242b0,FUN_003242b0,636,39
00324530,FUN_00324530,140,39
003245c0,FUN_003245c0,124,39
00324640,FUN_00324640,12,39
00324650,FUN_00324650,12,39
00324660,FUN_00324660,128,39
003246e0,FUN_003246e0,188,39
003247a0,FUN_003247a0,264,39
003248a8,FUN_003248a8,84,39
00324900,FUN_00324900,72,39
00324948,FUN_00324948,32,39
00324968,FUN_00324968,36,39
00324990,FUN_00324990,84,39
003249e8,FUN_003249e8,160,39
00324a88,FUN_00324a88,276,39
00324ba0,FUN_00324ba0,268,39
00324cb0,FUN_00324cb0,232,39
00324d98,FUN_00324d98,76,39
00324de8,FUN_00324de8,76,39
00324e38,FUN_00324e38,12,39
00324e48,FUN_00324e48,324,39
00324f98,FUN_00324f98,8,39
00324fa0,FUN_00324fa0,184,39
00325058,FUN_00325058,120,39
003250d8,FUN_003250d8,96,39
00325138,FUN_00325138,128,39
003251b8,FUN_003251b8,788,39
003254d0,FUN_003254d0,380,39
00325650,FUN_00325650,812,39
00325980,FUN_00325980,336,39
00325ad0,FUN_00325ad0,588,39
00325d20,FUN_00325d20,768,39
00326028,FUN_00326028,400,39
003261b8,FUN_003261b8,540,39
003263d8,FUN_003263d8,192,39
003264a0,FUN_003264a0,152,39
00326538,FUN_00326538,56,39
003265d0,FUN_003265d0,64,39
00326610,FUN_00326610,180,39
003266c8,FUN_003266c8,76,39
00326718,FUN_00326718,300,39
00326858,FUN_00326858,80,39
00326ac0,FUN_00326ac0,44,39
00326b80,FUN_00326b80,312,39
00326d80,FUN_00326d80,232,39
00326e68,FUN_00326e68,112,39
00326ed8,FUN_00326ed8,32,39
00326ef8,FUN_00326ef8,376,39
00327070,FUN_00327070,468,39
00327248,FUN_00327248,2756,39
00327d10,FUN_00327d10,528,39
00327f20,FUN_00327f20,56,39
00327f58,FUN_00327f58,112,39
00327fc8,FUN_00327fc8,64,39
00328008,FUN_00328008,204,39
00328108,FUN_00328108,52,39
00328140,FUN_00328140,64,39
00328180,FUN_00328180,36,39
003281b0,FUN_003281b0,40,39
003281d8,FUN_003281d8,32,39
00328640,FUN_00328640,112,39
003286b0,FUN_003286b0,32,39
003286d0,FUN_003286d0,284,39
003287f0,FUN_003287f0,372,39
00328968,FUN_00328968,592,39
00328bc0,FUN_00328bc0,28,39
00328be0,FUN_00328be0,36,39
00328c08,FUN_00328c08,68,39
00328c50,FUN_00328c50,28,39
00328c70,FUN_00328c70,76,39
00328cc0,FUN_00328cc0,40,39
00328ce8,FUN_00328ce8,48,39
00328d18,FUN_00328d18,44,39
00328d58,FUN_00328d58,84,39
00328db0,FUN_00328db0,64,39
00328df8,FUN_00328df8,104,39
00328e60,FUN_00328e60,88,39
00328eb8,FUN_00328eb8,72,39
00328f00,FUN_00328f00,236,39
00328ff0,FUN_00328ff0,64,39
00329030,FUN_00329030,68,39
00329078,FUN_00329078,92,39
003290d8,FUN_003290d8,52,39
00329110,FUN_00329110,92,39
00329170,FUN_00329170,108,39
003291e0,FUN_003291e0,148,39
00329278,FUN_00329278,248,39
00329370,FUN_00329370,536,39
00329588,FUN_00329588,360,39
00329710,FUN_00329710,64,39
00329750,FUN_00329750,248,39
00329848,FUN_00329848,144,39
003298d8,FUN_003298d8,80,39
00329928,FUN_00329928,40,39
00329958,FUN_00329958,140,39
003299e8,FUN_003299e8,280,40
00329c70,FUN_00329c70,432,40
00329f40,FUN_00329f40,48,40
00329f70,FUN_00329f70,268,40
0032a080,FUN_0032a080,48,40
0032a108,FUN_0032a108,300,40
0032a240,FUN_0032a240,84,40
0032a2b8,FUN_0032a2b8,168,40
0032a360,FUN_0032a360,44,40
0032a390,FUN_0032a390,176,40
0032a488,FUN_0032a488,40,40
0032a4b0,FUN_0032a4b0,60,40
0032a4f0,FUN_0032a4f0,60,40
0032a530,FUN_0032a530,20,40
0032a548,FUN_0032a548,20,40
0032a560,FUN_0032a560,20,40
0032a578,FUN_0032a578,44,40
0032a5a8,FUN_0032a5a8,84,40
0032a610,FUN_0032a610,316,40
0032a750,FUN_0032a750,76,40
0032a7a0,FUN_0032a7a0,76,40
0032a7f0,FUN_0032a7f0,212,40
0032a8c8,FUN_0032a8c8,36,40
0032a8f0,FUN_0032a8f0,68,40
0032a938,FUN_0032a938,20,40
0032a958,FUN_0032a958,104,40
0032a9c8,FUN_0032a9c8,180,40
0032aa80,FUN_0032aa80,148,40
0032ab18,FUN_0032ab18,8,40
0032ab20,FUN_0032ab20,8,40
0032ab60,FUN_0032ab60,96,40
0032abd0,FUN_0032abd0,144,40
0032ac60,FUN_0032ac60,204,40
0032ad30,FUN_0032ad30,320,40
0032ae70,FUN_0032ae70,1344,40
0032b3b0,FUN_0032b3b0,484,40
0032b598,FUN_0032b598,324,40
0032b6e0,FUN_0032b6e0,32,40
0032b700,FUN_0032b700,152,40
0032b798,FUN_0032b798,132,40
0032b820,FUN_0032b820,32,40
0032b840,FUN_0032b840,32,40
0032b860,FUN_0032b860,188,40
0032b928,FUN_0032b928,180,40
0032b9e0,FUN_0032b9e0,324,40
0032bb28,FUN_0032bb28,236,40
0032bc50,FUN_0032bc50,32,40
0032bc70,FUN_0032bc70,332,40
0032bdc0,FUN_0032bdc0,788,40
0032c0d8,FUN_0032c0d8,1224,40
0032c5a0,FUN_0032c5a0,664,40
0032c838,FUN_0032c838,560,40
0032ca68,FUN_0032ca68,236,40
0032cb58,FUN_0032cb58,648,40
0032cde0,FUN_0032cde0,808,40
0032d108,FUN_0032d108,304,40
0032d248,FUN_0032d248,268,40
0032d358,FUN_0032d358,568,40
0032d590,FUN_0032d590,560,40
0032d7c0,FUN_0032d7c0,460,40
0032d990,FUN_0032d990,856,40
0032dce8,FUN_0032dce8,532,40
0032df00,FUN_0032df00,324,40
0032e048,FUN_0032e048,148,40
0032e0e0,FUN_0032e0e0,60,40
0032e120,FUN_0032e120,144,40
0032e1b0,FUN_0032e1b0,88,40
0032e218,FUN_0032e218,136,40
0032e2a0,FUN_0032e2a0,108,40
0032e320,FUN_0032e320,8,40
0032e328,FUN_0032e328,104,40
0032e390,FUN_0032e390,32,40
0032e3b0,FUN_0032e3b0,32,40
0032e3d0,FUN_0032e3d0,188,40
0032e490,FUN_0032e490,324,40
0032e5d8,FUN_0032e5d8,60,40
0032e618,FUN_0032e618,184,40
0032e6d0,FUN_0032e6d0,32,40
0032e6f0,FUN_0032e6f0,32,40
0032e710,FUN_0032e710,256,40
0032e810,FUN_0032e810,1388,40
0032ed80,FUN_0032ed80,1048,40
0032f1a0,FUN_0032f1a0,1924,40
0032f928,FUN_0032f928,324,40
0032fa70,FUN_0032fa70,124,40
0032faf0,FUN_0032faf0,8,40
0032faf8,FUN_0032faf8,132,40
0032fb80,FUN_0032fb80,32,40
0032fba0,FUN_0032fba0,32,40
0032fbc0,FUN_0032fbc0,224,40
0032fca0,FUN_0032fca0,4184,40
00330cf8,FUN_00330cf8,780,40
00331008,FUN_00331008,3432,40
00331d70,FUN_00331d70,2160,40
003325e0,FUN_003325e0,324,40
00332728,FUN_00332728,32,40
00332748,FUN_00332748,32,40
00332768,FUN_00332768,324,40
003328b0,FUN_003328b0,56,40
003328e8,FUN_003328e8,32,40
00332908,FUN_00332908,32,40
00332928,FUN_00332928,324,40
00332a70,FUN_00332a70,108,40
00332ae8,FUN_00332ae8,52,40
00332b48,FUN_00332b48,32,40
00332b68,FUN_00332b68,324,40
00332cb0,FUN_00332cb0,120,40
00332d68,FUN_00332d68,32,40
00332d88,FUN_00332d88,652,40
00333018,FUN_00333018,912,40
003333a8,FUN_003333a8,1116,40
00333808,FUN_00333808,404,40
003339a0,FUN_003339a0,420,40
00333b48,FUN_00333b48,912,40
00333ee0,FUN_00333ee0,324,40
00334028,FUN_00334028,52,40
00334068,FUN_00334068,120,40
003340e0,FUN_003340e0,32,40
00334100,FUN_00334100,32,40
00334120,FUN_00334120,324,40
00334268,FUN_00334268,100,40
003342d0,FUN_003342d0,104,40
00334340,FUN_00334340,80,40
00334390,FUN_00334390,32,40
003343b0,FUN_003343b0,32,40
003345a8,FUN_003345a8,708,40
00334870,FUN_00334870,324,40
003349c0,FUN_003349c0,32,40
003349e0,FUN_003349e0,100,40
00334b78,FUN_00334b78,32,40
00334b98,FUN_00334b98,2964,40
00335730,FUN_00335730,1536,40
00335d30,FUN_00335d30,116,40
00335db8,FUN_00335db8,324,40
00335f20,FUN_00335f20,144,40
00335fb0,FUN_00335fb0,32,40
00335fd0,FUN_00335fd0,32,40
00335ff0,FUN_00335ff0,1324,40
00336520,FUN_00336520,472,40
003366f8,FUN_003366f8,180,40
003367b0,FUN_003367b0,92,40
00336810,FUN_00336810,1924,40
00336f98,FUN_00336f98,372,40
00337110,FUN_00337110,404,40
003372a8,FUN_003372a8,464,40
00337478,FUN_00337478,1296,40
00337988,FUN_00337988,272,40
00337a98,FUN_00337a98,1364,40
00337ff0,FUN_00337ff0,348,40
00338150,FUN_00338150,312,40
00338288,FUN_00338288,2844,40
00338da8,FUN_00338da8,2844,40
003398d8,FUN_003398d8,440,40
00339a90,FUN_00339a90,324,40
00339c48,FUN_00339c48,32,40
00339c68,FUN_00339c68,1528,40
0033a260,FUN_0033a260,324,40
0033a3b0,FUN_0033a3b0,52,40
0033a3f0,FUN_0033a3f0,80,40
0033a468,FUN_0033a468,32,40
0033a488,FUN_0033a488,1548,40
0033aa98,FUN_0033aa98,428,40
0033ac48,FUN_0033ac48,324,40
0033ad90,FUN_0033ad90,64,40
0033add0,FUN_0033add0,104,40
0033ae40,FUN_0033ae40,40,40
0033ae68,FUN_0033ae68,60,40
0033aea8,FUN_0033aea8,32,40
0033aec8,FUN_0033aec8,32,40
0033aee8,FUN_0033aee8,196,40
0033afb0,FUN_0033afb0,1292,40
0033b4c0,FUN_0033b4c0,324,40
0033b610,FUN_0033b610,112,40
0033b688,FUN_0033b688,64,40
0033b6c8,FUN_0033b6c8,32,40
0033b6e8,FUN_0033b6e8,32,40
0033b708,FUN_0033b708,324,40
0033b858,FUN_0033b858,56,40
0033b890,FUN_0033b890,32,40
0033b8b0,FUN_0033b8b0,32,40
0033b8d0,FUN_0033b8d0,444,40
0033ba90,FUN_0033ba90,324,40
0033bbe8,FUN_0033bbe8,32,40
0033bc08,FUN_0033bc08,32,40
0033bc28,FUN_0033bc28,2424,40
0033c6a0,FUN_0033c6a0,296,40
0033c7c8,FUN_0033c7c8,336,40
0033c918,FUN_0033c918,3820,40
0033d808,FUN_0033d808,308,40
0033d940,FUN_0033d940,324,40
0033dab8,FUN_0033dab8,32,40
0033dad8,FUN_0033dad8,32,40
0033daf8,FUN_0033daf8,252,40
0033dbf8,FUN_0033dbf8,416,40
0033dd98,FUN_0033dd98,164,40
0033de40,FUN_0033de40,292,40
0033df68,FUN_0033df68,244,40
0033e060,FUN_0033e060,444,40
0033e9b8,FUN_0033e9b8,324,40
0033eb90,FUN_0033eb90,32,40
0033ebb0,FUN_0033ebb0,32,41
0033ebd0,FUN_0033ebd0,296,41
0033ecf8,FUN_0033ecf8,272,41
0033ee08,FUN_0033ee08,344,41
0033ef60,FUN_0033ef60,380,41
0033f0e0,FUN_0033f0e0,324,41
0033f2e8,FUN_0033f2e8,32,41
0033f308,FUN_0033f308,32,41
0033f328,FUN_0033f328,212,41
0033f400,FUN_0033f400,1700,41
0033fb60,FUN_0033fb60,212,41
0033fc38,FUN_0033fc38,780,41
0033ff48,FUN_0033ff48,600,41
003401a0,FUN_003401a0,840,41
003404e8,FUN_003404e8,3296,41
003411c8,FUN_003411c8,856,41
00341520,FUN_00341520,324,41
00341678,FUN_00341678,32,41
00341698,FUN_00341698,32,41
003416b8,FUN_003416b8,324,41
00341808,FUN_00341808,28,41
00341828,FUN_00341828,32,41
00341848,FUN_00341848,32,41
00341868,FUN_00341868,324,41
003419e0,FUN_003419e0,32,41
00341a00,FUN_00341a00,324,41
00341b48,FUN_00341b48,8,41
00341b78,FUN_00341b78,32,41
00341b98,FUN_00341b98,324,41
00341ce0,FUN_00341ce0,32,41
00341d00,FUN_00341d00,32,41
00341d20,FUN_00341d20,904,41
003420a8,FUN_003420a8,32,41
003420c8,FUN_003420c8,32,41
003420e8,FUN_003420e8,572,41
00342390,FUN_00342390,228,41
00342478,FUN_00342478,356,41
003425e0,FUN_003425e0,196,41
003426a8,FUN_003426a8,32,41
003426c8,FUN_003426c8,144,41
00342758,FUN_00342758,48,41
00342788,FUN_00342788,316,41
003428c8,FUN_003428c8,108,41
00342938,FUN_00342938,116,41
003429b0,FUN_003429b0,52,41
003429e8,FUN_003429e8,116,41
00342a60,FUN_00342a60,28,41
00342a80,FUN_00342a80,624,41
00342d48,FUN_00342d48,396,41
00342ed8,FUN_00342ed8,204,41
00342fa8,FUN_00342fa8,132,41
00343030,FUN_00343030,168,41
003430d8,FUN_003430d8,68,41
00343120,FUN_00343120,36,41
00343148,FUN_00343148,304,41
00343278,FUN_00343278,112,41
003432e8,FUN_003432e8,112,41
00343358,FUN_00343358,112,41
003433c8,FUN_003433c8,164,41
00343470,FUN_00343470,100,41
00343508,FUN_00343508,12,41
00343518,FUN_00343518,316,41
00343658,FUN_00343658,316,41
00343798,FUN_00343798,316,41
003438d8,FUN_003438d8,8,41
003438e0,FUN_003438e0,336,41
00343a30,FUN_00343a30,400,41
00343bc0,FUN_00343bc0,44,41
00343c28,FUN_00343c28,56,41
00343c60,FUN_00343c60,420,41
00343e08,FUN_00343e08,200,41
00343ed0,FUN_00343ed0,100,41
00343f38,FUN_00343f38,12,41
00343f48,FUN_00343f48,68,41
00343f90,FUN_00343f90,56,41
00343fc8,FUN_00343fc8,24,41
00343fe0,FUN_00343fe0,36,41
00344008,FUN_00344008,24,41
00344020,FUN_00344020,44,41
00344050,FUN_00344050,104,41
003440b8,FUN_003440b8,92,41
00344118,FUN_00344118,96,41
00344178,FUN_00344178,88,41
003441d0,FUN_003441d0,108,41
00344240,FUN_00344240,412,41
003443e0,FUN_003443e0,3792,41
003452b0,FUN_003452b0,460,41
00345480,FUN_00345480,128,41
00345510,FUN_00345510,1464,41
00345ac8,FUN_00345ac8,256,41
00345bc8,FUN_00345bc8,176,41
00345c78,FUN_00345c78,108,41
00345ce8,FUN_00345ce8,216,41
00345e30,FUN_00345e30,44,41
00345e60,FUN_00345e60,48,41
00345e90,FUN_00345e90,64,41
00345ed0,FUN_00345ed0,84,41
00345f28,FUN_00345f28,112,41
00345f98,FUN_00345f98,32,41
00345fb8,FUN_00345fb8,28,41
00345fd8,FUN_00345fd8,268,41
003460e8,FUN_003460e8,232,41
003461d0,FUN_003461d0,12,41
003461e0,FUN_003461e0,12,41
003461f0,FUN_003461f0,64,41
00346230,FUN_00346230,732,41
00346510,FUN_00346510,344,41
00346668,FUN_00346668,728,41
00346940,FUN_00346940,876,41
00346cb0,FUN_00346cb0,644,41
00346f58,FUN_00346f58,732,41
00347238,FUN_00347238,68,41
00347280,FUN_00347280,428,41
00347430,FUN_00347430,196,41
003474f8,FUN_003474f8,96,41
00347558,FUN_00347558,164,41
00347600,FUN_00347600,308,41
00347738,FUN_00347738,148,41
003477d0,FUN_003477d0,32,41
003477f0,FUN_003477f0,100,41
00347858,FUN_00347858,148,41
003478f0,FUN_003478f0,88,41
00347948,FUN_00347948,12,41
00347958,FUN_00347958,208,41
00347a28,FUN_00347a28,40,41
00347a50,FUN_00347a50,60,41
00347a90,FUN_00347a90,172,41
00347b40,FUN_00347b40,76,41
00347b90,FUN_00347b90,116,41
00347c08,FUN_00347c08,100,41
00347c70,FUN_00347c70,44,41
00347ca0,FUN_00347ca0,132,41
00347d28,FUN_00347d28,32,41
00347d48,FUN_00347d48,28,41
00347d68,FUN_00347d68,172,41
00347e18,FUN_00347e18,104,41
00347e80,FUN_00347e80,408,41
00348018,FUN_00348018,84,41
00348070,FUN_00348070,532,41
00348288,FUN_00348288,240,41
003483a0,FUN_003483a0,60,41
003483e0,FUN_003483e0,80,41
00348430,FUN_00348430,60,41
00348470,FUN_00348470,80,41
00348560,FUN_00348560,84,41
003485c8,FUN_003485c8,32,41
003485e8,FUN_003485e8,40,41
00348610,FUN_00348610,204,41
003486e0,FUN_003486e0,84,41
00348738,FUN_00348738,64,41
003487d0,FUN_003487d0,16,41
003487e0,FUN_003487e0,8,41
003487e8,FUN_003487e8,8,41
003487f0,FUN_003487f0,432,41
003489a8,FUN_003489a8,56,41
003489e0,FUN_003489e0,48,41
00348a10,FUN_00348a10,20,41
00348a28,FUN_00348a28,12,41
00348a38,FUN_00348a38,84,41
00348a90,FUN_00348a90,132,41
00348b18,FUN_00348b18,52,41
00348c08,FUN_00348c08,248,41
00348d00,FUN_00348d00,300,41
00348e30,FUN_00348e30,72,41
00348e88,FUN_00348e88,160,41
00348f28,FUN_00348f28,384,41
003490a8,FUN_003490a8,124,41
00349128,FUN_00349128,48,41
00349158,FUN_00349158,140,41
003491e8,FUN_003491e8,56,41
00349220,FUN_00349220,88,41
00349278,FUN_00349278,16,41
00349288,FUN_00349288,84,41
003492e0,FUN_003492e0,16,41
003492f0,FUN_003492f0,84,41
00349348,FUN_00349348,48,41
00349378,FUN_00349378,44,41
003493a8,FUN_003493a8,68,41
003493f0,FUN_003493f0,220,41
003494d0,FUN_003494d0,140,41
00349560,FUN_00349560,1016,41
00349c38,FUN_00349c38,88,41
00349c90,FUN_00349c90,880,41
0034a000,FUN_0034a000,484,41
0034a1e8,FUN_0034a1e8,468,41
0034a3c0,FUN_0034a3c0,468,41
0034a598,FUN_0034a598,468,41
0034a770,FUN_0034a770,88,41
0034a7c8,FUN_0034a7c8,388,41
0034a950,FUN_0034a950,452,41
0034ab18,FUN_0034ab18,340,41
0034ac70,FUN_0034ac70,212,41
0034ad48,FUN_0034ad48,144,41
0034add8,FUN_0034add8,136,41
0034ae60,FUN_0034ae60,28,41
0034ae80,FUN_0034ae80,28,41
0034aea0,FUN_0034aea0,648,41
0034b128,FUN_0034b128,820,41
0034b460,FUN_0034b460,48,41
0034b498,FUN_0034b498,80,41
0034b4e8,FUN_0034b4e8,192,42
0034b5a8,FUN_0034b5a8,8,42
0034b5b0,FUN_0034b5b0,304,42
0034b6e0,FUN_0034b6e0,556,42
0034b910,FUN_0034b910,316,42
0034ba50,FUN_0034ba50,476,42
0034bc30,FUN_0034bc30,904,42
0034bfb8,FUN_0034bfb8,48,42
0034bfe8,FUN_0034bfe8,224,42
0034c0c8,FUN_0034c0c8,92,42
0034c128,FUN_0034c128,1712,42
0034c7d8,FUN_0034c7d8,188,42
0034c898,FUN_0034c898,44,42
0034c8c8,FUN_0034c8c8,156,42
0034c968,FUN_0034c968,48,42
0034c998,FUN_0034c998,60,42
0034c9d8,FUN_0034c9d8,60,42
0034ca18,FUN_0034ca18,80,42
0034ca68,FUN_0034ca68,128,42
0034cae8,FUN_0034cae8,272,42
0034cc00,FUN_0034cc00,544,42
0034ce20,FUN_0034ce20,544,42
0034d040,FUN_0034d040,108,42
0034d0b0,FUN_0034d0b0,304,42
0034d1e0,FUN_0034d1e0,288,42
0034d300,FUN_0034d300,556,42
0034d530,FUN_0034d530,516,42
0034d738,FUN_0034d738,256,42
0034d838,FUN_0034d838,180,42
0034d8f0,FUN_0034d8f0,48,42
0034d920,FUN_0034d920,64,42
0034d960,FUN_0034d960,76,42
0034d9b0,FUN_0034d9b0,584,42
0034dbf8,FUN_0034dbf8,52,42
0034dc68,FUN_0034dc68,92,42
0034dcc8,FUN_0034dcc8,112,42
0034dd38,FUN_0034dd38,148,42
0034ddd0,FUN_0034ddd0,196,42
0034de98,FUN_0034de98,52,42
0034ded0,FUN_0034ded0,160,42
0034df70,FUN_0034df70,240,42
0034e060,FUN_0034e060,248,42
0034e158,FUN_0034e158,196,42
0034e220,FUN_0034e220,264,42
0034e328,FUN_0034e328,96,42
0034e388,FUN_0034e388,36,42
0034e3c0,FUN_0034e3c0,88,42
0034e418,FUN_0034e418,140,42
0034e4a8,FUN_0034e4a8,96,42
0034e508,FUN_0034e508,36,42
0034e530,FUN_0034e530,140,42
0034e5c0,FUN_0034e5c0,404,42
0034e758,FUN_0034e758,100,42
0034e7c0,FUN_0034e7c0,100,42
0034e828,FUN_0034e828,220,42
0034e908,FUN_0034e908,212,42
0034e9e0,FUN_0034e9e0,188,42
0034eaa0,FUN_0034eaa0,60,42
0034eae0,FUN_0034eae0,168,42
0034eb88,FUN_0034eb88,332,42
0034ecd8,FUN_0034ecd8,168,42
0034ed88,FUN_0034ed88,20,42
0034eda0,FUN_0034eda0,20,42
0034edb8,FUN_0034edb8,212,42
0034ee90,FUN_0034ee90,496,42
0034f080,FUN_0034f080,316,42
0034f1c0,FUN_0034f1c0,268,42
0034f2e0,FUN_0034f2e0,68,42
0034f360,FUN_0034f360,192,42
0034f420,FUN_0034f420,16,42
0034f430,FUN_0034f430,568,42
0034f668,FUN_0034f668,200,42
0034f730,FUN_0034f730,544,42
0034f950,FUN_0034f950,44,42
0034f980,FUN_0034f980,80,42
0034f9d0,FUN_0034f9d0,140,42
0034fa60,FUN_0034fa60,148,42
0034faf8,FUN_0034faf8,92,42
0034fb58,FUN_0034fb58,296,42
0034fc80,FUN_0034fc80,400,42
0034fe10,FUN_0034fe10,92,42
0034fe70,FUN_0034fe70,24,42
0034fe88,FUN_0034fe88,280,42
0034ffa0,FUN_0034ffa0,192,42
00350060,FUN_00350060,52,42
00350098,FUN_00350098,8,42
003500a8,FUN_003500a8,52,42
003500e0,FUN_003500e0,76,42
00350140,FUN_00350140,148,42
003501d8,FUN_003501d8,232,42
003502c0,FUN_003502c0,72,42
00350308,FUN_00350308,260,42
00350410,FUN_00350410,184,42
003504c8,FUN_003504c8,168,42
00350570,FUN_00350570,220,42
00350650,FUN_00350650,364,42
003507c0,FUN_003507c0,208,42
00350890,FUN_00350890,332,42
003509e0,FUN_003509e0,112,42
00350a50,FUN_00350a50,120,42
00350ac8,FUN_00350ac8,104,42
00350b30,FUN_00350b30,1012,42
00350f28,FUN_00350f28,260,42
00351030,FUN_00351030,312,42
00351168,FUN_00351168,104,42
003511d0,FUN_003511d0,1944,42
003519a0,FUN_003519a0,100,42
00351a08,FUN_00351a08,52,42
00351a40,FUN_00351a40,52,42
00351a78,FUN_00351a78,88,42
00351ad0,FUN_00351ad0,16,42
00351ae0,FUN_00351ae0,88,42
00351b78,FUN_00351b78,156,42
00351c18,FUN_00351c18,164,42
00351cc0,FUN_00351cc0,172,42
00351d70,FUN_00351d70,60,42
00351db0,FUN_00351db0,104,42
00351e18,FUN_00351e18,104,42
00351e80,FUN_00351e80,104,42
00351ee8,FUN_00351ee8,104,42
00351f50,FUN_00351f50,104,42
00351fb8,FUN_00351fb8,104,42
00352020,FUN_00352020,28,42
00352048,FUN_00352048,76,42
00352098,FUN_00352098,352,42
00352210,FUN_00352210,588,42
00352490,FUN_00352490,732,42
00352770,FUN_00352770,100,42
003527e8,FUN_003527e8,92,42
00352848,FUN_00352848,128,42
003528e0,FUN_003528e0,120,42
00352958,FUN_00352958,212,42
00352a30,FUN_00352a30,92,42
00352a90,FUN_00352a90,76,42
00352b00,FUN_00352b00,44,42
00352b30,FUN_00352b30,32,42
00352b50,FUN_00352b50,76,42
00352ba0,FUN_00352ba0,40,42
00352bc8,FUN_00352bc8,228,42
00352cb0,FUN_00352cb0,136,42
00352d38,FUN_00352d38,12,42
00352d50,FUN_00352d50,472,42
00352f30,FUN_00352f30,476,42
00353118,FUN_00353118,80,42
00353360,FUN_00353360,8,42
00353368,FUN_00353368,96,42
003533c8,FUN_003533c8,224,42
003534a8,FUN_003534a8,100,42
00353518,FUN_00353518,56,42
00353550,FUN_00353550,92,42
003535b0,FUN_003535b0,48,42
003535e0,FUN_003535e0,48,42
00353610,FUN_00353610,92,42
00353670,FUN_00353670,56,42
00353700,FUN_00353700,36,42
00353758,FUN_00353758,2032,42
00353f50,FUN_00353f50,96,42
00353fb0,FUN_00353fb0,476,42
00354190,FUN_00354190,148,42
00354228,FUN_00354228,1020,42
00354a70,FUN_00354a70,480,42
00354c60,FUN_00354c60,28,42
00354c80,FUN_00354c80,28,42
00354ca0,FUN_00354ca0,76,42
00354cf0,FUN_00354cf0,392,42
00354e78,FUN_00354e78,220,42
00354f58,FUN_00354f58,292,42
00355080,FUN_00355080,100,42
003550e8,FUN_003550e8,380,42
00355278,FUN_00355278,424,42
00355420,FUN_00355420,216,42
003554f8,FUN_003554f8,144,42
00355598,FUN_00355598,176,42
00355648,FUN_00355648,192,42
00355708,FUN_00355708,256,42
00355808,FUN_00355808,288,42
00355928,FUN_00355928,288,42
00355a48,FUN_00355a48,248,42
00355b40,FUN_00355b40,304,42
00355c70,FUN_00355c70,248,42
00355f88,FUN_00355f88,164,42
00356030,FUN_00356030,36,42
00356058,FUN_00356058,36,42
003560f0,FUN_003560f0,92,42
00356150,FUN_00356150,108,42
003561c0,FUN_003561c0,84,42
00356220,FUN_00356220,376,42
003563a0,FUN_003563a0,288,42
003564c0,FUN_003564c0,68,42
00356508,FUN_00356508,388,42
00356690,FUN_00356690,96,42
003566f0,FUN_003566f0,104,42
00356758,FUN_00356758,284,42
00356878,FUN_00356878,144,42
00356908,FUN_00356908,280,42
00356a20,FUN_00356a20,68,42
00356a68,FUN_00356a68,100,42
00356ad0,FUN_00356ad0,304,42
00356c00,FUN_00356c00,300,42
00356d30,FUN_00356d30,212,42
00356e08,FUN_00356e08,384,43
00356f88,FUN_00356f88,144,43
00357018,FUN_00357018,88,43
00357070,FUN_00357070,920,43
00357408,FUN_00357408,2344,43
00357d38,FUN_00357d38,256,43
00357e38,FUN_00357e38,164,43
00357ee0,FUN_00357ee0,96,43
00357f40,FUN_00357f40,628,43
003581b8,FUN_003581b8,1104,43
00358608,FUN_00358608,420,43
003587b0,FUN_003587b0,300,43
003588e0,FUN_003588e0,1228,43
00358db0,FUN_00358db0,300,43
00358ee0,FUN_00358ee0,240,43
00358fd0,FUN_00358fd0,1420,43
00359560,FUN_00359560,520,43
00359768,FUN_00359768,1500,43
00359d48,FUN_00359d48,560,43
00359f78,FUN_00359f78,292,43
0035a0a0,FUN_0035a0a0,1308,43
0035a5c0,FUN_0035a5c0,392,43
0035a748,FUN_0035a748,380,43
0035a8c8,FUN_0035a8c8,196,43
0035a990,FUN_0035a990,52,43
0035a9c8,FUN_0035a9c8,28,43
0035a9e8,FUN_0035a9e8,28,43
0035aa08,FUN_0035aa08,28,43
0035aa28,FUN_0035aa28,276,43
0035ab40,FUN_0035ab40,284,43
0035ac60,FUN_0035ac60,64,43
0035aca0,FUN_0035aca0,64,43
0035ace0,FUN_0035ace0,112,43
0035ad50,FUN_0035ad50,916,43
0035b0e8,FUN_0035b0e8,320,43
0035b228,FUN_0035b228,28,43
0035b248,FUN_0035b248,28,43
0035b268,FUN_0035b268,72,43
0035b2b0,FUN_0035b2b0,72,43
0035b2f8,FUN_0035b2f8,372,43
0035b470,FUN_0035b470,204,43
0035b540,FUN_0035b540,84,43
0035b598,FUN_0035b598,44,43
0035b5c8,FUN_0035b5c8,144,43
0035b658,FUN_0035b658,116,43
0035b6d0,FUN_0035b6d0,40,43
0035b6f8,FUN_0035b6f8,60,43
0035b738,FUN_0035b738,468,43
0035b910,FUN_0035b910,256,43
0035ba10,FUN_0035ba10,216,43
0035bae8,FUN_0035bae8,236,43
0035bbd8,FUN_0035bbd8,312,43
0035bd10,FUN_0035bd10,260,43
0035be18,FUN_0035be18,404,43
0035bfb0,FUN_0035bfb0,28,43
0035bfd0,FUN_0035bfd0,400,43
0035c168,FUN_0035c168,304,43
0035c298,FUN_0035c298,56,43
0035c2d0,FUN_0035c2d0,56,43
0035c308,FUN_0035c308,288,43
0035c428,FUN_0035c428,68,43
0035c470,FUN_0035c470,48,43
0035c4a0,FUN_0035c4a0,12,43
0035c4b0,FUN_0035c4b0,148,43
0035c544,memcpy,172,43
0035c5f0,FUN_0035c5f0,252,43
0035c6ec,memset,184,43
0035c7a4,FUN_0035c7a4,304,43
0035c8d4,FUN_0035c8d4,416,43
0035ca74,strcmp,332,43
0035cbc0,strcpy,280,43
0035ccd8,strlen,324,43
0035cfd8,FUN_0035cfd8,452,43
0035d1a0,FUN_0035d1a0,456,43
0035d378,FUN_0035d378,32,43
0035d398,FUN_0035d398,36,43
0035d3c8,FUN_0035d3c8,148,43
0035d460,FUN_0035d460,196,43
0035d530,FUN_0035d530,100,43
0035d598,FUN_0035d598,28,43
0035d5b8,FUN_0035d5b8,360,43
0035d728,sprintf,128,43
0035d7b0,FUN_0035d7b0,152,43
0035d848,FUN_0035d848,100,43
0035d8b0,FUN_0035d8b0,128,43
0035d930,FUN_0035d930,104,43
0035d998,FUN_0035d998,32,43
0035d9b8,FUN_0035d9b8,2832,43
0035e4c8,FUN_0035e4c8,236,43
0035e610,FUN_0035e610,108,43
0035e680,FUN_0035e680,16,43
0035e690,FUN_0035e690,156,43
0035e730,FUN_0035e730,28,43
0035e750,FUN_0035e750,40,43
0035e778,FUN_0035e778,96,43
0035e7d8,FUN_0035e7d8,80,43
0035e828,FUN_0035e828,72,43
0035e870,FUN_0035e870,828,43
0035ebb0,FUN_0035ebb0,96,43
0035ec10,FUN_0035ec10,64,43
0035ec50,FUN_0035ec50,2520,43
0035f630,FUN_0035f630,48,43
0035f660,FUN_0035f660,96,43
0035f6c0,FUN_0035f6c0,3828,43
003605b8,FUN_003605b8,44,43
003605f0,FUN_003605f0,524,43
00360800,FUN_00360800,52,43
00360838,stricmp,124,43
003608b8,FUN_003608b8,124,43
00360938,FUN_00360938,196,43
00360a00,FUN_00360a00,76,43
00360a50,FUN_00360a50,116,43
00360ac8,FUN_00360ac8,36,43
00360af0,FUN_00360af0,156,43
00360b90,FUN_00360b90,124,43
00360c10,FUN_00360c10,108,43
00360c80,FUN_00360c80,120,43
00360cf8,FUN_00360cf8,156,43
00360d98,FUN_00360d98,1468,43
00361358,FUN_00361358,264,43
00361460,vfprintf_internal,204,43
00361530,FUN_00361530,4164,43
00362578,FUN_00362578,432,43
00362728,FUN_00362728,264,43
00362830,FUN_00362830,3844,43
00363738,FUN_00363738,612,43
003639a0,FUN_003639a0,1836,43
003640d0,FUN_003640d0,756,43
003643c8,FUN_003643c8,364,43
00364538,FUN_00364538,1404,43
00364ab8,FUN_00364ab8,188,43
00364b78,FUN_00364b78,556,43
00364da8,FUN_00364da8,52,43
00364de0,tolower,32,43
00364e00,FUN_00364e00,32,43
00364e20,FUN_00364e20,12,43
00364e38,FUN_00364e38,36,43
00364e60,FUN_00364e60,236,43
00364f50,FUN_00364f50,492,43
00365140,FUN_00365140,1088,43
00365588,FUN_00365588,1552,43
00365ba0,FUN_00365ba0,420,43
00365d48,FUN_00365d48,88,43
00365da0,FUN_00365da0,92,43
00365e00,FUN_00365e00,96,43
00365e60,FUN_00365e60,96,43
00365ec0,FUN_00365ec0,92,43
00365f20,FUN_00365f20,96,43
00365f80,FUN_00365f80,268,43
00366090,FUN_00366090,88,43
003660f8,FUN_003660f8,140,43
00366188,FUN_00366188,48,43
003661b8,FUN_003661b8,276,43
003662d0,FUN_003662d0,404,43
00366468,FUN_00366468,168,43
00366510,FUN_00366510,52,43
00366548,FUN_00366548,264,43
00366650,FUN_00366650,308,43
00366788,FUN_00366788,132,43
00366810,FUN_00366810,192,43
003668d0,FUN_003668d0,56,43
00366908,FUN_00366908,520,43
00366b10,FUN_00366b10,252,43
00366c10,FUN_00366c10,336,43
00366d68,FUN_00366d68,104,43
00366dd0,FUN_00366dd0,396,43
00366f60,FUN_00366f60,200,43
00367028,FUN_00367028,408,43
003671c0,FUN_003671c0,380,43
00367340,FUN_00367340,192,43
00367460,SetGsCrt,16,43
00367480,_Exit,16,43
00367540,AddIntcHandler,16,43
00367550,AddIntcHandler,16,43
00367560,RemoveIntcHandler,16,43
00367570,AddDmacHandler,16,43
00367580,AddDmacHandler,16,43
00367590,RemoveDmacHandler,16,43
003675a0,_EnableIntc,16,43
003675b0,_DisableIntc,16,43
003675c0,_EnableDmac,16,43
003675d0,_DisableDmac,16,43
003675e0,SetAlarm,16,43
00367660,CreateThread,16,43
00367670,DeleteThread,16,43
00367680,_StartThread,16,43
003676a0,ExitDeleteThread,16,43
003676b0,TerminateThread,16,43
003676f0,ChangeThreadPriority,16,43
00367710,RotateThreadReadyQueue,16,43
00367750,GetThreadId,16,43
00367760,ReferThreadStatus,16,43
00367780,SleepThread,16,43
00367790,WakeupThread,16,43
003677a0,_iWakeupThread,16,43
003677d0,SuspendThread,16,43
00367840,EndOfHeap,16,43
00367860,CreateSema,16,43
00367870,DeleteSema,16,43
00367880,SignalSema,16,43
00367890,iSignalSema,16,44
003678a0,WaitSema,16,44
003678b0,PollSema,16,44
00367900,SetOsdConfigParam,16,44
00367910,GetOsdConfigParam,16,44
00367ae0,FlushCache,16,44
00367b30,sceSifStopDma,16,44
00367b70,GetOsdConfigParam2,16,44
00367b80,GsGetIMR,16,44
00367ba0,GsPutIMR,16,44
00367bd0,SetVSyncFlag,16,44
00367c00,sceSifDmaStat,16,44
00367c20,sceSifSetDma,16,44
00367c30,isceSifSetDma,16,44
00367c40,sceSifSetDChain,16,44
00367c50,isceSifSetDChain,16,44
00367c60,sceSifSetReg,16,44
00367c70,sceSifGetReg,16,44
00367c90,Deci2Call,16,44
00367cc0,GetMemorySize,16,44
00367cd0,_InitTLB,16,44
00367ce0,FUN_00367ce0,12,44
00367cf0,FUN_00367cf0,144,44
00367d80,FUN_00367d80,164,44
00367e28,FUN_00367e28,124,44
00367ea8,FUN_00367ea8,116,44
00367f20,FUN_00367f20,8,44
00367f28,FUN_00367f28,8,44
00367f30,FUN_00367f30,172,44
00367fe0,FUN_00367fe0,20,44
00367ff8,FUN_00367ff8,164,44
003680a0,FUN_003680a0,124,44
00368128,FUN_00368128,164,44
003681d0,FUN_003681d0,124,44
00368258,FUN_00368258,16,44
00368268,FUN_00368268,104,44
003682d0,FUN_003682d0,104,44
00368338,FUN_00368338,104,44
003683a0,FUN_003683a0,104,44
00368408,FUN_00368408,216,44
003684e0,FUN_003684e0,236,44
003685d0,FUN_003685d0,148,44
00368670,FUN_00368670,200,44
00368738,FUN_00368738,376,44
003688b0,FUN_003688b0,40,44
003688d8,FUN_003688d8,36,44
00368900,FUN_00368900,60,44
00368940,FUN_00368940,60,44
00368980,FUN_00368980,400,44
00368b18,FUN_00368b18,372,44
00368c90,FUN_00368c90,208,44
00368d60,FUN_00368d60,188,44
00368e20,FUN_00368e20,56,44
00368e58,FUN_00368e58,176,44
00368f08,FUN_00368f08,52,44
00368f40,FUN_00368f40,144,44
00368fd0,FUN_00368fd0,468,44
003691a8,FUN_003691a8,3348,44
00369f18,FUN_00369f18,40,44
00369f40,FUN_00369f40,40,44
00369f68,FUN_00369f68,76,44
00369fb8,FUN_00369fb8,56,44
00369ff0,FUN_00369ff0,72,44
0036a038,FUN_0036a038,128,44
0036a0b8,FUN_0036a0b8,128,44
0036a168,FUN_0036a168,24,44
0036a190,FUN_0036a190,640,44
0036a410,FUN_0036a410,52,44
0036a448,FUN_0036a448,24,44
0036a460,FUN_0036a460,120,44
0036a4d8,FUN_0036a4d8,76,44
0036a528,FUN_0036a528,308,44
0036a660,FUN_0036a660,60,44
0036a6a0,FUN_0036a6a0,60,44
0036a6e0,FUN_0036a6e0,328,44
0036a828,FUN_0036a828,172,44
0036a8d8,FUN_0036a8d8,412,44
0036aa78,FUN_0036aa78,36,44
0036aaa0,FUN_0036aaa0,168,44
0036ab48,FUN_0036ab48,28,44
0036ab68,FUN_0036ab68,48,44
0036ab98,FUN_0036ab98,64,44
0036abd8,FUN_0036abd8,204,44
0036aca8,FUN_0036aca8,64,44
0036ace8,FUN_0036ace8,208,44
0036adc0,FUN_0036adc0,76,44
0036ae10,FUN_0036ae10,64,44
0036ae50,FUN_0036ae50,204,44
0036af20,FUN_0036af20,332,44
0036b100,FUN_0036b100,512,44
0036b300,FUN_0036b300,60,44
0036b358,FUN_0036b358,112,44
0036b3d0,FUN_0036b3d0,136,44
0036b458,FUN_0036b458,236,44
0036b548,FUN_0036b548,108,44
0036b5b8,FUN_0036b5b8,944,44
0036b970,FUN_0036b970,84,44
0036b9c8,FUN_0036b9c8,44,44
0036b9f8,FUN_0036b9f8,12,44
0036ba50,FUN_0036ba50,520,44
0036bc58,FUN_0036bc58,140,44
0036bce8,FUN_0036bce8,52,44
0036bd20,FUN_0036bd20,656,44
0036bfb0,FUN_0036bfb0,376,44
0036c128,FUN_0036c128,572,44
0036c368,FUN_0036c368,616,44
0036c5d8,FUN_0036c5d8,700,44
0036c898,FUN_0036c898,904,44
0036cc80,FUN_0036cc80,136,44
0036cd08,FUN_0036cd08,128,44
0036cd88,FUN_0036cd88,120,44
0036ce18,FUN_0036ce18,256,44
0036cf18,FUN_0036cf18,140,44
0036cfa8,FUN_0036cfa8,56,44
0036cff0,FUN_0036cff0,548,44
0036d218,FUN_0036d218,32,44
0036d260,FUN_0036d260,340,44
0036d3b8,FUN_0036d3b8,80,44
0036d408,FUN_0036d408,272,44
0036d518,FUN_0036d518,80,44
0036d568,FUN_0036d568,24,44
0036d580,FUN_0036d580,96,44
0036d660,FUN_0036d660,16,44
0036d678,FUN_0036d678,252,44
0036d778,RFU116_SetSyscall,16,44
0036d788,FUN_0036d788,84,44
0036d7e0,RFU116_SetSyscall,16,44
0036d7f0,FUN_0036d7f0,16,44
0036d838,RFU091,16,44
0036d848,FUN_0036d848,104,44
0036d8b0,FUN_0036d8b0,172,44
0036d998,FUN_0036d998,40,44
0036d9c8,RFU116_SetSyscall,16,44
0036d9d8,FUN_0036d9d8,16,44
0036da20,RFU091,16,44
0036da30,FUN_0036da30,212,44
0036db08,FUN_0036db08,104,44
0036db78,FUN_0036db78,16,44
0036db88,FUN_0036db88,16,44
0036db98,FUN_0036db98,16,44
0036dba8,FUN_0036dba8,340,44
0036dd08,FUN_0036dd08,144,44
0036dda0,FUN_0036dda0,400,44
0036df30,FUN_0036df30,128,44
0036dfb8,FUN_0036dfb8,56,44
0036dff0,FUN_0036dff0,676,44
0036e298,FUN_0036e298,76,44
0036e2f0,FUN_0036e2f0,112,44
0036e360,FUN_0036e360,72,44
0036e3b8,FUN_0036e3b8,172,44
0036e468,FUN_0036e468,76,44
0036e4e8,FUN_0036e4e8,244,44
0036e5e0,FUN_0036e5e0,124,44
0036e660,FUN_0036e660,112,44
0036e6e0,FUN_0036e6e0,76,44
0036e730,FUN_0036e730,92,44
0036e790,FUN_0036e790,300,44
0036e8c0,FUN_0036e8c0,240,44
0036e9b0,FUN_0036e9b0,36,44
0036e9e8,FUN_0036e9e8,168,44
0036ea90,FUN_0036ea90,68,44
0036eae0,FUN_0036eae0,48,44
0036eb10,FUN_0036eb10,36,44
0036eb40,FUN_0036eb40,52,44
0036eb78,FUN_0036eb78,52,44
0036ebc0,FUN_0036ebc0,36,44
0036ebf0,FUN_0036ebf0,16,44
0036ec38,RFU091,16,44
0036ec48,RFU116_SetSyscall,16,44
0036ec58,FUN_0036ec58,196,44
0036ed20,RFU086_WaitEvnetFlag,16,44
0036ed30,FUN_0036ed30,64,44
0036ed70,FUN_0036ed70,500,44
0036f0e0,FUN_0036f0e0,92,44
0036f140,FUN_0036f140,236,44
0036f230,FUN_0036f230,224,44
0036f310,FUN_0036f310,1628,44
0036f978,FUN_0036f978,24,44
0036f990,FUN_0036f990,32,44
0036f9c0,FUN_0036f9c0,60,44
0036fa00,FUN_0036fa00,32,44
0036fa20,FUN_0036fa20,56,44
0036fa58,FUN_0036fa58,40,44
0036fa80,FUN_0036fa80,28,44
0036faa0,FUN_0036faa0,108,44
0036fb10,FUN_0036fb10,144,44
0036fba0,FUN_0036fba0,196,44
0036fc68,FUN_0036fc68,48,44
0036fc98,FUN_0036fc98,404,44
0036ff88,FUN_0036ff88,40,44
0036ffb0,FUN_0036ffb0,48,44
0036fff8,bad_exception_0036fff8,80,44
00370048,FUN_00370048,48,44
00370090,exception_00370090,64,44
003700d0,FUN_003700d0,48,44
00370100,FUN_00370100,64,44
00370168,Kaim_CMetaClass_ctor,32,44
00370188,FUN_00370188,28,44
003701a8,FUN_003701a8,44,44
003701d8,FUN_003701d8,148,44
00370270,FUN_00370270,472,45
00370468,__class_type_info_00370468,80,45
003704b8,FUN_003704b8,28,45
003704f8,__si_type_info_003704f8,80,45
00370548,FUN_00370548,28,45
00370580,__user_type_info_00370580,80,45
003705d0,FUN_003705d0,28,45
003705f0,FUN_003705f0,48,45
00370638,bad_typeid_00370638,80,45
00370688,FUN_00370688,48,45
003706d0,bad_cast_003706d0,80,45
00370720,FUN_00370720,32,45
00370760,type_info_00370760,64,45
003707a0,FUN_003707a0,36,45
003707c8,FUN_003707c8,1220,45
00370c90,FUN_00370c90,80,45
00370da8,FUN_00370da8,172,45
00370e58,FUN_00370e58,52,45
00371210,__array_type_info_00371210,80,45
00371260,FUN_00371260,28,45
00371280,__ptmd_type_info_00371280,80,45
003712d0,FUN_003712d0,28,45
003712f0,__ptmf_type_info_003712f0,80,45
00371340,FUN_00371340,28,45
00371360,__func_type_info_00371360,80,45
003713b0,FUN_003713b0,28,45
003713d0,__builtin_type_info_003713d0,80,45
00371420,FUN_00371420,28,45
00371440,__attr_type_info_00371440,80,45
00371490,FUN_00371490,28,45
003714b0,__pointer_type_info_003714b0,80,45
00371500,FUN_00371500,28,45
00371520,FUN_00371520,116,45
00371598,FUN_00371598,116,45
00371610,FUN_00371610,228,45
003716f8,FUN_003716f8,336,45
00371848,FUN_00371848,104,45
003718b0,FUN_003718b0,116,45
00371928,FUN_00371928,568,45
00371b60,FUN_00371b60,160,45
00371c00,FUN_00371c00,136,45
00371c88,FUN_00371c88,160,45
00371d28,FUN_00371d28,16,45
00371d38,FUN_00371d38,884,45
003720b0,FUN_003720b0,188,45
00372170,FUN_00372170,484,45
00372358,FUN_00372358,320,45
00372498,FUN_00372498,1676,45
00372b28,FUN_00372b28,480,45
00372d08,FUN_00372d08,92,45
00372d68,FUN_00372d68,200,45
00372e30,FUN_00372e30,232,45
00373148,FUN_00373148,260,45
00373250,FUN_00373250,20,45
00373268,FUN_00373268,56,45
003732a0,FUN_003732a0,96,45
00373300,FUN_00373300,68,45
00373348,FUN_00373348,44,45
00373a08,FUN_00373a08,112,45
00373a78,FUN_00373a78,32,45
00373a98,FUN_00373a98,384,45
00373c18,FUN_00373c18,420,45
00373dc0,FUN_00373dc0,348,45
00373f20,FUN_00373f20,368,45
00374090,FUN_00374090,172,45
00374140,FUN_00374140,56,45
00374188,FUN_00374188,32,45
003741a8,FUN_003741a8,416,45
00374348,FUN_00374348,96,45
003743a8,FUN_003743a8,176,45
00374458,FUN_00374458,44,45
00374488,FUN_00374488,196,45
003745b8,FUN_003745b8,80,45
00374608,FUN_00374608,52,45
00374640,FUN_00374640,192,45
00374700,FUN_00374700,124,45
00374780,FUN_00374780,376,45
003748f8,FUN_003748f8,664,45
00374b90,FUN_00374b90,432,45
00374d48,FUN_00374d48,220,45
00374e28,FUN_00374e28,140,45
00374eb8,FUN_00374eb8,32,45
00375028,FUN_00375028,76,45
00375078,FUN_00375078,56,45
003750b0,FUN_003750b0,84,45
00375108,FUN_00375108,56,45
00375140,FUN_00375140,44,45
00375178,FUN_00375178,612,45
003753e0,FUN_003753e0,432,45
00375590,FUN_00375590,3112,45
003761b8,FUN_003761b8,416,45
00376358,FUN_00376358,304,45
00376488,FUN_00376488,1888,45
00376be8,FUN_00376be8,500,45
00376de0,FUN_00376de0,400,45
00376f70,FUN_00376f70,832,45
003772b8,FUN_003772b8,876,45
00377628,FUN_00377628,440,45
003777e0,FUN_003777e0,92,45
00377840,FUN_00377840,28,45
00377868,FUN_00377868,56,45
003778a0,FUN_003778a0,56,45
003778d8,FUN_003778d8,140,45
00377968,FUN_00377968,164,45
00377a20,FUN_00377a20,168,45
00377ac8,FUN_00377ac8,268,45
00377c80,FUN_00377c80,76,45
00377cd0,FUN_00377cd0,28,45
00377cf0,FUN_00377cf0,280,45
00377e10,FUN_00377e10,240,45
00377f00,FUN_00377f00,96,45
00377f60,FUN_00377f60,436,45
00378118,FUN_00378118,456,45
003782e8,FUN_003782e8,536,45
00378500,FUN_00378500,112,45
00378570,FUN_00378570,52,45
003785a8,FUN_003785a8,192,45
003786e0,FUN_003786e0,96,45
00378740,FUN_00378740,44,45
00378788,FUN_00378788,264,45
00378898,FUN_00378898,44,45
003788c8,FUN_003788c8,112,45
00378938,FUN_00378938,292,45
00378a60,FUN_00378a60,112,45
00378b00,FUN_00378b00,120,45
00378b98,FUN_00378b98,112,45
00378c18,FUN_00378c18,136,45
00378ca0,FUN_00378ca0,44,45
00378cd0,FUN_00378cd0,188,45
00378d90,FUN_00378d90,48,45
00378dc8,FUN_00378dc8,1232,45
003792d0,FUN_003792d0,96,45
00379330,FUN_00379330,112,45
003793a0,FUN_003793a0,32,45
003793c0,FUN_003793c0,352,45
00379528,FUN_00379528,300,45
00379658,FUN_00379658,1072,45
00379a88,FUN_00379a88,876,45
00379df8,FUN_00379df8,872,45
0037a160,FUN_0037a160,788,45
0037a478,FUN_0037a478,2492,45
0037ae38,FUN_0037ae38,916,45
0037b1d0,FUN_0037b1d0,76,45
0037b220,FUN_0037b220,104,45
0037b288,FUN_0037b288,68,45
0037b2d0,FUN_0037b2d0,60,45
0037b318,FUN_0037b318,308,45
0037b450,FUN_0037b450,28,45
0037b470,FUN_0037b470,164,45
0037b518,FUN_0037b518,240,45
0037b608,FUN_0037b608,308,45
0037b740,FUN_0037b740,356,45
0037b8a8,FUN_0037b8a8,60,45
0037b8e8,FUN_0037b8e8,36,45
0037b910,FUN_0037b910,120,45
0037b988,FUN_0037b988,120,45
0037ba00,FUN_0037ba00,340,45
0037bb58,FUN_0037bb58,52,45
0037bb90,FUN_0037bb90,188,45
0037bce0,FUN_0037bce0,304,45
0037be10,FUN_0037be10,60,45
0037be50,FUN_0037be50,100,45
0037beb8,FUN_0037beb8,52,45
0037bf00,FUN_0037bf00,36,45
0037bf28,FUN_0037bf28,284,45
0037c048,FUN_0037c048,324,45
0037c190,FUN_0037c190,96,45
0037c1f0,FUN_0037c1f0,8,45
0037c1f8,FUN_0037c1f8,32,45
0037c218,FUN_0037c218,32,45
0037c238,FUN_0037c238,680,45
0037c4e0,FUN_0037c4e0,420,45
0037c688,FUN_0037c688,1564,45
0037cca8,FUN_0037cca8,324,45
0037cdf0,FUN_0037cdf0,108,45
0037ce60,FUN_0037ce60,104,45
0037cec8,FUN_0037cec8,152,45
0037cf60,FUN_0037cf60,108,45
0037cfd0,FUN_0037cfd0,104,45
0037d038,FUN_0037d038,144,45
0037d0c8,FUN_0037d0c8,80,45
0037d118,FUN_0037d118,32,45
0037d138,FUN_0037d138,32,45
0037d158,FUN_0037d158,324,45
0037d2a0,FUN_0037d2a0,1436,45
0037d840,FUN_0037d840,32,45
0037d860,FUN_0037d860,32,45
0037d880,FUN_0037d880,324,45
0037d9c8,FUN_0037d9c8,1316,45
0037def0,FUN_0037def0,32,45
0037df10,FUN_0037df10,32,45
0037df30,FUN_0037df30,324,45
0037e078,FUN_0037e078,1532,45
0037e678,FUN_0037e678,32,45
0037e698,FUN_0037e698,32,45
0037e6b8,FUN_0037e6b8,324,45
0037e800,FUN_0037e800,1040,45
0037ec10,FUN_0037ec10,32,45
0037ec30,FUN_0037ec30,32,45
0037ec50,FUN_0037ec50,628,45
0037eec8,FUN_0037eec8,324,46
0037f010,FUN_0037f010,32,46
0037f030,FUN_0037f030,32,46
0037f050,FUN_0037f050,324,46
0037f198,FUN_0037f198,156,46
0037f238,FUN_0037f238,32,46
0037f258,FUN_0037f258,32,46
0037f278,FUN_0037f278,1320,46
0037f7a0,FUN_0037f7a0,324,46
0037f8e8,FUN_0037f8e8,32,46
0037f908,FUN_0037f908,32,46
0037f928,FUN_0037f928,7724,46
00381758,FUN_00381758,324,46
003818a0,FUN_003818a0,32,46
003818c0,FUN_003818c0,32,46
003818e0,FUN_003818e0,324,46
00381a28,FUN_00381a28,72,46
00381a70,FUN_00381a70,32,46
00381a90,FUN_00381a90,32,46
00381ab0,FUN_00381ab0,1660,46
00382130,FUN_00382130,324,46
00382278,FUN_00382278,32,46
00382298,FUN_00382298,32,46
003822b8,FUN_003822b8,20,46
003822e0,FUN_003822e0,20,46
003822f8,FUN_003822f8,20,46
00382310,FUN_00382310,20,46
00382348,FUN_00382348,16,46
00382358,FUN_00382358,260,46
00382460,FUN_00382460,28,46
00382480,FUN_00382480,28,46
003824e0,FUN_003824e0,28,46
00382500,FUN_00382500,424,46
003826a8,FUN_003826a8,148,46
00382740,FUN_00382740,56,46
00382778,FUN_00382778,188,46
00382838,FUN_00382838,156,46
003828d8,FUN_003828d8,768,46
00382bd8,FUN_00382bd8,8,46
00382bf0,FUN_00382bf0,128,46
00382c70,FUN_00382c70,240,46
00382d60,FUN_00382d60,280,46
00382e78,FUN_00382e78,104,46
00382ee0,FUN_00382ee0,172,46
00382f90,FUN_00382f90,216,46
00383068,FUN_00383068,100,46
003830d0,FUN_003830d0,312,46
00383208,FUN_00383208,28,46
00383228,FUN_00383228,992,46
00383608,FUN_00383608,140,46
00383698,FUN_00383698,80,46
003836e8,FUN_003836e8,80,46
00383738,FUN_00383738,20,46
00383840,FUN_00383840,48,46
00383878,FUN_00383878,24,46
00383890,FUN_00383890,140,46
00383978,FUN_00383978,392,46
00383b08,FUN_00383b08,20,46
00383b20,FUN_00383b20,48,46
00383b50,FUN_00383b50,48,46
00383b80,FUN_00383b80,48,46
00383bb0,FUN_00383bb0,48,46
00383be0,FUN_00383be0,48,46
00383c10,FUN_00383c10,48,46
00383c40,FUN_00383c40,48,46
00383c70,FUN_00383c70,48,46
00383ca0,FUN_00383ca0,92,46
00383d00,FUN_00383d00,56,46
00383d40,FUN_00383d40,8,46
00383d58,FUN_00383d58,76,46
00383e68,FUN_00383e68,44,46
00383ed8,FUN_00383ed8,56,46
00383f20,FUN_00383f20,56,46
00383f68,FUN_00383f68,76,46
00384000,FUN_00384000,76,46
003840d0,FUN_003840d0,76,46
00384120,FUN_00384120,76,46
00384180,FUN_00384180,76,46
003841e0,FUN_003841e0,76,46
00384230,FUN_00384230,76,46
00384290,FUN_00384290,12,46
003842a0,FUN_003842a0,36,46
003842c8,FUN_003842c8,76,46
00384318,FUN_00384318,72,46
00384360,FUN_00384360,40,46
00384388,FUN_00384388,36,46
003843c0,FUN_003843c0,20,46
003843d8,FUN_003843d8,20,46
003843f0,FUN_003843f0,20,46
00384418,FUN_00384418,48,46
00384448,FUN_00384448,484,46
00384648,FUN_00384648,8,46
00384668,FUN_00384668,152,46
00384700,FUN_00384700,8,46
00384708,FUN_00384708,20,46
00384720,FUN_00384720,20,46
00384738,FUN_00384738,8,46
00384740,FUN_00384740,76,46
00384790,FUN_00384790,76,46
003847e0,FUN_003847e0,28,46
00384800,FUN_00384800,20,46
00384818,FUN_00384818,64,46
00384858,FUN_00384858,36,46
00384880,FUN_00384880,36,46
003848a8,FUN_003848a8,80,46
003848f8,FUN_003848f8,244,46
003849f0,FUN_003849f0,188,46
00384af8,FUN_00384af8,164,46
00384ba0,FUN_00384ba0,96,46
00384c00,FUN_00384c00,56,46
00384c38,FUN_00384c38,56,46
00384c70,FUN_00384c70,56,46
00384ca8,FUN_00384ca8,72,46
00384cf0,FUN_00384cf0,76,46
00384d78,FUN_00384d78,20,46
00384d90,FUN_00384d90,20,46
00384da8,FUN_00384da8,84,46
00384e28,FUN_00384e28,72,46
00384e70,FUN_00384e70,100,46
00384f08,FUN_00384f08,52,46
00385000,FUN_00385000,116,46
003851a8,FUN_003851a8,84,46
00385200,FUN_00385200,44,46
00385338,FUN_00385338,96,46
003853f8,FUN_003853f8,88,46
00385458,FUN_00385458,88,46
003854b0,FUN_003854b0,108,46
003855d8,FUN_003855d8,108,46
00385660,FUN_00385660,316,46
003857a0,FUN_003857a0,324,46
00385928,FUN_00385928,76,46
00385978,FUN_00385978,408,46
00385b10,FUN_00385b10,76,46
00385ba0,FUN_00385ba0,76,46
00385bf0,FUN_00385bf0,448,46
00385db0,FUN_00385db0,76,46
00385e20,FUN_00385e20,72,46
00385e78,FUN_00385e78,92,46
00385f80,FUN_00385f80,68,46
00385fc8,FUN_00385fc8,104,46
00386030,FUN_00386030,200,46
00386188,FUN_00386188,108,46
003861f8,FUN_003861f8,108,46
00386278,FUN_00386278,92,46
003862d8,FUN_003862d8,124,46
00386368,FUN_00386368,92,46
003863c8,FUN_003863c8,108,46
00386438,FUN_00386438,108,46
003864a8,FUN_003864a8,108,46
00386518,FUN_00386518,108,46
003865c8,FUN_003865c8,92,46
00386628,FUN_00386628,60,46
00386668,FUN_00386668,44,46
00386698,FUN_00386698,44,46
003866c8,FUN_003866c8,44,46
003866f8,FUN_003866f8,100,46
00386760,FUN_00386760,100,46
003867c8,FUN_003867c8,100,46
00386838,FUN_00386838,36,46
00386860,FUN_00386860,8,46
00386968,FUN_00386968,44,46
00386998,FUN_00386998,1288,46
00386ec8,FUN_00386ec8,204,46
00386f98,FUN_00386f98,136,46
00387020,FUN_00387020,48,46
00387058,FUN_00387058,36,46
00387080,FUN_00387080,12,46
00387090,FUN_00387090,80,46
003870e0,FUN_003870e0,32,46
00387100,FUN_00387100,32,46
00387120,FUN_00387120,32,46
00387140,FUN_00387140,36,46
00387170,FUN_00387170,16,46
00387180,FUN_00387180,20,46
003871c0,FUN_003871c0,20,46
003872a8,FUN_003872a8,24,46
003872c0,FUN_003872c0,32,46
003872e0,FUN_003872e0,40,46
00387308,FUN_00387308,28,46
00387328,FUN_00387328,108,46
00387398,FUN_00387398,116,46
00387410,FUN_00387410,72,46
00387458,FUN_00387458,36,46
00387480,FUN_00387480,36,46
003874a8,FUN_003874a8,100,46
00387510,FUN_00387510,188,46
003875e8,FUN_003875e8,1672,46
00387c70,FUN_00387c70,76,46
00387cc0,FUN_00387cc0,72,46
00387d08,FUN_00387d08,68,46
00387d50,FUN_00387d50,108,46
00387dc0,FUN_00387dc0,68,46
00387e08,FUN_00387e08,12,46
00387e18,FUN_00387e18,12,46
00387e28,FUN_00387e28,36,46
00387e50,FUN_00387e50,364,46
00387fc0,FUN_00387fc0,464,46
00388190,FUN_00388190,2716,46
00388c30,FUN_00388c30,8,46
00388c38,FUN_00388c38,212,46
00388dd8,FUN_00388dd8,56,47
00388e18,FUN_00388e18,12,47
00388e30,FUN_00388e30,12,47
00388e40,FUN_00388e40,8,47
00388e48,FUN_00388e48,12,47
00388e58,FUN_00388e58,20,47
00388e70,FUN_00388e70,8,47
00388e88,FUN_00388e88,56,47
00388ed0,FUN_00388ed0,40,47
00388ef8,FUN_00388ef8,76,47
00388f48,FUN_00388f48,160,47
00388fe8,FUN_00388fe8,76,47
00389060,FUN_00389060,156,47
00389100,Kaim_CObject_00389100,64,47
00389140,FUN_00389140,36,47
00389178,FUN_00389178,56,47
003891b0,Kaim_CGraphPoint_003891b0,80,47
00389240,Kaim_CFleeAgent_00389240,80,47
003892e0,FUN_003892e0,56,47
00389318,Kaim_RecursiveFlightTraversal_00389318,80,47
00389368,FUN_00389368,8,47
00389370,Kaimt_CMetaClass2ZQ24Kaim6CAgentZPFPQ24Kaim6CBrain_PQ24Kaim6CAgent_00389370,64,47
003893b0,Kaim_CPointWrapper_003893b0,80,47
00389400,Kaim_CVertexTraversal_00389400,80,47
00389450,FUN_00389450,48,47
00389480,Kaim_CFollowerAgent_00389480,80,47
00389500,Kaim_CGotoAgent_00389500,80,47
00389578,Kaim_CHideAgent_00389578,80,47
00389618,Kaim_CPathWayAgent_00389618,80,47
003896a8,Kaim_CObject_003896a8,120,47
00389720,Kaim_CShooterAgent_00389720,80,47
003897c8,Kaim_CWanderAgent_003897c8,80,47
00389840,Kaim_CActionAcceleration_00389840,80,47
003898a8,FUN_003898a8,56,47
00389908,FUN_00389908,120,47
00389980,Kaimt_CMetaClass2ZQ24Kaim16CActionAttributeZPFv_PQ24Kaim16CActionAttribute_00389980,64,47
003899c0,FUN_003899c0,48,47
003899f0,Kaim_CActionCrouch_003899f0,80,47
00389a58,FUN_00389a58,56,47
00389ab8,Kaim_CActionJump_00389ab8,80,47
00389b20,FUN_00389b20,56,47
00389b80,Kaim_CActionRotate_00389b80,80,47
00389be8,FUN_00389be8,56,47
00389c48,Kaim_CActionShoot_00389c48,80,47
00389cb0,FUN_00389cb0,56,47
00389d40,Kaim_CActionSpeed_00389d40,80,47
00389da8,FUN_00389da8,56,47
00389e08,Kaim_CActionSteering_00389e08,80,47
00389e70,FUN_00389e70,56,47
00389ed0,Kaim_CEntityCanFly_00389ed0,80,47
00389f38,FUN_00389f38,56,47
00389f90,FUN_00389f90,120,47
0038a008,Kaimt_CMetaClass2ZQ24Kaim16CEntityAttributeZPFv_PQ24Kaim16CEntityAttribute_0038a008,64,47
0038a048,FUN_0038a048,48,47
0038a078,Kaim_CEntityEyePosition_0038a078,80,47
0038a0e0,FUN_0038a0e0,56,47
0038a170,Kaim_CEntityGunPosition_0038a170,80,47
0038a1d8,FUN_0038a1d8,56,47
0038a268,Kaim_CEntityHeadDirection_0038a268,80,47
0038a2d0,FUN_0038a2d0,56,47
0038a360,Kaim_CEntityHearingAcuteness_0038a360,80,47
0038a3c8,FUN_0038a3c8,56,47
0038a440,Kaim_CEntityHeight_0038a440,80,47
0038a4d0,FUN_0038a4d0,56,47
0038a528,Kaim_CEntityKneePosition_0038a528,80,47
0038a590,FUN_0038a590,56,47
0038a620,Kaim_CEntityLength_0038a620,80,47
0038a6b0,FUN_0038a6b0,56,47
0038a708,Kaim_CEntityMaxSpeed_0038a708,80,47
0038a790,FUN_0038a790,56,47
0038a7e8,Kaim_CEntityTeamSide_0038a7e8,80,47
0038a858,FUN_0038a858,56,47
0038a8b0,Kaim_CEntityTorsoOrientation_0038a8b0,80,47
0038a918,FUN_0038a918,56,47
0038a988,Kaim_CEntityVisualAcuteness_0038a988,80,47
0038aa20,FUN_0038aa20,56,47
0038aaa0,Kaim_CEntityWidth_0038aaa0,80,47
0038ab30,FUN_0038ab30,56,47
0038ab88,Kaim_CActionActivate_0038ab88,80,47
0038abf0,FUN_0038abf0,56,47
0038ac50,Kaim_CActionHeadRotate_0038ac50,80,47
0038acb8,FUN_0038acb8,56,47
0038ad30,Kaim_CActionTorsoRotate_0038ad30,80,47
0038ad98,FUN_0038ad98,56,47
0038ae10,Kaim_CActionVerticalSpeed_0038ae10,80,47
0038ae78,FUN_0038ae78,56,47
0038aee0,Kaim_CObject_0038aee0,120,47
0038af58,Kaim_CPathWayManager_0038af58,80,47
0038afb8,Kaim_CWorldService_0038afb8,80,47
0038b008,Kaimt_CMetaClass2ZQ24Kaim13CWorldServiceZPFv_PQ24Kaim13CWorldService_0038b008,64,47
0038b048,FUN_0038b048,48,47
0038b078,FUN_0038b078,28,47
0038b098,FUN_0038b098,84,47
0038b0f0,Kaim_CPointMapper_0038b0f0,80,47
0038b150,FUN_0038b150,160,47
0038b1f0,Kaim_CObject_0038b1f0,120,47
0038b268,Kaim_CScriptManager_0038b268,80,47
0038b2c8,FUN_0038b2c8,120,47
0038b340,FUN_0038b340,56,47
0038b378,FUN_0038b378,120,47
0038b3f8,Kaim_CScript_0038b3f8,80,47
0038b448,FUN_0038b448,28,47
0038b468,FUN_0038b468,84,47
0038b4c0,FUN_0038b4c0,120,47
0038b538,FUN_0038b538,84,47
0038b590,FUN_0038b590,48,47
0038b5c0,Kaim_CActionClass_0038b5c0,80,47
0038b610,FUN_0038b610,48,47
0038b640,Kaim_CActionAttributeClass_0038b640,80,47
0038b690,FUN_0038b690,28,47
0038b6b0,FUN_0038b6b0,400,47
0038b840,FUN_0038b840,400,47
0038b9d0,Kaimt_CMetaClass2ZQ24Kaim7CActionZPFv_PQ24Kaim7CAction_0038b9d0,64,47
0038ba10,FUN_0038ba10,28,47
0038ba30,FUN_0038ba30,84,47
0038ba88,Kaim_CAgent_0038ba88,80,47
0038bad8,FUN_0038bad8,80,47
0038bb30,FUN_0038bb30,48,47
0038bb60,Kaim_CAgentClass_0038bb60,80,47
0038bbb0,FUN_0038bbb0,400,47
0038bd40,FUN_0038bd40,28,47
0038bd60,FUN_0038bd60,84,47
0038bdb8,FUN_0038bdb8,28,47
0038bdd8,FUN_0038bdd8,84,47
0038be30,FUN_0038be30,28,47
0038be50,FUN_0038be50,84,47
0038bea8,FUN_0038bea8,76,47
0038bef8,Kaim_CEntityDefinition_0038bef8,80,47
0038bf48,FUN_0038bf48,76,47
0038bf98,Kaim_CTeamDefinition_0038bf98,80,47
0038bfe8,FUN_0038bfe8,56,47
0038c020,Kaim_CObject_0038c020,120,47
0038c098,FUN_0038c098,160,47
0038c138,FUN_0038c138,160,47
0038c1d8,FUN_0038c1d8,160,47
0038c278,FUN_0038c278,160,47
0038c318,FUN_0038c318,120,47
0038c390,FUN_0038c390,80,47
0038c3e0,FUN_0038c3e0,84,47
0038c438,FUN_0038c438,160,47
0038c4d8,FUN_0038c4d8,160,47
0038c578,FUN_0038c578,48,47
0038c5a8,Kaim_CBrainClass_0038c5a8,80,47
0038c5f8,FUN_0038c5f8,28,47
0038c618,FUN_0038c618,400,47
0038c7a8,Kaimt_CMetaClass2ZQ24Kaim6CBrainZPFPQ24Kaim7CEntityRQ24Kaim12CActionClass_PQ24Kaim6CBrain_0038c7a8,64,47
0038c7e8,FUN_0038c7e8,56,47
0038c820,FUN_0038c820,120,47
0038c898,FUN_0038c898,120,47
0038c928,Kaim_CObject_0038c928,120,47
0038c9a0,FUN_0038c9a0,56,47
0038c9d8,Kaim_CObject_0038c9d8,120,47
0038ca50,FUN_0038ca50,212,47
0038cb28,FUN_0038cb28,120,47
0038cba8,Kaim_CObject_0038cba8,120,47
0038cc20,FUN_0038cc20,84,47
0038cc78,FUN_0038cc78,56,47
0038ccb0,Kaim_CObject_0038ccb0,120,47
0038cd28,FUN_0038cd28,212,47
0038ce00,FUN_0038ce00,48,47
0038ce30,Kaim_CEntityClass_0038ce30,80,47
0038ce80,FUN_0038ce80,48,47
0038ceb0,Kaim_CEntityAttributeClass_0038ceb0,80,47
0038cf00,FUN_0038cf00,28,47
0038cf20,FUN_0038cf20,400,47
0038d0b0,FUN_0038d0b0,400,47
0038d240,Kaimt_CMetaClass2ZQ24Kaim7CEntityZPFPCcPv_PQ24Kaim7CEntity_0038d240,64,47
0038d280,Kaim_IPathFinder_0038d280,80,47
0038d2d0,FUN_0038d2d0,92,47
0038d338,FUN_0038d338,84,47
0038d390,Kaim_CBrainService_0038d390,80,47
0038d3e0,Kaimt_CMetaClass2ZQ24Kaim13CBrainServiceZPFPQ24Kaim6CBrain_PQ24Kaim13CBrainService_0038d3e0,64,47
0038d420,FUN_0038d420,48,47
0038d450,Kaim_IConstraintClass_0038d450,80,47
0038d4a0,FUN_0038d4a0,28,47
0038d4c0,FUN_0038d4c0,400,47
0038d650,Kaimt_CMetaClass2ZQ24Kaim11IConstraintZPFv_PQ24Kaim11IConstraint_0038d650,64,47
0038d690,FUN_0038d690,208,47
0038d760,FUN_0038d760,208,47
0038d830,FUN_0038d830,120,47
0038d8a8,FUN_0038d8a8,124,47
0038d928,FUN_0038d928,164,47
0038d9e0,Kaim_CObject_0038d9e0,120,47
0038da58,FUN_0038da58,164,47
0038db00,FUN_0038db00,56,47
0038db38,Kaim_CObject_0038db38,120,47
0038dbb0,FUN_0038dbb0,88,47
0038dc08,Kaim_CFreeListBlock_0038dc08,80,47
0038dc58,Kaim_CObject_0038dc58,120,47
0038dcd0,FUN_0038dcd0,56,47
0038dd08,Kaim_CObject_0038dd08,120,47
0038dd80,FUN_0038dd80,212,47
0038de58,FUN_0038de58,56,47
0038de90,Kaim_CObject_0038de90,120,47
0038df08,FUN_0038df08,56,47
0038df40,Kaim_CObject_0038df40,120,47
0038dfb8,FUN_0038dfb8,212,47
0038e090,FUN_0038e090,28,47
0038e0b0,FUN_0038e0b0,84,47
0038e108,FUN_0038e108,400,47
0038e298,FUN_0038e298,56,48
0038e2d0,FUN_0038e2d0,48,48
0038e300,Kaim_CPointContainerWrapperClass_0038e300,80,48
0038e350,Kaimt_CMetaClass2ZQ24Kaim10CPointInfoZPFv_PQ24Kaim10CPointInfo_0038e350,64,48
0038e390,FUN_0038e390,48,48
0038e3c0,Kaim_CPointInfoClass_0038e3c0,120,48
0038e438,FUN_0038e438,400,48
0038e5c8,FUN_0038e5c8,48,48
0038e5f8,Kaimt_CMetaClass2ZQ24Kaim22CPointContainerWrapperZPFv_PQ24Kaim22CPointContainerWrapper_0038e5f8,64,48
0038e638,FUN_0038e638,48,48
0038e668,FUN_0038e668,28,48
0038e688,FUN_0038e688,84,48
0038e6e0,Kaim_CBaseService_0038e6e0,80,48
0038e730,FUN_0038e730,56,48
0038e768,FUN_0038e768,80,48
0038e7c0,FUN_0038e7c0,76,48
0038e810,FUN_0038e810,48,48
0038e840,Kaim_CBrainServiceClass_0038e840,80,48
0038e890,FUN_0038e890,48,48
0038e8c0,Kaim_CWorldServiceClass_0038e8c0,80,48
0038e910,FUN_0038e910,400,48
0038eaa0,FUN_0038eaa0,400,48
0038ec30,Kaim_CObject_0038ec30,120,48
0038eca8,Kaim_CObject_0038eca8,120,48
0038ed20,FUN_0038ed20,120,48
0038ee08,FUN_0038ee08,120,48
0038ee80,FUN_0038ee80,160,48
0038ef20,FUN_0038ef20,120,48
0038efb0,FUN_0038efb0,80,48
0038f000,FUN_0038f000,400,48
0038f190,Kaimt_CMetaClass2ZQ24Kaim5CTeamZPFUiPCc_PQ24Kaim5CTeam_0038f190,64,48
0038f1d0,FUN_0038f1d0,48,48
0038f200,Kaim_CTeamClass_0038f200,120,48
0038f278,FUN_0038f278,48,48
0038f2a8,FUN_0038f2a8,8,48
0038f2b0,FUN_0038f2b0,60,48
0038f2f0,FUN_0038f2f0,60,48
0038f330,Kaim_CObject_0038f330,120,48
0038f3a8,FUN_0038f3a8,56,48
0038f3e0,Kaim_CObject_0038f3e0,120,48
0038f458,FUN_0038f458,56,48
0038f490,Kaim_CObject_0038f490,120,48
0038f508,FUN_0038f508,212,48
0038f5e0,FUN_0038f5e0,56,48
0038f618,FUN_0038f618,80,48
0038f668,FUN_0038f668,2252,48
0038ff70,Kaim_CFindNearestData_0038ff70,80,48
00390038,FUN_00390038,40,48
00390060,FUN_00390060,120,48
003900d8,Kaimt_CMetaClass2ZQ24Kaim10CGraphDataZPFPQ24Kaim13CSpatialGraph_PQ24Kaim10CGraphData_003900d8,64,48
00390118,FUN_00390118,48,48
00390148,FUN_00390148,28,48
00390168,FUN_00390168,84,48
003901c0,FUN_003901c0,56,48
003901f8,Kaim_CConstraintShortestPath_003901f8,80,48
00390270,FUN_00390270,56,48
003902a8,Kaim_CConstraintStealthPath_003902a8,80,48
00390318,FUN_00390318,56,48
00390350,Kaim_CConstraintConeVisionStealthPath_00390350,80,48
003903b8,FUN_003903b8,56,48
003903f0,Kaim_CConstraintPointToFleePath_003903f0,80,48
00390460,FUN_00390460,56,48
00390498,FUN_00390498,136,48
003905a8,FUN_003905a8,56,48
003905e0,Kaim_CHeuristicEuclidianDistance_003905e0,80,48
00390640,FUN_00390640,128,48
003906c0,FUN_003906c0,56,48
003906f8,Kaim_CZeroHeuristic_003906f8,80,48
00390768,FUN_00390768,56,48
003907a0,Kaim_CPathCostHeuristic_003907a0,80,48
00390818,FUN_00390818,400,48
003909a8,Kaim_CConstraint_003909a8,80,48
003909f8,Kaimt_CMetaClass2ZQ24Kaim10CHeuristicZPFv_PQ24Kaim10CHeuristic_003909f8,64,48
00390a38,FUN_00390a38,48,48
00390a68,Kaim_CHeuristicClass_00390a68,120,48
00390ae0,FUN_00390ae0,120,48
00390b58,Kaim_IConstraint_00390b58,80,48
00390ba8,FUN_00390ba8,28,48
00390bc8,FUN_00390bc8,84,48
00390c20,Kaim_CObject_00390c20,120,48
00390c98,Kaim_CGraphManager_00390c98,80,48
00390cf8,FUN_00390cf8,160,48
00390d98,FUN_00390d98,56,48
00390dd0,Kaim_CGraphWrapper_00390dd0,80,48
00390e48,FUN_00390e48,120,48
00390ec0,FUN_00390ec0,48,48
00390ef0,Kaim_CGraphDataClass_00390ef0,80,48
00390f40,FUN_00390f40,400,48
003910d0,Kaim_CPathCostData_003910d0,80,48
003911b0,FUN_003911b0,56,48
003911e8,Kaim_CPathObject_CLinkedEdge_003911e8,80,48
00391238,Kaim_CPathObject_00391238,80,48
00391288,FUN_00391288,48,48
00391380,FUN_00391380,44,48
003913b0,FUN_003913b0,56,48
003913e8,FUN_003913e8,120,48
00391460,Kaim_CPathObjectManager_00391460,80,48
003914c0,FUN_003914c0,120,48
00391548,FUN_00391548,120,48
003915c0,FUN_003915c0,8,48
003915c8,FUN_003915c8,8,48
00391620,FUN_00391620,8,48
00391710,FUN_00391710,16,48
00391720,FUN_00391720,16,48
00391730,FUN_00391730,56,48
00391768,SaveFastBinaryGraphTraversal_00391768,80,48
003917b8,FUN_003917b8,1076,48
00391bf8,FUN_00391bf8,400,48
00391d88,Kaim_CGraphTraversal_00391d88,80,48
00391dd8,FUN_00391dd8,56,48
00391e20,FUN_00391e20,56,48
00391e58,FUN_00391e58,164,48
00391f00,FUN_00391f00,668,48
003921a0,FUN_003921a0,20,48
003921b8,FUN_003921b8,56,48
003921f0,FUN_003921f0,164,48
00392298,FUN_00392298,692,48
00392550,FUN_00392550,20,48
00392568,FUN_00392568,56,48
003925a0,FUN_003925a0,164,48
00392648,FUN_00392648,1032,48
00392a50,FUN_00392a50,24,48
00392a68,FUN_00392a68,56,48
00392aa0,FUN_00392aa0,164,48
00392b48,FUN_00392b48,496,48
00392d38,FUN_00392d38,20,48
00392d50,Kaim_CAccessWaysData_00392d50,80,48
00392dc0,FUN_00392dc0,56,48
00392df8,ComputeAccessWaysTraversal_00392df8,80,48
00392e48,FUN_00392e48,8,48
00392e50,FUN_00392e50,836,48
00393200,FUN_00393200,136,48
00393288,FUN_00393288,148,48
00393320,FUN_00393320,120,48
00393398,FUN_00393398,84,48
003933f0,FUN_003933f0,128,48
00393548,Kaim_CAstarData_00393548,80,48
003935b8,FUN_003935b8,28,48
003935d8,FUN_003935d8,84,48
00393630,FUN_00393630,28,48
00393650,FUN_00393650,84,48
003936a8,FUN_003936a8,28,48
003936c8,FUN_003936c8,84,48
00393720,FUN_00393720,28,48
00393740,FUN_00393740,84,48
00393798,FUN_00393798,28,48
003937b8,FUN_003937b8,84,48
00393810,FUN_00393810,24,48
00393828,FUN_00393828,56,48
00393860,Kaim_CObject_00393860,120,48
003938d8,Kaim_CPathFinder_003938d8,80,48
00393950,FUN_00393950,36,48
00393978,FUN_00393978,160,48
00393a18,FUN_00393a18,164,48
00393ac0,FUN_00393ac0,164,48
00393b68,FUN_00393b68,164,48
00393c10,FUN_00393c10,164,48
00393cb8,Kaimt_CStringMap2ZPFRQ24Kaim11CPathFinder_UcUi16_00393cb8,80,48
00393d08,Kaimt_CStringMap2ZPFRQ24Kaim11CPathFinderRQ24Kaim7CVectorUcUc_PQ24Kaim7CVertexUi16_00393d08,80,48
00393d58,Kaimt_CStringMap2ZPFRQ24Kaim11CPathFinderRQ24Kaim7CVector_UcUi16_00393d58,80,48
00393da8,Kaimt_CStringMap2ZPFRQ24Kaim11CPathFinderRQ24Kaim4MoveRCQ24Kaim7CVector_UcUi16_00393da8,80,48
00393df8,FUN_00393df8,56,48
00393e30,FUN_00393e30,56,48
00393e68,FUN_00393e68,56,48
00393ea0,FUN_00393ea0,56,48
00393ed8,Kaim_CRepulsorDynamicAvoidance_00393ed8,80,48
00393f38,Kaimt_CMetaClass2ZQ24Kaim17IDynamicAvoidanceZPFPQ24Kaim11CPathFinder_PQ24Kaim17IDynamicAvoidance_00393f38,64,48
00393f78,Kaim_IDynamicAvoidance_00393f78,80,48
00393fc8,FUN_00393fc8,48,48
00393ff8,FUN_00393ff8,120,48
00394070,FUN_00394070,56,48
003940a8,FUN_003940a8,56,48
003940e0,FUN_003940e0,120,48
00394158,Kaim_CObject_00394158,120,48
003941d0,Kaim_CGapDynamicAvoidance_003941d0,80,48
00394230,FUN_00394230,56,48
003942b8,Kaim_CObject_003942b8,120,48
00394330,FUN_00394330,60,48
00394370,Kaim_CObject_00394370,120,48
003943e8,FUN_003943e8,212,48
003944c0,FUN_003944c0,56,48
003944f8,Kaim_CObject_003944f8,120,48
00394570,FUN_00394570,56,48
003945a8,Kaim_CObject_003945a8,120,48
00394620,Kaim_CObject_00394620,120,48
00394698,FUN_00394698,120,48
00394710,FUN_00394710,60,48
00394750,Kaim_CObject_00394750,120,48
003947c8,FUN_003947c8,212,48
003948a0,FUN_003948a0,124,48
00394920,FUN_00394920,48,48
00394950,Kaim_CDynamicAvoidanceClass_00394950,80,48
003949a0,FUN_003949a0,400,48
00394b30,Kaim_CSound_00394b30,80,48
00394b80,FUN_00394b80,60,48
00394bc0,Kaim_CSoundManager_00394bc0,80,48
00394c20,FUN_00394c20,64,48
00394c68,FUN_00394c68,120,48
00394ce0,FUN_00394ce0,56,48
00394d18,Kaim_CEntityManager_00394d18,80,48
00394e20,FUN_00394e20,56,49
00394e58,FUN_00394e58,56,49
00394e90,FUN_00394e90,76,49
00394ee0,FUN_00394ee0,320,49
00395078,FUN_00395078,124,49
003950f8,FUN_003950f8,56,49
00395130,FUN_00395130,164,49
003951d8,FUN_003951d8,320,49
00395370,FUN_00395370,124,49
003953f0,FUN_003953f0,56,49
00395428,FUN_00395428,164,49
003954d0,FUN_003954d0,320,49
00395668,FUN_00395668,124,49
003956e8,FUN_003956e8,56,49
00395720,FUN_00395720,164,49
003957c8,FUN_003957c8,200,49
00395890,FUN_00395890,200,49
00395958,FUN_00395958,68,49
003959a0,FUN_003959a0,68,49
003959e8,FUN_003959e8,560,49
00395c18,FUN_00395c18,48,49
00395c48,FUN_00395c48,200,49
00395d10,FUN_00395d10,200,49
00395dd8,FUN_00395dd8,68,49
00395e20,FUN_00395e20,68,49
00395e68,FUN_00395e68,560,49
00396098,FUN_00396098,48,49
003960c8,FUN_003960c8,200,49
00396190,FUN_00396190,200,49
00396258,FUN_00396258,68,49
003962a0,FUN_003962a0,68,49
003962e8,FUN_003962e8,560,49
00396518,FUN_00396518,48,49
00396548,FUN_00396548,780,49
00396858,FUN_00396858,780,49
00396b68,FUN_00396b68,780,49
00396e78,Kaim_CXmlDataReader_00396e78,80,49
00396ec8,FUN_00396ec8,120,49
