string_addr	string	functions
003bdca0	Mission Failed	00204af8
003bdcd0	 - Mission Complete	00207b80
003c1560	PsIIlibdbc  3020	
003c15b0	PsIIlibpad2 3020	
003c1640	PsIIlibcdvd 3000	
003d1e18	null animViewInfo	00345e60
003d6cb0	0123456789abcdefghijklmnopqrstuvwxyz	00360cf8
003f2280	%s(%d): Assert: %s
	
003f2298	%s(%d): Message: %s
	
003f22b0	bad_alloc	
003f22c0	GAMESOURCE	
003f22d0	SHAREDCLASSES	
003f22e0	GAMESHARED/GAMECLASSES	
003f22f8	GAMESHARED4/GAMECLASSES	
003f2310	<GameSource>	
003f2320	<SharedClasses>	
003f2338	<GS4>	
003f2348	colourbars	00100628
003f2388	Coefficient %d: %d	00100628
003f23a0	Tint channel %d: %u	00100628
003f23b8	Kills: %d	00100628
003f23c8	Black Kills: %d	00100628
003f23d8	Percentage Black Mode: %.0f	00100628
003f23f8	Current	00101700
003f2400	Average	00101700
003f2408	Min/Max	00101700
003f2410	Calls	00101700
003f2418	Update cost	
003f2428	Render cost	
003f2438	GPU Render cost	00101a98
003f2450	Resource	00101fb0
003f2460	Unknown	00101fb0
003f2468	ITC Machine Std	001fae18 0010a268 001fe380 00201108
003f2478	Eurostile LT Std	001fae18 001fe068 0010a268 001fe380 00215be8 00201010 00201108 0020d1c8 00201548 00200f08
003f2490	10.21.92.101	00102930
003f24a0	Data/Andy.aku	00102930
003f2520	Loading_screen	001034b0 001035d0
003f2530	BootSequence	0010c398
003f2540	blacktitlemenu	001050a8 001046b0
003f2550	ResultsScreen	00104210
003f2560	challengeresultsscreenFailed	
003f2580	challengeresultsscreenComplete	
003f25a0	ProgScanSelect	00104210
003f25b0	_NONE_	00109640
003f25c8	Attr_%s	
003f2668	SMG_%s	00103df0
003f2680	MissionModeSelect	
003f2698	FMVPlayer	00103990 00103a28 00103f50 001046b0
003f26a8	BlackIntroSequence	00103c28
003f26c0	FECurrentFmv	00104e10 00104210
003f26d0	FELoopFmv	00104e10 00104210
003f26e0	StartGame	00104e10 00104210
003f26f0	StartMainMenu	00104e10 00104210
003f2700	SkipIntroCredits	00104e10 00104210
003f2718	StartMainMenuSkip	00104e10 00104210
003f2730	StartVideo	00104e10 00104210
003f2740	StartVideoPage	00104e10 00104210
003f2750	StartNewMission	00104e10 00104210
003f2760	ResultsEasy	00104210
003f2850	FmvHasFinished	001046b0
003f28d0	blacktitlemenu2	001050a8
003f2aa0	Language/Fonts/Big.bin	00105858
003f2ab8	Language/Fonts/Small.bin	00105858
003f2ad8	GlobData.bin	00105858
003f2ae8	languageselect	00105858
003f2b30	textboxes	00106080
003f2ec0	FE_CONTROLLERDISCONNECTED	00107020
003f2ee0	1234567890123456789012345678901234567890123456789012345678901234	00107020
003f2f28	Language/Strings/Main%s.bin	00108890
003f2f48	FE_DIFFEASY	00108ce0
003f2f58	FE_DIFFNORMAL	00108ce0
003f2f68	FE_DIFFHARD	00108ce0
003f2f78	FE_BLACKOPS	00108ce0
003f2f90	Logos	00109640
003f2f98	DemoAttr	00109640
003f2fa8	Intro	00109640
003f2fb0	7thWave	00109640
003f2fb8	Target	00109640
003f2fc0	American	00109640
003f2fd0	Assets	00109640
003f2fd8	Solomon	00109640
003f2fe0	Valencio	00109640
003f2ff8	Level	00109640
003f3000	Division	00109640
003f3030	CredRoll	00109640
003f3040	videos/%s.m2v	001094c0
003f3050	sound\streams\%s.ssh	00109760
003f30f8	CREDITS_%02d	0010a268
003f3108	data/view.ico	0010baf8
003f3118	view.ico	0010a870
003f3128	icon.sys	0010a870
003f3138	BLACK	0010a870
003f3140	BASLUS-21376	0010a870
003f3158	%s/%s	0010a870
003f3160	FE_MCOption_ProfileEmpty	0010ac48
003f3180	FE_MCOption_ProfileCorrupt	0010ac48
003f31a0	FE_MCOption_Yes	0010ac48
003f31b0	FE_MCOption_No	0010ac48
003f31c0	FE_MCOption_Continue	0010ac48
003f31d8	FE_MCOption_Retry	0010ac48
003f31f0	FE_MCTitle_LoadProfile	0010ac48
003f3208	FE_MCTitle_SaveProfile	0010ac48
003f3220	FE_MCLoad_AskConfirm	0010ac48
003f3238	FE_MCSave_AskOverwrite	0010ac48
003f3250	FE_MCSave_AskSave	0010ac48
003f3268	FE_MCContinueNoSaveConfirm	0010ac48
003f3288	FE_MCSave_AskSaveProfileName	0010ac48
003f32a8	FE_MCLoad_Failed_CorruptData	0010ac48
003f32c8	FE_MCAutosaveWillBeDisabled	0010ac48
003f32e8	FE_MCAskEnableAutosave	0010ac48
003f3300	FE_MCAskDisableAutosave	0010ac48
003f3318	FE_MCNewProfile_Confirm	0010ac48
003f3330	FE_MCNewProfile_EnableAutosave	0010ac48
003f3350	FE_MCNewProfile_EnableAutosaveConfirm	0010ac48
003f3378	FE_MCCheckingCard	0010ac48
003f3390	FE_MCBoot_NoCard	0010ac48
003f33a8	FE_MCBoot_NoSpace	0010ac48
003f33c0	FE_MCFormat_Formatting	0010ac48
003f33d8	FE_MCFormat_Success	0010ac48
003f33f0	FE_MCFormat_Failed	0010ac48
003f3408	FE_MCFormat_Failed_CardRemoved	0010ac48
003f3428	FE_MCFormat_AskConfirm	0010ac48
003f3440	FE_MCLoad_Loading	0010ac48
003f3458	FE_MCLoad_NoCard	0010ac48
003f3470	FE_MCLoad_NoFile	0010ac48
003f3488	FE_MCLoad_Success	0010ac48
003f34a0	FE_MCLoad_Failed	0010ac48
003f34b8	FE_MCLoad_Failed_CardRemoved	0010ac48
003f34d8	FE_MCSave_Saving	0010ac48
003f34f0	FE_MCSave_NoCard	0010ac48
003f3508	FE_MCSave_NoSpace	0010ac48
003f3520	FE_MCSave_NotFormatted	0010ac48
003f3538	FE_MCSave_Success	0010ac48
003f3550	FE_MCSave_Failed	0010ac48
003f3568	FE_MCSave_Failed_CardRemoved	0010ac48
003f3588	FE_MCAutosave_Saving	0010ac48
003f35a0	FE_MCAutosave_Failed	0010ac48
003f35b8	FE_MCAutosave_Failed_CardRemoved	0010ac48
003f35e0	FE_MCAutosave_Failed_WrongCard	0010ac48
003f3628	Chris	
003f3638	Sarah	
003f3640	Philip	
003f3648	Anders	
003f3650	Samuel	
003f3658	Filip	
003f3660	Barry	
003f3688	Card status: %d	0010bc10
003f3698	Card error: %d	0010bc10
003f36a8	BootupLoadedProfile: %d	0010bc10
003f36c0	AutoSaveIndex: %d	0010bc10
003f36d8	IsWaitingOnInput: %d	0010bc10
003f36f0	IsFinished: %d	0010bc10
003f3700	mePrepareState: %d	0010bc10
003f3718	meMemCardState: %d	0010bc10
003f3730	meBootupSubstate: %d	0010bc10
003f3748	meSaveSubstate: %d	0010bc10
003f3760	meLoadSubstate: %d	0010bc10
003f3778	meAutosaveSubstate: %d	0010bc10
003f3790	meDebugSubstate: %d	0010bc10
003f37a8	Title:   "%s"	0010bc10
003f37b8	Message: "%s"	0010bc10
003f37c8	Option%i: "%s"	0010bc10
003f37d8	Options: %d, Def.: %d, Sel.: %d	0010bc10
003f37f8	Slot%d: "%s"	0010bc10
003f3808	xxxxxxx
	0010bc10
003f3818	Curr.: "%s"	0010bc10
003f3858	**HARDCODED** This game uses autosave, do not remove card beyond this point.. blah blah blah
	0010c398
003f3b88	Unlocks	
003f3c10	.keyframes	
003f3c20	<camerapath keyframes="%d" effects="%d">
	
003f3c50	 <keyframe fov="%f" time="%f" effects="%d">
	
003f3c80	  <position x="%f" y="%f" z="%f"/>
	
003f3ca8	  <orientation a="%f" b="%f" c="%f" d="%f"/>
	
003f3cd8	 </keyframe>
	
003f3ce8	 <effect type="%d" magnitude="%f"  time1="%f" time2="%f" time3="%f" time4="%f" >
	
003f3d40	 </effect>
	
003f3d50	</camerapath>
	
003f3e90	MissionFailed	00121688
003f3ea8	Normal	
003f3eb8	Black	
003f3ed0	_PMO_	00123248
003f3ed8	KELLAR J.	00123e70
003f3f58	\IOP\SIO2MAN.IRX;1	
003f3f70	\IOP\DBCMAN.IRX;1	
003f3f88	\IOP\SIO2D.IRX;1	
003f3fa0	\IOP\DS2O.IRX;1	
003f3fb0	\IOP\LIBSD.IRX;1	
003f3fc8	\IOP\RWA.IRX;1	
003f3fd8	\IOP\GTFSCDVD.IRX;1	
003f3ff0	\IOP\DSPROUTE.IRX;1	
003f4008	\IOP\MC2_D.IRX;1	
003f4020	cdrom0:\IOP\IOPRP300.IMG;1	001250d0
003f4048	cdrom0:	00125178
003f40e8	0123456789ABCDEFGHKJLMNOPQRSTUVXYZ	
003f42d0	bad_alloc	
003f4320	Trigger Threshold	00128480
003f4338	Tinnitus	00128480
003f4348	Levels\Level_%02u\LevelDat.bin	00128480
003f4368	Levels\Level_%02u\fpguns\	00128480
003f4388	Levels\Level_%02u\Stg_%04u\StLevel.bin	00128480
003f43b8	Levels\Level_%02u\Stg_%04u\Guns%s.bin	00128480
003f44e0	FE_LOADING	001297e0
003f4508	Levels\Level_%02u\Unit_%02d.bin	0012d5a8
003f4528	Levels\Level_%02u\Stg_%04d\StUnit%02d.bin	0012d5a8
003f4640	Glass_Ref2	00383978
003f4650	Glass_Ref	00383978
003f4668	Normal	
003f4678	Black	
003f4680	Secondary	0012f908
003f4690	Destruction	0012f908
003f46a0	Blackmail	0012f908
003f46b0	Intel	0012f908
003f46b8	Recon	0012f908
003f46c0	Armament	0012f908
003f46d0	Bodycount	0012f908
003f46e0	Message to level designer: 
%s objective target is unreachable.
Target is %d but there are only %d 
%s objectives at difficulty level %s	0012fc10
003f4770	WARNING! NO MORTAR FIRE SOUND BUT MORTAR FIRING!	001300f0
003f47a8	WARNING! NO MORTAR IN SOUND BUT MORTAR FIRING!	00130218
003f47d8	WARNING! FIRING TANK SHELL WITH NO TANK SHELL SOUND!
	
003f4838	SK_DF_S_490	00136548
003f4848	AI gun model not found: %s

Please ask a designer to add it to the 

weaponList.txt file for this level	00136848
003f48b8	MIDSPINE	
003f48c8	LOWERSPINE	
003f48d8	SHOULDER_LT	
003f48e8	ELBOW_LT	
003f48f8	SHOULDER_RT	
003f4908	ELBOW_RT	
003f4918	UPPERLEG_LT	
003f4928	KNEE_LT	
003f4930	UPPERLEG_RT	
003f4940	KNEE_RT	
003f49c8	ReloadHealth	0013c9d8
003f49d8	HealthPacks	0013c9d8 0013cd20
003f4a08	Max Hold Modifier Increment	0013f3e0
003f4a28	Controls_PS2	0013f3e0
003f4a38	../Export/ValueDB/Controls/Controls_PS2.cfg	0013f3e0
003f4a68	Max Hold Modifier	0013f3e0
003f4a80	Analogue Control Power	0013f3e0
003f4a98	Percentage Catch Up	0013f3e0
003f4ab0	sniper_SetMaxZoom	0013f618
003f4ac8	sniper_SetMinZoom	0013f618
003f4b00	chars/guns/	00143688 00144038
003f4b86	#=New State	
003f4c40	FEZoomLevel	00156278 00156450
003f4c50	sniperhud	00156fd0
003f4fa8	_PMO_	00160950 00160bd0
003f4fb0	LX_DESTRUCTION	00160bd0
003f5028	SH_AR_S_016	00163f30
003f5058	gradient	0016ae08
003f5068	clouds	0016ae08
003f5070	envmapclouds	
003f5340	bad_alloc	
003f5350	MoveGraph	0016ef00
003f5360	DenseGraph	
003f5370	RawData	0016ef00
003f5378	CPathFinder::FindNextMove::ASTAR	0016ef00
003f53a0	CPathFinder::FindNextMove::NewSubGoal	0016ef00
003f53c8	CPathFinder::FindNextMove::Goto	0016ef00
003f53e8	CPathFinder::FindNextMove::CheckAccident	0016ef00
003f5418	AstarLoop	0016ef00
003f5428	TraceLine	0016fb68 0016ef00
003f5438	CheckVisible	0016fd78 0016ef00
003f5448	CheckCylinder	0016ff20 0016ef00
003f54a0	Message to Level Designer
Physics object %s tagged for Pathfinding collision has been removed without reexporting the world view
Reexport the world view and save it to get rid of that message	00175980
003f5768	Message to Level Designer :
Never give a teammate a firesector with multiple volumes!
Only the first will be used
	00190020
003f5877	@Message to Level Designer:
Patrol Point(%s) with a zero delay connected to Idle Point(%s)
Remove Idle Point from Patrol Point targets or set a valid delay	
003f6170	CBkRwAIActionCharacter	001a4930
003f6188	CBkRwAIBrainCharacter	001a4930
003f61a0	CBkRwAIEntityCharacter	001a4930
003f61b8	CBkRwAIBlockPathObject	001a4930
003f61d0	CBkRwAIEntity	001a4930
003f61e0	CBkRwAICustomHeuristic	001a4930
003f61f8	CBkRwAICustomConstraint	001a4930
003f6210	CBkRwAICustomPathfinder	001a4930
003f67b0	bad_alloc	
003f67d0	FP_RPG	001a5738
003f6850	S_501	001a9538 001ad610
003f6858	S_503	
003f6860	S_502	001ad610
003f6868	S_505	
003f6870	S_504	
003f6878	S_511	001a9538
003f6880	S_540	
003f6888	S_541	
003f6890	S_543	
003f6898	S_542	
003f68a0	S_545	
003f68a8	S_544	
003f68b0	S_570	
003f68b8	S_571	001a8f78
003f68c0	S_573	
003f68c8	S_572	
003f68d0	S_565	
003f68d8	S_564	
003f68e0	S_560	001a8f78
003f68e8	S_561	001a8f78
003f68f0	S_563	
003f68f8	S_562	
003f6900	S_591	001a9538
003f6908	S_593	
003f6910	S_592	
003f6918	S_595	
003f6920	S_594	
003f6930	S_701	001a9ed0
003f6958	C_701	001a9ed0
003f6980	S_731	001a9ed0
003f69a0	C_730	
003f69a8	C_731	001a9ed0
003f69b0	C_732	
003f69b8	C_733	
003f69c0	C_734	
003f69f0	S_005	001a83a0
003f69f8	C_001	001a83a0
003f6a00	S_001	001ad510 001a83a0
003f6a08	M_001	001a83a0
003f6a10	S_003	001a83a0
003f6a18	S_025	001a83a0
003f6a20	U_001	001a8618
003f6a28	C_080	001a86e0
003f6a30	C_081	001a86e0
003f6a38	S_372	001a86e0
003f6a40	S_MOV	001a8a20 001a86e0
003f6a48	S_382	001a86e0
003f6a50	S_MVI	001a86e0
003f6a58	S_093	001a8a20
003f6a60	S_094	001a8a20
003f6a68	S_095	001a8a20
003f6a70	S_092	001a8a20
003f6a78	S_721	001a8d50
003f6a80	S_720	001a8d50
003f6a88	S_100	001ad450 001a8e30
003f6a90	U_SHO	001a8e30
003f6a98	U_101	001a8f10
003f6aa0	SK_DF_S_490	001a8f78
003f6ab0	S_351	001a8f78
003f6ab8	S_350	001a8f78
003f6ac0	S_356	001a8f78
003f6ac8	S_322	001a8f78
003f6ad0	S_377	001a8f78
003f6ad8	S_471	001a8f78
003f6ae0	S_476	001a8f78
003f6ae8	S_330	001a8f78
003f6af0	S_345	001a8f78
003f6af8	S_346	001a8f78
003f6b00	C_560	001a8f78
003f6b08	C_540	001a8f78
003f6b60	S_490	001a9538
003f6b68	C_520	001a9538
003f6b70	S_469	001a9538
003f6b78	S_115	001a9538
003f6b80	S_520	001a9538
003f6b88	S_530	001a9538
003f6b90	C_591	001a9538
003f6b98	C_160	001a9908
003f6ba0	C_161	001a9908
003f6ba8	S_155	001a9908
003f6bb0	S_157	001a9908
003f6bb8	S_161	001a9908
003f6bc0	S_156	001a9908
003f6bc8	S_158	001a9908
003f6bd0	S_160	001a9908
003f6bd8	S_150	001a9908
003f6be0	S_151	001a9908
003f6be8	S_163	001a9908
003f6bf0	S_162	001a9908
003f6c90	SH_AR_S_330	
003f6cd8	SH_AR_S_355	
003f6d38	SH_AR_S_354	
003f6d58	SH_AR_S_383	
003f6de8	S_102	001aa8a8 001aa7e8 001ad6e8
003f6df0	S_103	001aa848 001ad7e8
003f6df8	S_104	001aa908 001ad918
003f6e00	S_105	001aa968
003f6e30	S_111	001aad90 001adb28
003f6e38	S_750	001aadf0
003f6e40	U_745	001aae50
003f6e48	S_650	001aaeb0
003f6e50	%s / %s	001ab468
003f6e58	  CBkActor::Update	001ab500
003f6e70	  Blackadder DecodeFrame	001ab500
003f6ed0	J_B_Hand_Loc	001aa768 001acfc0
003f6ee0	J_B_Breath_Loc	001aa768 001acfc0
003f6ef0	J_B_Grenade_Loc	
003f6f00	J_B_Bottle_Loc	
003f6f10	J_B_Shield_Loc	
003f6f20	Flash_Loc	
003f6f30	Bullet_Loc	
003f6f40	Grenade_Loc	
003f6f50	unknown	001aba98
003f6f60	false	001aba98
003f6f68	frame number	001aba98
003f6f78	player_move_rate	001aba98
003f6f90	player_direction	001aba98
003f6fa8	crouching	001aba98
003f6fb8	aim_pitch	001aba98
003f6fc8	aim_bearing	001aba98
003f6fd8	torso_pitch	001aba98
003f6fe8	run_rate_multiplier	001aba98
003f7000	cowering	001aba98
003f7010	shot_on_air	001aba98
003f7020	chars\trans_ch.bin	001abc28
003f7038	chars\trans_fp.bin	001abc28
003f7050	SH_AR_I_082	001ac0e0
003f70a8	S_131	001ad378
003f70b0	S_172	001ad378
003f70b8	S_050	001ad378
003f70c0	S_110	001ad450
003f70c8	S_170	001ad450
003f70d0	S_114	001ad450
003f70d8	S_130	001ad450
003f70e0	S_176	001ad450
003f70e8	S_191	001ad510
003f70f0	S_190	001ad510
003f70f8	S_171	001ad510
003f7100	S_180	001ad610
003f7108	S_181	001ad610
003f7110	S_182	001ad610
003f7118	S_101	001ad610
003f7120	S_177	001ad880 001ad6e8
003f7128	S_125	001ad880 001ad6e8
003f7130	S_173	001ad6e8
003f7138	S_174	001ad7e8
003f7140	S_178	001ad918
003f7168	S_112	001adaa0
003f7170	S_113	001adaa0
003f7180	S_175	001adb28
003f7190	bad_alloc	
003f7208	caust0%d	001b0e00
003f7218	caust%d	001b0e00
003f7228	TR_G_ASR	001bd638
003f7238	TR_M_ASR	001bd638
003f7248	LSR_SGHT	001bd638
003f72a0	GunReflectMap	001c4fb0
003f72e0	bulletholes	001d3040
003f7510	bad_alloc	
003f7570	Level.awd	001e3758 001d65f8 001e0028
003f7580	PlyrWpn%d	001d6488
003f7590	Grd%d	001d6488
003f7598	PlayerWeapon	001d6e78 001d65f8
003f75a8	Levels\Level_%02u\%s	001e3758 001d65f8 001e0028
003f75c0	Sound\PCM\GrdPin.dav	001d65f8
003f75d8	chars\guns\GrdPin.wdo	001d65f8
003f75f0	Sound\PCM\GrdLnchr.dav	001d65f8
003f7608	chars\guns\GrdLnchr.wdo	001d65f8
003f7678	*click*	001d7500
003f76b8	Sound\Streams\	001d7ee0
003f76c8	chars\guns\	001d7ee0
003f76e0	AMBIENCE	001d7ee0
003f76f0	levels\level_%02i\%s%s	001d7ee0
003f7708	DESTRUCT	001d7ee0
003f7718	LVLSPCH	001d7ee0
003f7720	levels\level_%02i\spch_%s%s	001d7ee0
003f7740	MUSIC	001d7ee0
003f7748	levels\level_%02i\Music%s	001d7ee0
003f7768	GLBLSPCH	001d7ee0
003f7778	levels\global\speech%s	001d7ee0
003f7790	Levels\Level_%02u\fpguns\%s%s	001d7ee0
003f77b0	GRDPIN	001d7ee0
003f77b8	%s%s%s	001d7ee0
003f77c0	GRDLNCHR	001d7ee0
003f79e0	../Export/ValueDB/Sound/ps2/BaseMix.cfg	001e3758 001ead48 001d6e78 001d65f8 001dc038
003f7a08	Ambience.ssh	001db5f0
003f7a18	Emitter.awd	001db5f0
003f7aa8	levels\level_%02i\%s	001db5f0 001ead48
003f7ac0	Levels\Level_%02u\Stg_%04u\%s	001db5f0
003f7b58	WorldAmbience	001ead48 001dc038
003f7c18	../Export/ValueDB/Sound/ps2/Collision.cfg	001dd838
003f7c48	Light Object Max Impulse	001dd838
003f7c68	Collision	001dfd08 001dd838
003f7c78	Medium Object Max Impulse	001dd838
003f7c98	Heavy Object Max Impulse	001dd838
003f7cb8	World Object Max Impulse	001dd838
003f7cd8	Object Impulse Threshold	001dd838
003f7cf8	Footstep Impulse	001dd838
003f7d50	Collide.awd	001e0028
003f7d60	Light Object Max Weight	001dfd08
003f7d78	../Export/ValueDB/Sound/Collision.cfg	001dfd08
003f7da0	Medium Object Max Weight	001dfd08
003f7dc0	Heavy Object Max Weight	001dfd08
003f7dd8	World Object Max Weight	001dfd08
003f7e18	Deemphasis Attenuation	001e18b0
003f7e30	AIWeapon	001e2020 001e18b0
003f7e78	../Export/ValueDB/Sound/ps2/AIWeapon.cfg	001e2d38 001e2020 001e18b0
003f7ed8	Carrie	
003f7ee8	BulletBy	001e3758 001e2020
003f7ef8	MaxWeaponsSoundedPerFrame	001e2020
003f7f18	EnemyWeapon	001e2020
003f7f28	MaxEnemiesSoundedPerFrame	001e2020
003f7f48	Emphasis Decay Frames	001e2020
003f7f60	Distance Weighting	001e2020
003f7f78	Line of Sight Weighting	001e2020
003f7f90	Distance Precedence Threshold	001e2020
003f7fb0	Duplicated Register Attenuation	001e2020
003f7fd0	Unimportant Primary Firing Attenuation	001e2020
003f7ff8	Attenuate Duplicated Registers	001e2020
003f8018	EmoteGain	001e2020
003f8028	Hacks	001e2020
003f8030	EmoteMinDistance	001e2020
003f8048	EmoteMaxDistance	001e2020
003f8060	TyreHitGain	001e2020
003f8070	TyreHitMinDistance	001e2020
003f8088	TyreHitMaxDistance	001e2020
003f80a0	Levels\Level_%02u\Stg_%04u\AIWpns.awd	001e2020
003f8108	Enemy%d_%s	001e2d38
003f8118	Team%d_%s	001e2d38
003f81b8	BulletBy Pitch Variance	001e3758
003f81d0	BulletBy Gain Variance	001e3758
003f81e8	Outer Dist	001e3758
003f81f8	Ducker Dist	001e3758
003f8208	Stereo Spread	001e3758
003f8278	%s.slb	001e4f60
003f8280	%s.ssh	001e4f60
003f82a8	levels/global/speech	001e5420
003f82e8	levels\level_%02i\speech	001e5420
003f8308	levels\level_%02i\spch_%s	001e5420
003f83e8	Sound/Banks/Anim.awd	001e7810
003f8400	Sound\PAudio.awd	001e8b60
003f8540	Sound\Streams\FEMusic.ssh	001e9688
003f8560	Sound\FEAudio.awd	001e9b58 001e9688
003f8618	VGGeneral	001e9ee8
003f8628	VGPlayerWeapon	001e9ee8
003f8638	VGPlayerCollision	
003f8650	VGEnemyWeapons1	
003f8660	VGEnemyWeapons2	
003f8670	VGEnemyWeapons3	
003f8680	VGTeamMateWeapons	
003f8698	VGAtmosphere	
003f86a8	VGExplosions	
003f86b8	VGSpeech	
003f86c8	VGSpeechEnemy	
003f86d8	VGCollateralKills	
003f86f0	VGPlayerFoley	
003f8700	VGEnemyFoley	
003f8710	VGEnemyCollision	
003f8728	VGBulletBys	
003f8738	VGHud	
003f8740	VGMusic	
003f8748	Normal_%.2i	001e9e08
003f8758	../Export/ValueDB/Sound/ps2/DMMODE%s.CFG	001e9ee8
003f8788	FrequencyScalar	001e9ee8
003f8798	VolumeScalar	001e9ee8
003f87a8	AttackTime	001e9ee8
003f87b8	MixDominant	001e9ee8
003f87c8	../Export/ValueDB/Sound/ps2/Streams.cfg	001ead48
003f87f0	Destruct.ssh	001ead48
003f8808	Destruction	001ead48 001edde0
003f8818	DistantThreshold	001ead48
003f8830	Explosion Duck Duration	001ead48
003f8848	Destruction Duck Duration	001ead48
003f8868	Duck Time per Blow Out	001ead48
003f8880	Max Blow Out Duck Time	001ead48
003f8898	Min Time betwixt Blow Outs	001ead48
003f88b8	Max Time betwixt Blow Outs	001ead48
003f88d8	Fire gain	001ead48
003f88e8	Fire minimum distance	001ead48
003f8900	Fire maximum distance	001ead48
003f8a40	../Export/ValueDB/Sound/ps2/DSP.cfg	001ee8d8 001ee158 001ed9c8 00128480
003f8a68	Tinnitus	001ee158
003f8a78	LowHealth	001ee5e0
003f8a87	~Start Frequency	
003f8a98	End Frequency	001ed9c8
003f8aa8	StartingQ	001ed9c8
003f8ab8	FinalQ	001ed9c8
003f8ac0	Attack Time	001ed9c8
003f8ad0	Hold Time	001ed9c8
003f8ae0	Release Time	001ed9c8
003f8af0	Whistle Gain	001ee158
003f8b00	UpperThreshold	001ee8d8
003f8b10	Low Health	001ee8d8
003f8b20	Full Muff	001ee8d8
003f8b30	Smoothing	001ee8d8
003f8b40	HeartbeatThreshold	001ee8d8
003f9500	bad_alloc	
003f9510	DODGE LEFT	001f1660
003f9520	DODGE RIGHT	001f1660
003f9538	HUD8Bit	001f2340
003f9540	HUD4Bit	001f2340
003f9558	HUD_Bodycounttext	001f2ea8 001f2ff8
003f9570	HUD_Bodycount	001f2ea8 001f2ff8
003f9580	HUD_BodyCountIncrement	001f2ea8 001f2ff8
003f95b8	HUD_messagebox	001f42c8 001f4458
003f95d0	FE_MULTI_KILL	
003f95e0	FE_TRIPLE_KILL	
003f95f0	FE_DOUBLE_KILL	
003f9600	FE_COLLATERAL_DAMAGE	
003f9618	FE_HEAD_SHOT	
003f9628	FE_BLASTED	
003f9638	FE_RICOCHET_KILL	
003f9650	FE_BLOWN_AWAY	
003f9660	FE_LONG_RANGE	
003f9670	FE_PASSING_SHOT	
003f9680	FE_PRIMARYOBJ_NEW	001f4e38
003f9698	LX_DESTRUCTION	001f4e38
003f96a8	FE_BLACKMAILOBJ_UPDATE	001f4e38
003f96c0	FE_BLACKMAILOBJ_DONE	001f4e38
003f96d8	FE_INTELOBJ_UPDATE	001f4e38
003f96f0	FE_INTELOBJ_DONE	001f4e38
003f9708	FE_RECONOBJ_DONE	001f4e38
003f9720	LX_ARMAMENT	001f4e38
003f9730	FE_PRIMARYOBJ_UPDATE	001f4e38
003f9748	FE_PRIMARYOBJ_DONE	001f4e38
003f9760	FE_SECONDARYOBJ_UPDATE	001f4e38
003f9778	FE_PRIMARYOBJ_FAILED	001f4e38
003f9790	FE_SECONDARYOBJECTIVETARGETS	001f5770
003f97b0	FE_SECONDARY_OBJ_TARGET_UPDATE	001f5770
003f97d0	FE_PICKUPAMMO_PISTOL	
003f97e8	FE_PICKUPAMMO_SHOTGN	
003f9800	FE_PICKUPAMMO_SMG	
003f9818	FE_PICKUPAMMO_RIFLE	
003f9830	FE_PICKUPAMMO_RPG	
003f9848	FE_PICKUPAMMO_LAUNCH	
003f9860	FE_PICKUPAMMO_SNIPER	
003f9878	FE_PICKUPAMMO_GRNADE	
003f9890	FE_PICKUPAMMO_MCHGUN	
003f98a8	FE_PICKUPAMMO_MAGNUM	
003f98c0	FE_AMMOFULL_PISTOL	
003f98d8	FE_AMMOFULL_SHOTGUN	
003f98f0	FE_AMMOFULL_SMG	
003f9900	FE_AMMOFULL_RIFLE	
003f9918	FE_AMMOFULL_RPG	
003f9928	FE_AMMOFULL_M203	
003f9940	FE_AMMOFULL_SNIPERRIFLE	
003f9958	FE_AMMOFULL_GRENADES	
003f9970	FE_AMMOFULL_HEAVYMACHINEGUN	
003f9990	FE_AMMOFULL_MAGNUM	
003f99a8	FE_PICKUP_HEALTH	
003f99c0	FE_PICKUP_HEALTHPACK_SMALL	
003f99e0	FE_PICKUP_SILENT_TYPE_1	
003f99f8	FE_PICKUP_SILENT_TYPE_2	
003f9a10	FE_PICKUP_SILENT_TYPE_3	
003f9a28	FE_PICKUP_SILENT_TYPE_4	
003f9a40	FE_PICKUP_SILENT_TYPE_5	
003f9a58	FE_PICKUP_SILENT_TYPE_6	
003f9a70	FE_PICKUP_SILENT_TYPE_7	
003f9a88	FE_PICKUP_SILENT_TYPE_8	
003f9aa0	FE_PICKUP_SILENT_TYPE_9	
003f9ab8	GM_SwapWeapon1	001f5f58
003f9ac8	GM_SwapWeapon2	001f5f58
003f9ad8	GM_PickWeapon	001f5f58
003f9b38	FE_PICKEDUP	
003f9b48	HINT_INGAME_54	
003f9b58	HINT_INGAME_53	
003f9b88	HINT_INGAME_%d	001f7a18
003f9b98	FE_HINTPROMPT	001f7a18
003f9ba8	SetReticuleType	001f7c48
003f9bb8	HUD_FIRERATE_FULLAUTO	
003f9bd0	HUD_FIRERATE_SEMIAUTO	
003f9be8	HUD_FIRERATE_SINGLESHOT	
003f9c00	HUD_FIRERATE_NONE	001f8608
003f9c18	Level Time 00:00	
003f9c30	Level Time %02d:%02d	
003f9c48	Black	
003f9c50	Health	001f9990 001f9098
003f9c78	00:00	001f9ef8
003f9c80	HUD_timercount	001fa3a8 001f9ef8
003f9c90	%02d:%02d	001fa130
003f9ce8	Eurostile LT Std	001fae18 001fe068 001fe380 00201010 00201108 00201548 00200f08
003f9d08	FireBullet	001fc820
003f9d20	HUD_GrenadeCount	
003f9d38	AddGrenade	
003f9d48	SetFireRateMode	001fd440 001fd648
003f9d58	aptCallReload	001fd648
003f9d68	AMMOTYPE_HP	001fdad0
003f9d78	AMMOTYPE_LT	001fdad0
003f9d88	AMMOTYPE_HV	001fdad0
003f9d98	AMMOTYPE_SS	001fdad0
003f9da8	AMMOTYPE_HC	001fdad0
003f9db8	AMMOTYPE_FG	001fdad0
003f9dc8	AMMOTYPE_RG	001fdad0
003f9dd8	HUD_AmmoType	001fd8f0 001fd998
003f9e48	HUD_HoldBreath	001fdc48
003f9e58	hud_midzoom	001fdc48 001fdf48
003f9e68	hud_maxzoom	001fdc48 001fdf48
003f9e78	hud_holdbreath	001fdc48 001fdf48
003f9e88	FE_LEVELNAME0_EXTRA2	001fe380
003f9ea0	FE_LEVELNAME%d	001fe380
003f9eb0	_EXTRA	001fe380
003f9ef8	%d/%d	00201760
003fa040	bad_alloc	
003fa050	HINT_INGAME_%d	00204450
003fa060	bad_alloc	
003fa0e8	GM_Objectives	002053e0
003fa0f8	PRESS FIRE (R1) TO START	002053e0
003fa130	Unit %u	00205d40
003fa148	Game Paused	00206248
003fa158	FE_PressStart	00206b88
003fa168	Objectives Complete	00207978
003fa180	Completion Time	
003fa190	Enemy Count	
003fa1a0	Black Ops Kills	
003fa1b0	Longest Black Ops Run	
003fa1c8	star_full	00207b80
003fa1d8	star_none	00207b80
003fa208	Toggle Crouch:   	00206248
003fa220	Invert Y-Axis:   	
003fa238	Continue	
003fa248	Restart	
003fa270	%1:%2	00208c60
003fa290	FEFunctionTrigger	002094d8
003fa2a8	FEFunctionName	002094d8
003fa2b8	FEFunctionParam%d	002094d8
003fa2d0	bad_alloc	
003fa2e0	FEInputId	002097c0
003fa2f0	ListenForPlayer	002097c0
003fa300	PauseMenu	0020ae20 00209930
003fa328	Export\FrontEnd\InGameOn.bin	0020a338
003fa348	Export\FrontEnd\WpnScope.bin	0020a338
003fa368	Export\FrontEnd\FEMain.bin	0020ab20
003fa388	Export\FrontEnd\Loading.bin	0020a338
003fa3a8	Export\FrontEnd\Ring.bin	0020a338
003fa3c8	Export\FrontEnd\cntrDisc.bin	0020a338
003fa3e8	Export\FrontEnd\Core.bin	0020a338
003fa408	Export\FrontEnd\Common.bin	0020ab20
003fa428	Export\FrontEnd\PseMenu.bin	0020aea0
003fa448	p_scroll	0020cbc0
003fa458	f_scroll	0020cbc0
003fa468	f_map	0020cbc0
003fa470	_level%d	0020a058
003fa480	FEChangePage	0020a338
003fa490	FETargetPage	0020a338
003fa4a0	FERelease	0020a338
003fa4b0	FEAllowAttractMode	0020a338
003fa4c8	FEAttractTimeout	0020a338
003fa4e0	FEAttractTarget	0020a338
003fa4f0	FE_LevelAllowContinue	0020a338
003fa508	FELanguage	0020a338
003fa518	FEPlatform	0020a338
003fa530	FEVideoMode	0020a338
003fa548	FETerritory	0020a338
003fa560	FE_CONFIRMTITLE	0020a338
003fa570	FE_CONFIRMMESSAGE	0020a338
003fa588	SetupConfirmWarning	0020a338
003fa5a0	Loading_screen	0020a338
003fa5b0	ControllerDisconnected	0020a338
003fa790	FECurrentLevelId	0020b0c0 0020ad10
003fa7a8	FELoadingPauseMenus	0020b0c0 0020ad10
003fa7c0	HideLoadingMessage	0020aea0
003fa7d8	Empty	0020b988 0020b2b0 00215250
003fa7e0	Main._totalframes	0020b2b0
003fa7f8	Release	0020b2b0
003fa800	Main._currentframe	0020b2b0
003fa818	setWideScreen	0020b2b0
003fa828	Prepare	0020b2b0
003fa838	Update	0020b2b0
003fa840	LegalScreen	0020b678
003fa850	BootSequence	0020b678
003fa860	Destruct	0020b988 0020b678
003fa870	%s_wide	0020b678
003fa878	FMVPlayer	0020f268 0020b678
003fa888	IntroCredits	0020b678 00215250
003fa898	BlackIntroSequence	0020b678
003fa8b0	MissionFailed	0020b678
003fa8c0	%s._visible	0020ba98
003fa8d0	_visible	
003fa970	RestartConfirm	0020cad0
003fa980	FE_RESTART	0020cad0
003fa990	FE_RESTARTWARNING	0020cad0
003fa9a8	QuitConfirm	0020cad0
003fa9b8	FE_QUIT	0020cad0
003fa9c0	FE_QUITWARNING	0020cad0
003fa9d0	%s.%s	0020cca0
003fa9e0	Outline	0020d1c8
003fa9e8	Italic	0020d1c8
003faa08	BUTTON_TRIANGLE	
003faa18	BUTTON_SQUARE	
003faa28	BUTTON_CROSS	
003faa38	BUTTON_CIRCLE	
003faa48	BUTTON_DPAD_UP	
003faa58	BUTTON_DPAD_DOWN	
003faa70	BUTTON_DPAD_LEFT	
003faa88	BUTTON_DPAD_RIGHT	
003faaa0	BUTTON_START	
003faab0	BUTTON_SELECT	
003faac0	BUTTON_L1	
003faad0	BUTTON_L2	
003faae0	BUTTON_R1	
003faaf0	BUTTON_R2	
003fab00	BUTTON_L_THUMB	
003fab10	BUTTON_R_THUMB	
003fab48	Set480p	0020e200 0020e4a8
003fab50	Unset480p	0020e200 0020e4a8
003fab60	Start480pTest	0020e200 0020e4a8
003fab70	Unset480pAndFinish	0020e200
003fab88	Set60Hz	0020e200 0020e4a8
003fab90	Unset60Hz	0020e200 0020e4a8
003faba0	Start60HzTest	0020e200 0020e4a8
003fabb0	SucceedTest	0020e200 0020e4a8
003fabc0	DebugGoToTitleMenu	0020e200 0020e4a8
003fabd8	SucceedTestAndFinish	0020e200 0020e4a8
003fabf0	FE_COUNT	0020e200
003fac00	60HzSelect	0020e338
003fac10	FELevelUnlocked1	0020eac8 0020edb0
003fac28	FELevelUnlocked2	0020eac8 0020edb0
003fac40	FELevelUnlocked3	
003fac58	FELevelUnlocked4	
003fac70	FELevelUnlocked5	
003fac88	FELevelUnlocked6	
003faca0	FELevelUnlocked7	
003facb8	FELevelUnlocked8	
003facd0	LevelSelect	0020eac8 0020edb0
003face0	MissionModeSelect_StartLevel	0020eac8 0020edb0
003fad00	UpdateDificulty	0020eac8 0020edb0
003fad10	SelectedDifficulty	0020eac8 0020edb0
003fad28	DifficultyBack	0020eac8 0020edb0
003fad38	FE_DIFFICULTYDESC	0020eac8
003fad50	FE_LEVEL_AND_RATING	0020eac8
003fad68	FE_LEVELNAME	0020eac8
003fad78	FE_OVERALLRATING2	0020eac8
003fad90	FE_CURRENTDIFFICULTY	0020eac8 00212528
003fada8	FE_MissionDifficulty	0020eac8 0020edb0
003fadc0	FE_DifficultySelection	0020eac8 0020edb0
003fadd8	FE_MissionDone	0020eac8 0020edb0
003fade8	FE_DIFFICULTYDESC_EASY	0020f490 0020eac8
003fae00	FE_DIFFICULTYDESC_NORMAL	0020f490 0020eac8
003fae20	FE_DIFFICULTYDESC_HARD	0020f490 0020eac8
003fae38	FE_DIFFICULTYDESC_BLACK	0020f490 0020eac8
003fae50	FE_LEVELNAME%d	00217bc0 00217c78 00213ca8 00217e10 00217ec8 00217010 00212940 0020ef28 00215f80 002180a0
003fae60	FE_LOCKED	0020ef28
003fae70	FE_DIFFEASY	0020ef28
003fae80	FE_DIFFNORMAL	0020ef28
003fae90	FE_DIFFHARD	0020ef28
003faea0	FE_BLACKOPS	0020ef28
003faeb0	BlackTitleMenu2	0020f5e8
003faec0	MissionModeSelect	0020f5e8 00215250
003faed8	SetCurrentObjectives	0020f920 0020f6c8
003faef0	ClosePauseMenu	0020f920 0020f6c8
003faf00	RestartLevel	0020f920 0020f6c8
003faf10	QuitLevel	0020f920 0020f6c8
003faf20	ChangeObjectiveHint	0020f920 0020f6c8
003faf38	FEDiffMode	0020f920 0020f6c8
003faf48	FE_CURRENTOBJECTIVE	0020f6c8
003faf60	FE_CURRENTSECONDARYOBJECTIVE	0020f6c8
003faf80	FE_PRIMARYRATING	0020f6c8
003faf98	FE_SECONDARYRATING	0020f6c8
003fafb0	FE_BLACKMAILRATING	0020f6c8
003fafc8	FE_INTELRATING	0020f6c8
003fafd8	FE_RECONRATING	0020f6c8 00212528
003fafe8	FE_ARMAMENTRATING	0020f6c8 00212528
003fb000	FE_OBJECTIVEHINT	0020f6c8
003fb018	FE_OBJECTIVETOTAL	0020f6c8
003fb030	FE_OBJECTIVESTARGETTOTAL	0020f6c8 00212528
003fb050	FE_NOCURRENTPRIMARYOBJECTIVE	0020faf0
003fb070	FE_NOCURRENTSECONDARYOBJECTIVE	0020faf0
003fb090	OBJ_CHALLENGE_HEADSHOTS	0020faf0 00215f80
003fb0a8	OBJ_CHALLENGE_TIME	0020faf0 00215f80
003fb0c0	OBJ_CHALLENGE_TARGETS	0020faf0 00215f80
003fb0d8	FE_FORMAT_COUNT_OF_UNKNOWN	0020faf0 00212940
003fb0f8	FE_FORMAT_COUNT_OF_COUNT	0020faf0 00212940
003fb118	FE_OBJECTIVENOTAPPLICABLE	0020faf0 00212940
003fb138	FE_DESTRUCTION_HINT	00210298
003fb150	FE_COMPLETEALLPRIMARYOBJECTIVES	00217010 00210298
003fb170	FE_BLACKMAIL_HINT	00210298
003fb188	FE_INTEL_HINT	00210298
003fb198	FE_RECON_HINT	00210298
003fb1a8	FE_ARAMAMENT_HINT	00210298
003fb1d8	FEInvertLookFlag	002109e0 00210c40 00210450 002105f8
003fb1f0	FEToggleCrouchFlag	002109e0 00210c40 00210450 002105f8
003fb208	FEVibration	002109e0 00210c40 00210450 002105f8
003fb218	FESFXVolume	00211ac0 00211bd8 00210450 002105f8
003fb228	FEMusicVolume	00211ac0 00211bd8 00210450 002105f8
003fb238	ToggleInvertLook	002109e0 00210c40 00210450 002105f8
003fb250	ToggleCrouchOnOff	002109e0 00210c40 00210450 002105f8
003fb268	ToggleVibration	002109e0 00210c40 00210450 002105f8
003fb278	SetSfxValue	00211ac0 00211bd8 00210450 002105f8
003fb288	SetMusicValue	00211ac0 00211bd8 00210450 002105f8
003fb298	FE_DEFAULT	
003fb2a8	FE_CCONF_SCOUT	
003fb2b8	FE_CCONF_ASSAULT	
003fb2d0	FE_CCONF_SOUTHPAW	
003fb2e8	FE_CCONF_CUSTOM	
003fb2f8	FEControllerType	002109e0 00210c40
003fb310	FEDuplicateControlsExist	002109e0 00210c40
003fb330	FEUnboundControlsExist	002109e0 00210c40
003fb348	SetControllerTypeToCustom	002109e0 00210c40
003fb368	ChangeControllerType	002109e0 00210c40
003fb380	ChangeButtonAction	002109e0 00210c40
003fb398	ConfirmCustom	002109e0 00210c40
003fb3a8	LaunchCustom	002109e0 00210c40
003fb3b8	RevertControllerConfig	002109e0 00210c40
003fb3d0	FE_CCONF_TYPE	002109e0
003fb3e0	FE_CCONF_WARNING	002109e0
003fb3f8	ClearConflicts	00211670
003fb408	SetConflict	00211670
003fb418	FE_CCONF_DUPWARNING	00211670
003fb438	FE_CCONF_DUPWARNING_MANY	00211670
003fb458	FE_CCONF_MISSWARNING	00211888
003fb470	FE_CCONF_MISSWARNING_MANY	00211888
003fb490	FESoundOutputType	00211ac0 00211bd8
003fb4a8	ChangeSoundOutputType	00211ac0 00211bd8
003fb4c0	ChangeSoundtrack	00211ac0 00211bd8
003fb4d8	ChangePlayMode	00211ac0 00211bd8
003fb4e8	FONT_TEST_STRING	00211ac0
003fb500	FEPictureOutputType	00212008 00211f80
003fb518	FEGammaLevel	00211f80
003fb528	ChangePictureOutputType	00212008 00211f80
003fb540	SetGammaLevel	00211f80
003fb550	FEDifficulty	00212190 00212230
003fb560	FEDifficultyHard	00212190 00212230
003fb578	ChangeDifficulty	00212190 00212230
003fb590	SelectDifficulty	00212190 00212230
003fb5a8	LeaveDifficultyMenu	00212190 00212230
003fb5c0	OptionsMenu	00212338
003fb5d0	RestartMission	00212388 002123f0
003fb5e0	ContinueMission	00212388 002123f0
003fb5f0	QuitFromMissionFailed	00212388 002123f0
003fb608	SetupResults	00212528 00212770
003fb618	FE_RESULTSLEVELNAME	00212528
003fb630	FE_MISSIONSTATUS	00212528
003fb648	FE_PRIMARYSCORE	00212528
003fb658	FE_SECONDARYSCORE	00212528
003fb670	FE_BLACKMAILSCORE	00212528
003fb688	FE_INTELSCORE	00212528
003fb698	FE_OVERALLRATING	00212528
003fb6b0	FE_BODYCOUNT	00212528
003fb6c0	FE_MISSIONTIME	00212528
003fb6d0	FE_OBJECTIVESTOTAL	00212528
003fb6e8	current	00212940
003fb6f0	FE_FORMAT_STRINGCOUNT_OF_STRINGCOUNT	00212940
003fb718	FE_TIME_HOURSMINUTESSECONDS	00212940 00216438
003fb738	SetObjectiveAppearance	00212940
003fb750	FE_DEMOMISSIONCOMPLETE	00217a08 00212940
003fb768	FE_MISSIONFAILED	00217a08 00212940
003fb780	SetupRankingLadder	002133c0 00213468
003fb798	FE_RANKCHANGE	002133c0
003fb7a8	FE_NEWRANKMSG	002133c0
003fb7b8	FE_NEWRANKNAME	002133c0
003fb7c8	ChallengeLevelSelect	002134f8 00213758
003fb7e0	SelectChallengeHeadCount	002134f8 00213758
003fb800	SelectChallengeGunRun	002134f8 00213758
003fb818	SelectChallengeKillingTime	002134f8 00213758
003fb838	StartChallenge	002134f8 00213758
003fb848	FE_CURRENTCHALLENGELEVEL	002134f8
003fb868	FE_HEADCOUNTANDRATING	002134f8
003fb880	FE_GUNRUNANDRATING	002134f8
003fb898	FE_KILLINGTIMEANDRATING	002134f8
003fb8b0	FE_CHALLENGENAME	002134f8
003fb8c8	FE_CURRENTCHALLENGERECORD	002134f8
003fb8e8	FE_REQUIREMENT1	002134f8
003fb8f8	FE_REQUIREMENT2	002134f8
003fb908	FE_REQUIREMENT3	002134f8
003fb918	FE_REQUIREMENT4	002134f8
003fb928	FE_CHALLENGERATINGFORMAT	002139c0
003fb948	FE_BRONZE	002139c0
003fb958	FE_SILVER	002139c0
003fb968	FE_GOLD	002139c0
003fb970	FE_BLACK	002139c0
003fb980	FE_NOMEDALAWARDED	002139c0 00214a20 00214408
003fb998	FE_HEADCOUNT	002139c0 00213dc0
003fb9a8	FE_GUNRUN	002139c0 00213fa8
003fb9b8	FE_KILLINGTIME	002139c0 00214130
003fb9c8	FE_LEVELLOCKED_FORMAT	00213ca8
003fb9e0	FE_CURRENTRECORD_HEADSHOTS	00213dc0
003fba00	FE_HEADSHOTS	00213dc0 00214a20 002145e0
003fba10	%u %s	00213dc0 00213fa8
003fba18	FE_CURRENTRECORD_TARGETS	00213fa8
003fba38	FE_TARGETS	00213fa8 00214a20 002145e0
003fba48	FE_CURRENTRECORD_ENEMIESKILLED	00214130
003fba68	FE_ENEMIESKILLEDFORMAT	00214a20 00214130 002145e0
003fba80	RestartChallenge	00214408 00214508
003fba98	SetupChallengeResultsSucceeded	00214408 00214508
003fbab8	SetupChallengeResultsFailed	00214408 00214508
003fbad8	FE_MEDALAWARDED	00214408
003fbae8	FE_CHALLENGERESULTS	00214408
003fbb00	FE_CHALLENGERESULT	00214408
003fbb18	FE_BLACKMEDALAWARDED	002145e0
003fbb30	FE_GOLDMEDALAWARDED	002145e0
003fbb48	FE_SILVERMEDALAWARDED	002145e0
003fbb60	FE_BRONZEMEDALAWARDED	002145e0
003fbb78	%s: %d	00214a20 002145e0
003fbb80	FE_MemcardOptionSelected	00215058 00214cf8
003fbba0	FE_MemcardOptionCount	00215058 00214cf8
003fbbb8	FE_MemcardAutosaveOn	00215058 00214cf8
003fbbd0	FE_MemcardPrompt	00215058 00214cf8
003fbbe8	Str_KeyboardIn	00215058 00214cf8
003fbbf8	FE_MEMCARDMESSAGE	00214cf8
003fbc10	FE_MEMCARDOPTION%d	00214cf8
003fbc28	FE_NAMEENTRY	00214cf8
003fbc38	FE_KEYBOARD_RESULT	00214cf8
003fbc50	StartNewProfile	00215058 00214cf8
003fbc60	StartLoadProfile	00215058 00214cf8
003fbc78	StartSaveProfile	00215058 00214cf8
003fbc90	StartBootCheckProfile	00215058 00214cf8
003fbca8	StartAutosaveProfile	00215058 00214cf8
003fbcc0	StartAutosaveChallenge	00215058 00214cf8
003fbcd8	StartAutosaveSettings	00215058 00214cf8
003fbcf0	MemcardSelectOption	00215058 00214cf8
003fbd08	StartAutosaveSelect	00215058 00214cf8
003fbd20	FE_KeyBoardDone	00215058 00214cf8
003fbd30	FE_KeyBoardBack	00215058 00214cf8
003fbd40	FE_UpdateCursor	00215058 00214cf8
003fbd50	FE_UpdateString	00215058 00214cf8
003fbd60	memcardslots	00215250
003fbd70	VirtualKeyboard	00215250
003fbd80	memcardmessage	00215250
003fbd90	ProfileOptions	00215250
003fbda0	ChallengeModeOverview	00215250
003fbde0	Eurostile LT Std	00215be8 00215250
003fbdf8	UpdateCursorCallBack	00215be8
003fbe10	SetupObjectives	00215da8 00215ec8
003fbe20	CloseObjectivesScreen	00215da8 00215ec8
003fbe38	FE_MISSIONNAME	00215da8
003fbe48	FE_MISSIONDATE	00215da8
003fbe58	FE_OBJECTIVE%d	00215da8
003fbe68	ShowMap	00215f80
003fbe78	_EXTRA	00215f80
003fbe80	L%d_PMO_%d	00215f80
003fbe90	FE_LEVELRATING_0	
003fbea8	FE_LEVELRATING_1	
003fbec0	FE_LEVELRATING_2	
003fbed8	FE_LEVELRATING_3	
003fbef0	FE_LEVELRATING_4	
003fbf08	FE_LEVELRATING_5	00216438
003fbf20	SetupOperatorProfileStrings	00216878 002162c8
003fbf40	FE_PLAYERNAME	002162c8
003fbf50	FE_RANK	002162c8
003fbf58	FE_COMPLETIONRESULTS	002162c8
003fbf70	FE_GAMETIMERESULTS	002162c8
003fbf88	FE_TOTALENEMYCOUNTRESULTS	002162c8
003fbfa8	FE_HEADSHOTSRESULTS	002162c8
003fbfc0	FE_TOTALBULLETSFIREDRESULTS	002162c8
003fbfe0	FE_WEAPONOFCHOICERESULTS	002162c8
003fc000	FE_TOTALCOMPLETIONFORMAT	00216438
003fc020	WPN_MGM	00216438
003fc038	FESetLanguage	002169a0 002169d0
003fc068	FEKillBookSelect	
003fc080	FE_KILLBOOK_RESULT	
003fc098	Not acquired	
003fc0a8	Kill Acquired	
003fc0b8	Not Acquired	
003fc0c8	TriggerFMVDone	00216a98 00216ac8
003fc0d8	DemoMode_StartDemo	
003fc0f0	DemoMode_QuitDemo	
003fc108	DemoMode_PostTitleScreen	
003fc128	MainMenu	
003fc138	FE_HINT_TEXT	00216b68
003fc148	FE_LOADINGLEVELNAME	00216b68
003fc160	FE_LOADINGDIFFICULTY	00216b68
003fc178	FE_LOADINGTOCOMPLETE	00216b68
003fc190	FE_LOADINGPRIMARYTOTAL	00216b68
003fc1a8	FE_LOADINGINTELTOTAL	00216b68
003fc1c0	FE_LOADINGBLACKMAILTOTAL	00216b68
003fc1e0	FE_LOADINGDESTRUCTIONTOTAL	00216b68
003fc200	FE_LOADINGARMAMENTTOTAL	00216b68
003fc218	FE_LOADINGRECONTOTAL	00216b68
003fc230	FE_LOADINGOBJECTIVESTOTAL	00216b68
003fc250	FE_SECONDARYOBJECTIVETARGET	00217408 00216b68
003fc270	HINT_%d	00216f08
003fc278	LoadOverlayEasy	00217010
003fc288	LoadOverlayHard	00217010
003fc298	LoadOverlayBlack	00217010
003fc2b0	FE_COMPLETE_OBJECTIVES	00217010
003fc2c8	FE_EASY	00217c78
003fc2d0	FE_NORMAL	00217c78
003fc2e0	FE_HARD	
003fc2e8	FECurrentRewardType	00217670 00217768
003fc300	FENextRewardType	00217670 00217768
003fc318	FESetupRewardScreen	00217670 00217768
003fc330	FE_CURRENTUNLOCKLEVEL	00217670
003fc348	FE_WHATYOUHAVEDONE	00217670
003fc360	FE_YOUHAVEUNLOCKED	00217670
003fc378	FE_CONGRATULATIONS	00217670
003fc3a8	FE_MISSIONOBJECTIVESACHIEVED	00217bc0
003fc3c8	FE_DIFFBLACK	00217bc0
003fc3d8	FE_DIFFCOMPLETED	00217c78
003fc3f0	FE_SILVERWEAPONMODETWO	00217c78
003fc408	FE_SILVERWEAPONMODEONE	00217c78
003fc420	FE_BLACKMODECOMPLETE	00217e10 002180a0
003fc438	FE_UNLOCK_M16A2	00217e10 002180a0
003fc448	FE_LEVELUNLOCKEDFORMAT	00217ec8
003fc460	FE_CCONF_L1ACTION	002109e0
003fc478	FE_CCONF_L2ACTION	002109e0
003fc490	FE_CCONF_R1ACTION	
003fc4a8	FE_CCONF_R2ACTION	
003fc4c0	FE_CCONF_NORTHACTION	
003fc4d8	FE_CCONF_EASTACTION	
003fc4f0	FE_CCONF_SOUTHACTION	
003fc508	FE_CCONF_WESTACTION	
003fc520	FE_CCONF_LSTICKVERTICLEACTION	
003fc540	FE_CCONF_LSTICKHORIZONTALACTION	
003fc560	FE_CCONF_LSTICKCLICKACTION	
003fc580	FE_CCONF_RSTICKVERTICLEACTION	
003fc5a0	FE_CCONF_RSTICKHORIZONTALACTION	
003fc5c0	FE_CCONF_RSTICKCLICKACTION	
003fc5e0	FE_CCONF_DPADUPACTION	
003fc5f8	FE_CCONF_DPADDOWNACTION	
003fc610	FE_CCONF_DPADLEFTACTION	
003fc628	FE_CCONF_DPADRIGHTACTION	
003fc768	FEAK47IsUnlocked	002134f8 00213758
003fc780	FESpazIsUnlocked	002134f8 00213758
003fc798	FEUziIsUnlocked	
003fc7a8	FEM249IsUnlocked	
003fc7c0	FEM16A2IsUnlocked	
003fc7d8	FEM203IsUnlocked	
003fc7f0	FEGlockIsUnlocked	
003fc808	FEG36CIsUnlocked	
003fc820	FEWalther2000IsUnlocked	
003fc838	FEMac10EliteIsUnlocked	
003fc850	FEMagnumIsUnlocked	
003fc868	FEMP5IsUnlocked	
003fc878	FEP90IsUnlocked	
003fc888	FERPGIsUnlocked	
003fc898	FERemmingtonIsUnlocked	
003fc8b0	FEDC3EliteIsUnlocked	
003fc9c6	FTDefault	
003fc9d0	Default	00209d10
003fc9f0	FE_ACTION_NONE	
003fca00	FE_ACTION_PRIMARYFIRE	
003fca18	FE_ACTION_RELOAD	
003fca30	FE_ACTION_CROUCH	
003fca48	FE_ACTION_CHANGEWEAPONUP	
003fca68	FE_ACTION_CHANGEWEAPONDOWN	
003fca88	FE_ACTION_AIM	
003fca98	FE_ACTION_GRENADE	
003fcab0	FE_ACTION_CHANGEFIRINGMODE	
003fcad0	FE_ACTION_TOGGLESUPRESSOR	
003fcaf0	FE_ACTION_MELEE	
003fcb00	FE_ACTION_HEALTHPACK	
003fcba8	FE_ACTION_ACTION	
003fcc60	FE_ACTION_RUNFORWARDBACK	
003fcc80	FE_ACTION_SIDESTEPLEFTRIGHT	
003fcca0	FE_ACTION_TURNLEFTRIGHT	
003fccb8	FE_ACTION_LOOKUPDOWN	
003fcd70	__constructor__	003853f8
003fcd80	ParentScope	00387d08
003fcda0	center	0024bc80 0021f1c8 0023a9e8 0023a588 00254120
003fcda8	right	0024bc80 0021f1c8 0023a9e8 0023a588 00254120
003fcdb0	Error	0021f1c8 00254120
003fcdb8	Iterators are not in same range	
003fcdd8	Trying to dereference an invalid iterator	
003fce08	Can't pass negative ranges, c&b.	
003fce30	No large string violation	
003fcea0	Object.registerClass::	0021afe0
003fcec0	String	0021f1c8
003fcec8	Property	
003fcee0	Register	
003fcef0	Boolean	
003fcef8	Float	
003fcf00	Integer	
003fcf08	Lookup	
003fcf10	NativeFunction	
003fcf20	UNUSED	
003fcf28	Extern	
003fcf30	CharShapeInst	
003fcf40	CharSpriteInst	
003fcf50	CharButtonInst	
003fcf60	CharTextInst	
003fcf70	CharStaticTextInst	
003fcf88	CharMorphInst	
003fcf98	CharAnimationInst	
003fcfb0	CharLevelInst	
003fcfc0	FrameStack	
003fcfd0	Sound	0021f1c8 00254120
003fcfd8	Array	0021f1c8 00254120
003fcff0	Global	
003fcff8	ScriptColour	
003fd008	Object	
003fd010	Prototype	
003fd028	MovieClip	0021f1c8
003fd038	Mouse	
003fd040	XmlNode	
003fd050	XmlAttributes	
003fd060	LoadVars	00254120
003fd070	TextFormat	0021f1c8 00254120
003fd080	Extension	
003fd090	GlobalExtension	
003fd0a0	Stage	
003fd0a8	Message	
003fd0b0	StringObject	
003fd0c0	ScriptFunction1	
003fd0d0	ScriptFunction2	
003fd0e0	ScriptFunctionByteCode	
003fd0f8	DisplayListHead	
003fd108	INVALID	
003fd140	FSCommand:	00221050 00221098
003fd440	_level%d	0021dd40
003fd450	instance%ld	0021dd40
003fd460	Color	0021f1c8 00254120
003fd480	AptTrace: 	00224010
003fd498	super	0022a440 00254120
003fd4a0	apply	0022a440
003fd4c0	shift	0022a440 00254120
003fd578	__INTERFACES__	0022fff8 00250618 002506a0
003fd5e8	__Packages.	00232490
003fd5f8	AptAnimationPoolData::pInputMask	
003fd620	AptAnimationPoolData::apNewInsts	
003fd648	AptAnimationPoolData::listenerSet.aElements	00232638
003fd678	AptAnimationPoolData::inputSet.aElements	00232638
003fd6a8	AptAnimationPoolData::aIntervalTimers[i].pCBFunction	
003fd6e0	AptAnimationPoolData::aIntervalTimers[i].pParams	
003fd718	AptAnimationPoolData::action.pCIH	00232e90
003fd740	AptAnimationPoolData::function.pContext	
003fd768	AptAnimationPoolData::function.pFuncDef	
003fd898	sortOn	00254120
003fd8a0	unshift	00254120
003fd8a8	toString	00254120
003fd8c0	concat	00254120
003fd8d0	length	00254120
003fd8d8	slice	00254120
003fd8e0	splice	00254120
003fd8e8	reverse	00254120
003fd8f0	Element	
003fda00	border	
003fda08	hscroll	
003fda10	maxChars	
003fda20	textWidth	
003fda30	textHeight	
003fda40	_height	00254120
003fda48	variable	
003fda58	maxscroll	
003fda68	background	
003fda78	borderColor	
003fda88	mouseWheelEnabled	
003fdaa0	autoSize	
003fdab0	multiline	
003fdac0	backgroundColor	
003fdad0	scroll	
003fdad8	wordWrap	
003fdae8	textColor	
003fdaf8	_width	00254120
003fdb68	dynamic	00237c18
003fddd0	Parent	0023bb28
003fde80	AptDisplayListState::DisplayListItem	
003fdfd0	SPACE	
003fdfd8	getCode	
003fdfe0	getAscii	
003fdff0	DELETEKEY	
003fe000	SHIFT	
003fe008	addListener	
003fe018	ESCAPED	
003fe020	getController	
003fe030	removeListener	
003fe040	RIGHT	
003fe048	getAnalogStickInfo	
003fe068	CONTROL	
003fe080	ENTER	
003fe088	INSERT	
003fe098	isDown	
003fe0a0	isToggled	
003fe0b0	BACKSPACE	
003fe0c0	CAPSLOCK	
003fe208	floor	00254120
003fe220	round	00254120
003fe230	random	00254120
003fe260	atan2	00254120
003fe440	fXAxisValue	00246a78 00254120
003fe450	fYAxisValue	00246a78 00254120
003fe460	message	00247388
003fe5b8	start	
003fe5c0	attachSound	
003fe6d0	_name	00254120
003fe6d8	escape	
003fe6e0	setMask	
003fe6e8	removeTextField	
003fe6f8	_visible	00254120
003fe710	createTextField	
003fe728	nextFrame	
003fe738	extern	
003fe740	_xmouse	00254120
003fe748	_soundbuftime	00254120
003fe758	setTextFormat	
003fe768	prevFrame	
003fe778	_focusrect	00254120
003fe788	_alpha	00254120
003fe790	onPress	00254120
003fe798	unescape	
003fe7a8	onRelease	00254120
003fe7b8	createEmptyMovieClip	
003fe7d0	onLoad	00254120
003fe7d8	onMouseWheel	00254120
003fe7f0	removeMovieClip	
003fe800	onReleaseOutside	00254120
003fe818	onEnterFrame	00254120
003fe828	onKeyUp	00254120
003fe830	onMouseUp	00254120
003fe840	onSetFocus	
003fe850	onData	00254120
003fe858	_xscale	00254120
003fe860	isNaN	
003fe868	onMouseMove	00254120
003fe880	unloadMovie	
003fe890	_ymouse	00254120
003fe898	getURL	
003fe8a0	_framesloaded	00254120
003fe8b0	onRollOver	00254120
003fe8c0	getNewTextFormat	
003fe8d8	localToGlobal	
003fe8e8	_highquality	00254120
003fe8f8	onUnload	00254120
003fe908	getBounds	
003fe918	onMouseDown	00254120
003fe928	_target	00254120
003fe930	getTextFormat	
003fe940	onRollOut	00254120
003fe950	setInterval	
003fe960	onKeyDown	00254120
003fe970	onDragOver	00254120
003fe980	_droptarget	00254120
003fe990	_yscale	00254120
003fe998	swapDepths	
003fe9a8	hitTest	
003fe9b0	_currentframe	00254120
003fe9c0	onKillFocus	
003fe9d0	getDepth	
003fe9e0	onDragOut	00254120
003fe9f0	gotoAndPlay	
003fea00	gotoAndStop	
003fea10	_totalframes	00254120
003fea20	_rotation	00254120
003fea30	duplicateMovieClip	
003fea48	clearInterval	
003fea58	_quality	00254120
003fea68	getBytesTotal	00254120
003fea78	getBytesLoaded	00254120
003fea88	loadVariables	
003fea98	startDrag	
003feaa8	loadMovie	
003feab8	attachMovie	
003febf0	align	
003febf8	height	
003fec00	scaleMode	
003fec10	width	
003fed40	split	00254120
003fed48	charAt	00254120
003fed50	indexOf	00254120
003fed58	substring	00254120
003fed68	charCodeAt	00254120
003fed78	lastIndexOf	00254120
003fed88	substr	00254120
003fed90	toLowerCase	00254120
003feda0	toUpperCase	00254120
003fedb0	fromCharCode	00254120
003fedc0	%%%%%%%%%%%%%%%%%%%%%%%%%%%%%%%%%%%%%%%%%%%%%%%%%%%%%%%%%%%%%%%%%%%%%%%%%
%%%	0024b4a8
003fee36	%%%%%%%%%%%%%%%%%%%%%%%%%%%%%%%%%%%%%%%%%%%%%%%%%%%%%%%%%%%%%%%%%%%%%%%%%%%%%%%%%%%%%%%%%%%%%%%%%%%%%%%%%%%%%%%%%%%%%%%%%%%%%%%%%%%%%%%%%%url	
003feed0	target	00254120
003feed8	leading	
003feee0	tabStops	
003feef0	underline	
003fef00	rightMargin	
003fef18	color	
003fef20	indent	
003fef30	leftMargin	
003fef40	bullet	
003fef48	italic	
003fef50	blockIndent	
003fefc0	false	0024bc80 00254120
003ff118	_level10	
003ff128	_level19	
003ff148	_level17	
003ff158	_level16	
003ff168	_level15	
003ff178	_level14	
003ff198	_level12	
003ff1a8	_level11	
003ff1c0	_root	00252440
003ff1d0	_parent	00252440
003ff1d8	_global	00254120
003ff1f0	_level20	
003ff200	_level24	
003ff220	_level22	
003ff230	_level21	
003ff4a8	[sound]	0024c6d0
003ff4b0	[native function 0x%08x]	0024c6d0
003ff4d0	[function]	0024c6d0
003ff4e0	[object Object]	0024c6d0
003ff4f0	[object]	0024c6d0
003ff500	[object (prototype)]	0024c6d0
003ff518	[MovieClip]	0024c6d0
003ff528	[Register]	0024c6d0
003ff538	[Lookup]	0024c6d0
003ff548	[Extern]	0024c6d0
003ff558	[FrameStack]	0024c6d0
003ff568	[Extension]	0024c6d0
003ff578	[GlobalExtension]	0024c6d0
003ff590	[Type=0x%X]	0024c6d0
003ff658	_proto__	0024eb58
003ff7c0	Apt-0.19.02 built on Fri Apr  8 14:47:02 2005	
003ff7f0	SuperConstructor	
003ff808	registerClass	00250518
003ff818	__INTERFACEs__	00250590
003ff830	ParentAnim	
003ff840	__proto__	00254120
003ff850	_down	00254120
003ff858	_left	00254120
003ff860	_right	00254120
003ff868	_type	00254120
003ff898	boolean	00254120
003ff8a0	contentType	00254120
003ff8b0	controller	00254120
003ff8c0	function	00254120
003ff8e0	getDate	00254120
003ff8e8	getDay	00254120
003ff8f0	getFullYear	00254120
003ff900	getHours	00254120
003ff910	getMilliseconds	00254120
003ff920	getMinutes	00254120
003ff930	getMonth	00254120
003ff940	getRGB	00254120
003ff948	getSeconds	00254120
003ff958	getTime	00254120
003ff960	getTimezoneOffset	00254120
003ff978	getTransform	00254120
003ff988	getUTCDate	00254120
003ff998	getUTCDay	00254120
003ff9a8	getUTCFullYear	00254120
003ff9b8	getUTCHours	00254120
003ff9c8	getUTCMilliseconds	00254120
003ff9e0	getUTCMinutes	00254120
003ff9f0	getUTCMonth	00254120
003ffa00	getUTCSeconds	00254120
003ffa10	getYear	00254120
003ffa20	loaded	00254120
003ffa28	movieclip	00254120
003ffa38	NodeName	00254120
003ffa48	NodeValue	00254120
003ffa60	number	00254120
003ffa68	object	00254120
003ffa70	prototype	00254120
003ffa98	sendAndLoad	00254120
003ffaa8	setDate	00254120
003ffab0	setFullYear	00254120
003ffac0	setHours	00254120
003ffad0	setMilliseconds	00254120
003ffae0	setMinutes	00254120
003ffaf0	setMonth	00254120
003ffb00	setRGB	00254120
003ffb08	setSeconds	00254120
003ffb18	setTime	00254120
003ffb20	setTransform	00254120
003ffb30	setUTCDate	00254120
003ffb40	setUTCFullYear	00254120
003ffb50	setUTCHours	00254120
003ffb60	setUTCMilliseconds	00254120
003ffb78	setUTCMinutes	00254120
003ffb88	setUTCMonth	00254120
003ffb98	setUTCSeconds	00254120
003ffba8	setYear	00254120
003ffbb0	string	00254120
003ffbb8	undefined	00254120
003ffbc8	undefKey	00254120
003ffca0	bad_alloc	
004001c0	atfile	
004001c8	host:	
00400288	bad_alloc	
00400298	<This space intentionally left blank>	
004002c0	GTASSERT : %s:%d %s
	
004002d8	GTASSERT : %s:%d
	
004002f0	 -/abcdefghijklmnopqrstuvwxyzABCDEFGHIJKLMNOPQRSTUVWXYZ01234567890_	
00400366	 A - %d
	
00400370	GTASSERT: (Thread %s)	00274540
00400390	Line %d	00274540
00400450	General	
00400458	Page %d	
00400460	Current	
00400468	Average	
00400478	Calls	
00400488	GPU Render cost	
00400498	%s : None	
004004a8	%s : %s	
00400818	%s%s%s%02d	002887f8
00400828	MZ_P_	002887f8
00400838	Missing Muzzle Texture : %s	002887f8
00400858	CommonParams	
00400868	PlayerParams	
00400878	AIParams	
00400888	Player	
004008a0	Projectile Type	
004008b0	Weapon Impact Level	
004008c8	Num Bullets Per Burst	
004008e0	Num Bullets In Clip	
004008f8	Muzzle Offset	
00400910	Range	
00400918	Power	
00400920	Time Between Bullets	
00400938	Time Between Bursts	
00400950	Num Bullets Per Spread	
00400968	Likelyhood Of Ricochet	
00400980	Max Ricochet Angle	
00400998	Max Spread Angle	
004009b0	Accuracy Fall Off Time	
004009c8	Accuracy Fall Off Over Time	
004009e8	bad_alloc	
004009f8	Class	
00400a10	RawData	
00400a18	Graph	
00400a20	AdditionalData	
00400a30	CFindNearestData	
00400a48	CAstarData	
00400a58	UpdateWithPathObjects	
00400a70	MaxEntity	00289090
00400a88	OneMeter	00289090
00400aa0	GlobalServices	
00400ab0	TimeMgt	00289090
00400ab8	Entities	
00400ac8	Brains	
00400ad0	Agents	
00400ad8	Services	
00400af0	Estimations	00289090
00400b00	MaxTeam	002891d8
00400b08	Service	
00400b10	Entity	
00400b18	_Name	
00400b20	ActionClass	
00400b30	Brain	
00400b40	Agent	
00400b48	Aperiodic	00289230
00400b58	Priority	00289230
00400b68	MaxCall	00289230
00400b70	Periodic	002892f0
00400b80	Period	002892f0
00400b88	CBkAIActionTagManager	0028c040
00400ba0	CBkAIColourBasedHeuristic	0028c040
00401270	ErrMessage : %s %d %s
	0028f408
00401288	d:/alienbrainwork/GameShared/GameClasses/Graphical/VideoDecoder/Ps2/vibuf.c	0028f408
004012d8	DMA ADD not active
	0028f408
004016c0	Unknown buff type.	00293e90
004016d8	internal alignment error. _bstag:%d	00293f60
00401700	internal alignment error. _idct:%d	00293f60
00401728	The size of work area is too small	00293f60
00401750	image buffer needs to be aligned to 64byte boundary(0x%08x)	00294260
00401790	Need to re-setup libipu since sceMpegGetPicture was aborted
	00294260
004017d0	sceMpegGetPicture is aborted
	00294260
00401808	odd number of field pictures	00294db0
00401828	unknown picture sutructure	00294db0
00401848	work area size is too small	00294eb8
00401868	Too small buffer size for %dx%d picture
	00295208 002954c8
00401898	the second field is missing	002958e8
004018b8	CSC handler error
	00295a38
004018d0	Error code detected(BDEC)	002963a0
004018f0	[MPEG ERROR]%s
	002962f0
00401900	(a) invalid motion_type(%d)-0	00296688
00401920	(b) invalid motion_type(%d)-1	00296688
00401940	(c) invalid motion_type(%d)-2	00296688
00401960	Invalid modion type -- ignored(%d)	00296d90
00401988	intra && skip MB	00297468
004019a0	= Skip to the next picture =	00297688
004019c0	Too many macroblocks in picture	002978c8
004019e0	skiped macroblock in I picure is not allowed	00298dc8
00401a10	Invalid macroblock_type code: 0	002981c0
00401a30	Invalid macroblock_address_increment code(0x%08x)	00298718
00401a68	slice_start_code(0x%08x) out of range	00299f48
00401a90	_sceMpegSliceA0(): error happens	00299f48
00401ab8	vertical size > 2800	0029a400
00401ad0	_chroma_format needs to be 1: 420	0029a898
00401af8	Unsupported profile/level	0029a898
00401b18	load_chroma_intra_quantizer_matrix == 1	0029a9d8
00401b40	load_chroma_non_intra_quantizer_matrix == 1	0029a9d8
00401b70	_sequenceScalableExtension() is not implemented	
00401ba0	Unknown Extension	
00401bb8	_pictureSpatialScalableExtension is not supported	
00401bf0	_pictureTemporalScalableExtension is not supported	
00401c58	libdbc: bind failed
	0029b558
00401c70	libdbc: Module version mismatch 	0029b558
00401c98	[libdbc.a = %d.%02x, dbcman.irx = %d.%02x]
	0029b558
00401cc8	sceDbc_sema	0029b558
00401cd8	libdbc: SifDmaAddr %08x
	0029b558
00401cf8	sceDbcSetWorkAddr: rpc error
	0029b7f8
00401d18	sceDbcCreateSocket: rpc error
	0029b868
00401d38	sceDbcDeleteSocket: rpc error
	0029b998
00401d58	sceDbcGetDepNumber: rpc error
	0029ba58
00401d78	sceDbcInitSocket: rpc error
	
00401d98	sceDbcResetSocket: rpc error
	
00401db8	sceDbcGetDeviceStatus: rpc error
	
00401de0	sceDbcSRData: rpc error
	
00401e00	sceDbcSendData: rpc error
	
00401e20	libdbc: SendData2 data length too long [%d]
	0029bce0
00401e50	dbcman : SendData2 BUSY
	0029bce0
00401e70	sceDbcSendData2: rpc error
	0029bce0
00401e90	libdbc: SendData3 data length too long [%d]
	0029be90
00401ec0	dbcman : SendData3 BUSY
	0029be90
00401ee0	sceDbcReceiveData: rpc error
	0029bfe8
00401f00	libdma: sync timeout
	0029c138
00401f70	libpad2: buffer addr is not 64 byte align. %08x
	0029c708
00401fa8	ERROR	
00401fb8	STABLE	
00401fc0	NOLINK	
00401fd0	rom0:ROMVER	0029cee8
00402048	atan2	0029dd90
00402070	acosf	0029e0d8
00402078	asinf	0029e1d8
00402080	atan2f	0029e2d8
00402088	fmodf	0029e400
004020c8	sqrtf	0029eb90
00402b86	7~sceCdCbfunc= %d sceCdCbfunc_num= %d
	
00402bb0	SceCdCallbackThread	
00402bc8	SceCdNcmdSema	002a4410
00402bd8	SceCdScmdSema	002a4410
00402be8	SceCdRcmdSema	002a4410
00402bf8	SceCdCallbackSema	002a4410
00402c10	Libcdvd bind err CdSearchFile
	
00402c30	ee call cmd search %s
	
00402c48	search name %s
	
00402c58	search size %d
	
00402c68	search loc lbn %d
	
00402c80	Ncmd fail sema cur_cmd:%d keep_cmd:%d
	
00402ca8	Libcdvd bind err N CMD
	
00402cc0	N cmd wait
	
00402cd0	S cmd wait
	002a4678
00402ce0	Scmd fail sema cur_cmd:%d keep_cmd:%d
	002a46e8
00402d08	Libcdvd bind err S cmd
	002a46e8
00402d20	Libcdvd bind err %d CD_Init %d
	002a4840
00402d40	Libcdvd Exit
	002a4840
00402d50	OLD DiskReady Call
	002a4b28
00402d68	Libcdvd bind err CdDiskReady
	002a4b28 002a4d40
00402d88	DiskReady ended
	002a4b28 002a4d40
00402da0	NEW DiskReady Call
	002a4d40
00402db8	sceCdChgSys: Illegal_function_call
	
00402e58	Invalid combination type	
00402e78	Invalid projection type specified	
00402ea0	
Core built at Feb 28 2005 18:34:26
	
00402ec8	Only rendering sub system	
00402f08	0123456789abcdef	
00403fe8	Heap resized from %d to %d bytes	
00404010	bad_alloc	
00404020	bad_alloc	
00404030	ComputeDestInterval	002d16b8
00404048	PathLength	002d16b8
00404058	StopWhenHidden	002d16b8
00404070	MaxDeltaHeight	002d16b8
00404080	Graph	002d16b8
00404088	MaxPointsToFlee	002d16b8
00404098	MaxEntitiesToFlee	002d16b8
004040b0	CFleeAgent::CheckDangerVisible	002d1918
004040d0	CFleeAgent::ComputeDestination	002d1918
004040f0	CFleeAgent	002d2ce8
00404100	Q24Kaim7CObject	00389100
00404110	Q24Kaim11CGraphPoint	003891b0
00404128	Q24Kaim10CFleeAgent	00389240
00404140	Q24Kaim24RecursiveFlightTraversal	00389318
00404168	Q24Kaimt10CMetaClass2ZQ24Kaim6CAgentZPFPQ24Kaim6CBrain_PQ24Kaim6CAgent	00389370
004041b0	Q24Kaim13CPointWrapper	003893b0
004041c8	Q24Kaim16CVertexTraversal	00389400
004041e8	bad_alloc	
004041f8	DistFromEntity	002d30a0
00404208	AngleFromEntity	002d30a0
00404218	EntityToFollow	002d30a0
00404228	CFollowerAgent::ComputeRealDistance	002d31f0
00404250	CFollowerAgent	002d34c0
00404260	Q24Kaim14CFollowerAgent	00389480
00404278	Q24Kaimt10CMetaClass2ZQ24Kaim6CAgentZPFPQ24Kaim6CBrain_PQ24Kaim6CAgent	
004042c0	bad_alloc	
004042d0	CGotoAgent	002d3970
004042e0	Q24Kaim10CGotoAgent	00389500
004042f8	Q24Kaimt10CMetaClass2ZQ24Kaim6CAgentZPFPQ24Kaim6CBrain_PQ24Kaim6CAgent	
00404340	bad_alloc	
00404350	Graph	002d3d38
00404358	ResearchType	002d3d38
00404368	FAR_FROM_ENEMY	002d3d38
00404378	CLOSE_TO_ME	002d3d38
00404388	MaxDeltaHeight	002d3d38
00404398	MaxDangerousEntities	002d3d38
004043b0	CHideAgent::ComputeDestination	002d3f10
004043d0	CHideAgent::CheckPositionVisible	002d3f10
00404400	CHideAgent	002d5008
00404410	Q24Kaim7CObject	
00404420	Q24Kaim11CGraphPoint	
00404438	Q24Kaim10CHideAgent	00389578
00404458	Q24Kaimt10CMetaClass2ZQ24Kaim6CAgentZPFPQ24Kaim6CBrain_PQ24Kaim6CAgent	
004044a0	Q24Kaim13CPointWrapper	
004044b8	bad_alloc	
004044c8	PathWayName	002d62d0
004044d8	StartingPointIndex	002d62d0
00404500	crouch	002d5650
00404510	%s %s	002d59f0
00404518	pause	002d59f0
00404520	rotate	002d59f0
00404528	orient	002d59f0
00404530	CPathWayAgent	002d61b8
00404540	Q24Kaim13CPathWayAgent	00389618
00404558	Q24Kaimt10CMetaClass2ZQ24Kaim6CAgentZPFPQ24Kaim6CBrain_PQ24Kaim6CAgent	
004045a0	bad_alloc	
004045b0	DangerousConeAngle	002d6690
004045c8	TargetBot	002d6690
004045d8	GunRange	002d6690
004045e8	MaxInaccuracy	002d6690
004045f8	AimAtTargetInterval	002d6690
00404610	CShooterAgent::BotShootAtEnemy	002d6860
00404630	CShooterAgent	002d6fa8
00404640	Q24Kaim7CObject	003896a8
00404650	Q34Kaimt8CVarList1ZPQ24Kaim7CEntity9CIterator	003896a8
00404680	Q24Kaim13CShooterAgent	00389720
00404698	Q24Kaimt10CMetaClass2ZQ24Kaim6CAgentZPFPQ24Kaim6CBrain_PQ24Kaim6CAgent	
004046e0	bad_alloc	
004046f0	Graph	002d75b0
004046f8	CWanderAgent	002d74a0
00404708	Q24Kaim7CObject	
00404718	Q24Kaim11CGraphPoint	
00404730	Q24Kaim12CWanderAgent	003897c8
00404748	Q24Kaimt10CMetaClass2ZQ24Kaim6CAgentZPFPQ24Kaim6CBrain_PQ24Kaim6CAgent	
00404790	Q24Kaim13CPointWrapper	
004047a8	bad_alloc	
004047b8	CActionAcceleration	002d79e0
004047d0	Q24Kaim19CActionAcceleration	00389840
004047f0	Q24Kaim7CObject	00389908
00404800	Q24Kaim16CActionAttribute	00389908
00404820	Q24Kaimt10CMetaClass2ZQ24Kaim16CActionAttributeZPFv_PQ24Kaim16CActionAttribute	00389980
00404870	bad_alloc	
00404880	CActionCrouch	002d7b68
00404890	Q24Kaim13CActionCrouch	003899f0
004048a8	Q24Kaim7CObject	
004048b8	Q24Kaim16CActionAttribute	
004048d8	Q24Kaimt10CMetaClass2ZQ24Kaim16CActionAttributeZPFv_PQ24Kaim16CActionAttribute	
00404928	bad_alloc	
00404938	CActionJump	002d7cf0
00404948	Q24Kaim11CActionJump	00389ab8
00404960	Q24Kaim7CObject	
00404970	Q24Kaim16CActionAttribute	
00404990	Q24Kaimt10CMetaClass2ZQ24Kaim16CActionAttributeZPFv_PQ24Kaim16CActionAttribute	
004049e0	bad_alloc	
004049f0	CActionRotate	002d7e78
00404a00	Q24Kaim13CActionRotate	00389b80
00404a18	Q24Kaim7CObject	
00404a28	Q24Kaim16CActionAttribute	
00404a48	Q24Kaimt10CMetaClass2ZQ24Kaim16CActionAttributeZPFv_PQ24Kaim16CActionAttribute	
00404a98	bad_alloc	
00404aa8	CActionShoot	002d8000
00404ab8	Q24Kaim12CActionShoot	00389c48
00404ad0	Q24Kaim7CObject	
00404ae0	Q24Kaim16CActionAttribute	
00404b00	Q24Kaimt10CMetaClass2ZQ24Kaim16CActionAttributeZPFv_PQ24Kaim16CActionAttribute	
00404b50	bad_alloc	
00404b60	CActionSpeed	002d81a8
00404b70	Q24Kaim12CActionSpeed	00389d40
00404b88	Q24Kaim7CObject	
00404b98	Q24Kaim16CActionAttribute	
00404bb8	Q24Kaimt10CMetaClass2ZQ24Kaim16CActionAttributeZPFv_PQ24Kaim16CActionAttribute	
00404c08	bad_alloc	
00404c18	CActionSteering	002d8330
00404c28	Q24Kaim15CActionSteering	00389e08
00404c48	Q24Kaim7CObject	
00404c58	Q24Kaim16CActionAttribute	
00404c78	Q24Kaimt10CMetaClass2ZQ24Kaim16CActionAttributeZPFv_PQ24Kaim16CActionAttribute	
00404cc8	bad_alloc	
00404cd8	bad_alloc	
00404ce8	CEntityCanFly	002d8718
00404cf8	Q24Kaim13CEntityCanFly	00389ed0
00404d10	Q24Kaim7CObject	00389f90
00404d20	Q24Kaim16CEntityAttribute	00389f90
00404d40	Q24Kaimt10CMetaClass2ZQ24Kaim16CEntityAttributeZPFv_PQ24Kaim16CEntityAttribute	0038a008
00404d90	bad_alloc	
00404da0	CEntityEyePosition	002d8890
00404db8	Q24Kaim18CEntityEyePosition	0038a078
00404dd8	Q24Kaim7CObject	
00404de8	Q24Kaim16CEntityAttribute	
00404e08	Q24Kaimt10CMetaClass2ZQ24Kaim16CEntityAttributeZPFv_PQ24Kaim16CEntityAttribute	
00404e58	bad_alloc	
00404e68	CEntityGunPosition	002d8a20
00404e80	Q24Kaim18CEntityGunPosition	0038a170
00404ea0	Q24Kaim7CObject	
00404eb0	Q24Kaim16CEntityAttribute	
00404ed0	Q24Kaimt10CMetaClass2ZQ24Kaim16CEntityAttributeZPFv_PQ24Kaim16CEntityAttribute	
00404f20	bad_alloc	
00404f30	CEntityHeadDirection	002d8bb0
00404f48	Q24Kaim20CEntityHeadDirection	0038a268
00404f68	Q24Kaim7CObject	
00404f78	Q24Kaim16CEntityAttribute	
00404f98	Q24Kaimt10CMetaClass2ZQ24Kaim16CEntityAttributeZPFv_PQ24Kaim16CEntityAttribute	
00404fe8	bad_alloc	
00404ff8	CEntityHearingAcuteness	002d8d40
00405010	Q24Kaim23CEntityHearingAcuteness	0038a360
00405038	Q24Kaim7CObject	
00405048	Q24Kaim16CEntityAttribute	
00405068	Q24Kaimt10CMetaClass2ZQ24Kaim16CEntityAttributeZPFv_PQ24Kaim16CEntityAttribute	
004050b8	bad_alloc	
004050c8	CEntityHeight	002d8ef8
004050d8	Q24Kaim13CEntityHeight	0038a440
004050f0	Q24Kaim7CObject	
00405100	Q24Kaim16CEntityAttribute	
00405120	Q24Kaimt10CMetaClass2ZQ24Kaim16CEntityAttributeZPFv_PQ24Kaim16CEntityAttribute	
00405170	bad_alloc	
00405180	CEntityKneePosition	002d9068
00405198	Q24Kaim19CEntityKneePosition	0038a528
004051b8	Q24Kaim7CObject	
004051c8	Q24Kaim16CEntityAttribute	
004051e8	Q24Kaimt10CMetaClass2ZQ24Kaim16CEntityAttributeZPFv_PQ24Kaim16CEntityAttribute	
00405238	bad_alloc	
00405248	CEntityLength	002d9228
00405258	Q24Kaim13CEntityLength	0038a620
00405270	Q24Kaim7CObject	
00405280	Q24Kaim16CEntityAttribute	
004052a0	Q24Kaimt10CMetaClass2ZQ24Kaim16CEntityAttributeZPFv_PQ24Kaim16CEntityAttribute	
004052f0	bad_alloc	
00405300	CEntityMaxSpeed	002d93c0
00405310	Q24Kaim15CEntityMaxSpeed	0038a708
00405330	Q24Kaim7CObject	
00405340	Q24Kaim16CEntityAttribute	
00405360	Q24Kaimt10CMetaClass2ZQ24Kaim16CEntityAttributeZPFv_PQ24Kaim16CEntityAttribute	
004053b0	bad_alloc	
004053c0	CEntityTeamSide	002d9540
004053d0	Q24Kaim15CEntityTeamSide	0038a7e8
004053f0	Q24Kaim7CObject	
00405400	Q24Kaim16CEntityAttribute	
00405420	Q24Kaimt10CMetaClass2ZQ24Kaim16CEntityAttributeZPFv_PQ24Kaim16CEntityAttribute	
00405470	bad_alloc	
00405480	CEntityTorsoOrientation	002d96b8
00405498	Q24Kaim23CEntityTorsoOrientation	0038a8b0
004054c0	Q24Kaim7CObject	
004054d0	Q24Kaim16CEntityAttribute	
004054f0	Q24Kaimt10CMetaClass2ZQ24Kaim16CEntityAttributeZPFv_PQ24Kaim16CEntityAttribute	
00405540	bad_alloc	
00405550	CEntityVisualAcuteness	002d9880
00405568	Q24Kaim22CEntityVisualAcuteness	0038a988
00405588	Q24Kaim7CObject	
00405598	Q24Kaim16CEntityAttribute	
004055b8	Q24Kaimt10CMetaClass2ZQ24Kaim16CEntityAttributeZPFv_PQ24Kaim16CEntityAttribute	
00405608	bad_alloc	
00405618	CEntityWidth	002d9a90
00405628	Q24Kaim12CEntityWidth	0038aaa0
00405640	Q24Kaim7CObject	
00405650	Q24Kaim16CEntityAttribute	
00405670	Q24Kaimt10CMetaClass2ZQ24Kaim16CEntityAttributeZPFv_PQ24Kaim16CEntityAttribute	
004056c0	bad_alloc	
004056d0	CActionActivate	002d9c08
004056e0	Q24Kaim15CActionActivate	0038ab88
00405700	Q24Kaim7CObject	
00405710	Q24Kaim16CActionAttribute	
00405730	Q24Kaimt10CMetaClass2ZQ24Kaim16CActionAttributeZPFv_PQ24Kaim16CActionAttribute	
00405780	bad_alloc	
00405790	CActionHeadRotate	002d9d90
004057a8	Q24Kaim17CActionHeadRotate	0038ac50
004057c8	Q24Kaim7CObject	
004057d8	Q24Kaim16CActionAttribute	
004057f8	Q24Kaimt10CMetaClass2ZQ24Kaim16CActionAttributeZPFv_PQ24Kaim16CActionAttribute	
00405848	bad_alloc	
00405858	CActionTorsoRotate	002d9f20
00405870	Q24Kaim18CActionTorsoRotate	0038ad30
00405890	Q24Kaim7CObject	
004058a0	Q24Kaim16CActionAttribute	
004058c0	Q24Kaimt10CMetaClass2ZQ24Kaim16CActionAttributeZPFv_PQ24Kaim16CActionAttribute	
00405910	bad_alloc	
00405920	CActionVerticalSpeed	002da0b0
00405938	Q24Kaim20CActionVerticalSpeed	0038ae10
00405958	Q24Kaim7CObject	
00405968	Q24Kaim16CActionAttribute	
00405988	Q24Kaimt10CMetaClass2ZQ24Kaim16CActionAttributeZPFv_PQ24Kaim16CActionAttribute	
004059d8	bad_alloc	
004059e8	bad_alloc	
004059f8	PathWay	002da9b0
00405a00	RawData	002da9b0
00405a08	CPathWayManager	002da920
00405a18	Q24Kaim7CObject	0038aee0
00405a28	Q34Kaim15CPathWayManager11CPathWayMap	0038aee0
00405a50	Q24Kaim15CPathWayManager	0038af58
00405a70	Q24Kaim13CWorldService	0038afb8
00405a88	Q24Kaimt10CMetaClass2ZQ24Kaim13CWorldServiceZPFv_PQ24Kaim13CWorldService	0038b008
00405ad8	bad_alloc	
00405ae8	MaxDeltaUp	002daf40
00405af8	EntityWidth	002daf40
00405b08	ForceRebuild	002daf40
00405b30	RawData	002daf40
00405b38	OutputFile	002daf40
00405b48	Container	002db140
00405b58	Class	002db140
00405b70	CPointMapper	002dc7e0
00405b80	Q24Kaim12CPointMapper	0038b0f0
00405b98	Kynogon Point mapping data	002db9c8 002dc238
00405bb8	Q24Kaim7CObject	
00405bc8	Q24Kaim13CWorldService	
00405be0	Q24Kaimt10CMetaClass2ZQ24Kaim13CWorldServiceZPFv_PQ24Kaim13CWorldService	
00405c30	bad_alloc	
00405c40	Script	002dd1e8
00405c48	RawData	002dd1e8
00405c50	CScriptManager	002dd158
00405c60	Q24Kaim7CObject	0038b1f0
00405c70	Q34Kaim14CScriptManager10CScriptMap	0038b1f0
00405c98	Q24Kaim14CScriptManager	0038b268
00405cb0	Q24Kaim13CWorldService	
00405cc8	Q24Kaimt10CMetaClass2ZQ24Kaim13CWorldServiceZPFv_PQ24Kaim13CWorldService	
00405d20	bad_alloc	
00405d50	crouch	002de3c0 002dde28 002dd778
00405d60	pause %f
	002dde28 002dd778
00405d70	rotate %f
	002dde28 002dd778
00405d80	orient %f
	002dde28 002dd778
00405e28	%s %f	002de3c0
00405e30	pause	002de3c0
00405e38	rotate	002de3c0
00405e40	orient	002de3c0
00405e48	Q24Kaim7CObject	0038b2c8 0038b378
00405e58	Q24Kaim9CScriptWP	0038b2c8
00405e70	Q24Kaim8CPathWay	0038b378
00405e88	Kynogon Path Way	002de3c0 002dde28 002dd778
00405ea0	bad_alloc	
00405ec0	Q24Kaim7CScript	0038b3f8
00405ed0	Q24Kaim7CObject	
00405ee0	bad_alloc	
00405ef0	Q24Kaim7CObject	0038b4c0
00405f00	Q24Kaim7CAction	0038b4c0
00405f10	Q24Kaim12CActionClass	0038b5c0
00405f28	Q24Kaim21CActionAttributeClass	0038b640
00405f48	Q24Kaimt10CMetaClass2ZQ24Kaim7CActionZPFv_PQ24Kaim7CAction	0038b9d0
00405f88	Q24Kaimt10CMetaClass2ZQ24Kaim16CActionAttributeZPFv_PQ24Kaim16CActionAttribute	
00405fd8	bad_alloc	
00405fe8	Class	002e0018
00405ff0	Q24Kaim6CAgent	0038ba88
00406000	Q24Kaim7CObject	
00406010	Q24Kaim11CAgentClass	0038bb60
00406028	Q24Kaimt10CMetaClass2ZQ24Kaim6CAgentZPFPQ24Kaim6CBrain_PQ24Kaim6CAgent	
00406070	bad_alloc	
00406080	Teams	002e02f0
00406090	Entities	002e0410
004060a0	Entity	002e0410
004060a8	Brain	002e0410 002e0750
004060b0	Brains	002e0410
004060b8	Agents	002e0410
004060c0	Services	002e0410
004060d0	Agent	002e0410
004060d8	Service	002e0410
004060e8	Class	002e0b40 002e0c30 002e0d20 002e0750
004060f0	ActionClass	002e0750
00406100	Q24Kaim7CObject	0038c020
00406110	Q34Kaimt8CVarList1ZPQ24Kaim7CEntity9CIterator	
00406140	Q24Kaim17CEntityDefinition	0038bef8
00406160	Q24Kaim15CTeamDefinition	0038bf98
00406180	Q34Kaimt8CVarList1ZPQ24Kaim5CTeam9CIterator	0038c020
004061b0	bad_alloc	
004061c0	Service	002e1818
004061c8	Class	002e1818
004061d0	Agent	002e1818
004061d8	Q24Kaim7CObject	0038c318
004061e8	Q24Kaim6CBrain	0038c318
004061f8	Q24Kaim11CBrainClass	0038c5a8
00406210	Q24Kaimt10CMetaClass2ZQ24Kaim6CBrainZPFPQ24Kaim7CEntityRQ24Kaim12CActionClass_PQ24Kaim6CBrain	0038c7a8
00406270	bad_alloc	
00406280	Q24Kaim7CObject	0038c820
00406290	Q24Kaim12CTraceResult	0038c820
004062a8	bad_alloc	
004062b8	Q24Kaim7CObject	0038c898
004062c8	Q24Kaim5CData	0038c898
004062d8	bad_alloc	
004062e8	Q24Kaim7CObject	0038c928 0038c9d8
004062f8	Q24Kaimt8CVarList1ZPQ24Kaim7CEntity	0038c928
00406320	Q34Kaimt8CVarList1ZPQ24Kaim7CEntity9CIterator	
00406350	Q34Kaimt8CVarList1ZPQ24Kaim7CEntity5CCell	0038c9d8
00406380	bad_alloc	
00406398	Q24Kaim7CObject	0038cb28 0038cba8 0038ccb0
004063a8	Q34Kaimt8CVarList1ZPQ24Kaim7CEntity9CIterator	
004063d8	Q24Kaim7CEntity	0038cb28
004063e8	Q24Kaimt8CVarList1ZPQ24Kaim5CTeam	0038cba8
00406410	Q34Kaimt8CVarList1ZPQ24Kaim5CTeam9CIterator	
00406440	Q34Kaimt8CVarList1ZPQ24Kaim5CTeam5CCell	0038ccb0
00406468	Q24Kaim12CEntityClass	0038ce30
00406480	Q24Kaim21CEntityAttributeClass	0038ceb0
004064a0	Q24Kaimt10CMetaClass2ZQ24Kaim7CEntityZPFPCcPv_PQ24Kaim7CEntity	0038d240
004064e0	Q24Kaimt10CMetaClass2ZQ24Kaim16CEntityAttributeZPFv_PQ24Kaim16CEntityAttribute	
00406530	bad_alloc	
00406540	bad_alloc	
00406550	IPathFinder	002e5178
00406560	Q24Kaim7CObject	
00406570	Q24Kaim11IPathFinder	0038d280
00406588	Q24Kaim13CBrainService	0038d390
004065a0	Q24Kaimt10CMetaClass2ZQ24Kaim13CBrainServiceZPFPQ24Kaim6CBrain_PQ24Kaim13CBrainService	0038d3e0
004065f8	Q24Kaim16IConstraintClass	0038d450
00406618	Q24Kaimt10CMetaClass2ZQ24Kaim11IConstraintZPFv_PQ24Kaim11IConstraint	0038d650
00406660	bad_alloc	
00406670	bad_alloc	
00406700	Q24Kaim7CObject	0038d830 0038d928 0038d9e0 0038da58 0038db38 0038dc58 0038dd08 0038de90 0038df40 0038d690 0038d760
00406710	Q24Kaim14CBaseAllocator	0038d830 0038d928 0038da58 0038d690 0038d760
00406728	Q24Kaim10CAllocator	0038d928 0038d690 0038d760
00406740	Q24Kaim15CBasicAllocator	0038d690
00406760	Q24Kaim19CPoolBasedAllocator	0038d760
00406780	Q24Kaimt8CVarList1ZPQ24Kaim14CFreeListBlock	0038d9e0
004067b0	Q24Kaim9CFreeList	0038da58
004067c8	Q34Kaimt8CVarList1ZPQ24Kaim14CFreeListBlock9CIterator	0038db38
00406800	Q24Kaim14CFreeListBlock	0038dc08
00406818	Q24Kaimt8CVarList1ZPQ24Kaim14CBaseAllocator	0038dc58
00406848	Q34Kaimt8CVarList1ZPQ24Kaim14CBaseAllocator5CCell	0038dd08
00406880	Q34Kaimt8CVarList1ZPQ24Kaim14CBaseAllocator9CIterator	0038de90
004068b8	Q34Kaimt8CVarList1ZPQ24Kaim14CFreeListBlock5CCell	0038df40
004069f0	bad_alloc	
00406a00	CNearestPoint	002e72f0
00406a10	Q24Kaim13CPointWrapper	
00406a28	Q24Kaim27CPointContainerWrapperClass	0038e300
00406a50	Q24Kaimt10CMetaClass2ZQ24Kaim10CPointInfoZPFv_PQ24Kaim10CPointInfo	0038e350 0038e3c0
00406a98	Q24Kaim15CPointInfoClass	0038e3c0
00406ab8	Q24Kaim7CObject	
00406ac8	Q24Kaimt10CMetaClass2ZQ24Kaim22CPointContainerWrapperZPFv_PQ24Kaim22CPointContainerWrapper	0038e5f8
00406b28	bad_alloc	
00406b38	Class	002e74e0
00406b40	Q24Kaim12CBaseService	0038e6e0
00406b58	Q24Kaim7CObject	
00406b68	Q24Kaim13CBrainService	
00406b80	Q24Kaim18CBrainServiceClass	0038e840
00406ba0	Q24Kaim18CWorldServiceClass	0038e8c0
00406bc0	Q24Kaimt10CMetaClass2ZQ24Kaim13CBrainServiceZPFPQ24Kaim6CBrain_PQ24Kaim13CBrainService	
00406c18	Q24Kaimt10CMetaClass2ZQ24Kaim13CWorldServiceZPFv_PQ24Kaim13CWorldService	
00406c68	bad_alloc	
00406c78	Q24Kaim7CObject	0038ec30 0038eca8 0038ed20
00406c88	Q34Kaim12CTimeManager11CEntityInfo	0038ec30
00406cb0	Q34Kaim12CTimeManager9CTeamInfo	0038eca8
00406cd0	Q24Kaim12CTimeManager	0038ed20
00406ce8	Q34Kaimt8CVarList1ZPQ24Kaim7CEntity9CIterator	
00406d20	bad_alloc	
00406d30	bad_alloc	
00406d40	bad_alloc	
00406d50	MaxEntity	002eb450
00406d60	MaxTeam	002eb450
00406d68	OneMeter	002eb450
00406d78	TimeMgt	002eb450
00406d80	MaxAperiodicTask	002eb450
00406d98	Aperiodic	002eb450
00406da8	MaxPeriodicTask	002eb450
00406db8	Periodic	002eb450
00406dc8	MaxEstimatedTask	002eb450
00406de0	Estimations	002eb450
00406df8	Priority	002eb450
00406e08	MaxCall	002eb450
00406e10	Period	002eb450
00406e18	GlobalServices	002eb450
00406e28	Services	002eb450
00406e38	Service	002eb450
00406e40	Class	002eb450
00406e48	Q24Kaim7CObject	0038ee08
00406e58	Q24Kaim6CWorld	0038ee08
00406e68	Q24Kaimt8CVarList1ZPQ24Kaim7CEntity	
00406e90	Q34Kaimt8CVarList1ZPQ24Kaim7CEntity9CIterator	
00406ec0	Q24Kaimt8CVarList1ZPQ24Kaim5CTeam	
00406ee8	Q34Kaimt8CVarList1ZPQ24Kaim5CTeam9CIterator	
00406f18	Q34Kaimt8CVarList1ZPQ24Kaim7CEntity5CCell	
00406f48	Q34Kaimt8CVarList1ZPQ24Kaim5CTeam5CCell	
00406f70	bad_alloc	
00406f80	Class	002ec9d0
00406f88	CTeam	002ec8a0
00406f90	Q24Kaim7CObject	0038ef20
00406fa0	Q24Kaimt8CVarList1ZPQ24Kaim7CEntity	
00406fc8	Q34Kaimt8CVarList1ZPQ24Kaim7CEntity9CIterator	
00406ff8	Q34Kaimt8CVarList1ZPQ24Kaim5CTeam9CIterator	
00407028	Q24Kaim5CTeam	0038ef20
00407038	Q34Kaimt8CVarList1ZPQ24Kaim7CEntity5CCell	
00407068	Q24Kaimt10CMetaClass2ZQ24Kaim5CTeamZPFUiPCc_PQ24Kaim5CTeam	0038f190 0038f200
004070a8	Q24Kaim10CTeamClass	0038f200
004070c0	bad_alloc	
004070d0	AstarLoop	002ecb80
004070e0	Q24Kaim7CObject	0038f330 0038f3e0 0038f490
004070f0	Q24Kaimt8CVarList1ZPQ24Kaim7CVertex	0038f330
00407118	Q34Kaimt8CVarList1ZPQ24Kaim7CVertex5CCell	0038f3e0
00407148	Q34Kaimt8CVarList1ZPQ24Kaim7CVertex9CIterator	0038f490
00407178	Q266_GLOBAL_$N$D__BuildMachine_sdk_rwaisdk_src_graph_kyastar.cppvHaaaa28CNodePushSuccessorsTraversal	0038f618
004071e0	Q24Kaim16CVertexTraversal	
00407200	bad_alloc	
00407210	RawData	002ef030
00407230	CFindNearestData	002f09a8
00407248	Q24Kaim16CFindNearestData	0038ff70
00407268	Kynogon FindNearest Data	002efc50 002ef1a0 002ef3d8
00407288	Q24Kaim7CObject	00390060
00407298	Q24Kaim10CGraphData	00390060
004072b0	Q24Kaimt10CMetaClass2ZQ24Kaim10CGraphDataZPFPQ24Kaim13CSpatialGraph_PQ24Kaim10CGraphData	003900d8
00407310	bad_alloc	
00407320	bad_alloc	
00407330	CConstraint	002f1eb0
00407340	CConstraintShortestPath	002f1eb0
00407358	CConstraintStealthPath	002f1eb0
00407370	CConstraintConeVisionStealthPath	002f1eb0
00407398	CConstraintPointToFleePath	002f1eb0
004073b8	CSphereConstraint	002f1eb0
004073d0	CHeuristicEuclidianDistance	002f1eb0
004073f0	CZeroHeuristic	002f1eb0
00407400	CPathCostHeuristic	002f1eb0
00407418	Q24Kaim23CConstraintShortestPath	003901f8 00390498
00407440	Q24Kaim22CConstraintStealthPath	003902a8
00407460	Q24Kaim32CConstraintConeVisionStealthPath	00390350
00407490	Q24Kaim26CConstraintPointToFleePath	003903f0
004074b8	Q24Kaim17CSphereConstraint	00390498
004074d8	Q24Kaim27CHeuristicEuclidianDistance	003905e0
00407500	Q24Kaim14CZeroHeuristic	003906f8
00407518	Q24Kaim18CPathCostHeuristic	003907a0
00407538	Q24Kaim7CObject	00390ae0
00407548	Q24Kaimt10CMetaClass2ZQ24Kaim11IConstraintZPFv_PQ24Kaim11IConstraint	
00407590	Q24Kaim11CConstraint	003909a8
004075a8	Q24Kaimt10CMetaClass2ZQ24Kaim10CHeuristicZPFv_PQ24Kaim10CHeuristic	003909f8 00390a68
004075f0	Q24Kaim15CHeuristicClass	00390a68
00407610	Q24Kaim10CHeuristic	00390ae0
00407628	Q24Kaim11IConstraint	00390b58
00407640	bad_alloc	
00407650	Graph	002f2660
00407658	UpdateWithPathObjects	002f2660
00407670	RawData	002f2660
00407678	CoverageDistance	002f2660
00407690	AdditionalData	002f2660
004076a0	Class	002f2660
004076a8	AstarMemory	002f2660
004076b8	CGraphManager	002f2e28
004076c8	Q24Kaim7CObject	00390c20
004076d8	Q34Kaim13CGraphManager9CGraphMap	00390c20
00407700	Q24Kaim13CGraphManager	00390c98
00407718	Q24Kaim13CWorldService	
00407730	Q24Kaimt10CMetaClass2ZQ24Kaim13CWorldServiceZPFv_PQ24Kaim13CWorldService	
00407780	bad_alloc	
00407790	CGraphWrapper	002f3458
004077a0	Q24Kaim13CGraphWrapper	00390dd0
004077b8	Q24Kaim7CObject	00390e48
004077c8	Q24Kaim22CPointContainerWrapper	00390e48
004077e8	Q24Kaimt10CMetaClass2ZQ24Kaim22CPointContainerWrapperZPFv_PQ24Kaim22CPointContainerWrapper	
00407848	bad_alloc	
00407858	Q24Kaim15CGraphDataClass	00390ef0
00407878	Q24Kaimt10CMetaClass2ZQ24Kaim10CGraphDataZPFPQ24Kaim13CSpatialGraph_PQ24Kaim10CGraphData	
004078d8	bad_alloc	
004078e8	RawData	002f3770
00407900	CPathCostData	002f4260
00407910	Q24Kaim7CObject	
00407920	Q24Kaim13CPathCostData	003910d0
00407938	Q24Kaim14CZeroHeuristic	
00407950	Kynogon PathCost Data	002f3948 002f3770 002f4100
00407970	Q24Kaim10CGraphData	
00407988	Q24Kaimt10CMetaClass2ZQ24Kaim10CGraphDataZPFPQ24Kaim13CSpatialGraph_PQ24Kaim10CGraphData	
004079e8	Q24Kaim10CHeuristic	
00407a00	bad_alloc	
00407a10	LinkedEdgeMax	002f4390
00407a20	CPathObject	002f49f0
00407a30	Q34Kaim11CPathObject11CLinkedEdge	003911e8
00407a58	Q24Kaim11CPathObject	00391238
00407a70	Q24Kaim7CObject	
00407a80	Q24Kaimt10CMetaClass2ZQ24Kaim7CEntityZPFPCcPv_PQ24Kaim7CEntity	
00407ac0	bad_alloc	
00407ad0	MaxNbPathObjects	002f57c0
00407ae8	CPathObjectManager	002f5760
00407b00	Q24Kaim7CObject	003913e8
00407b10	Q24Kaim10CPointPair	003913e8
00407b28	Q24Kaim18CPathObjectManager	00391460
00407b48	Q24Kaim13CWorldService	
00407b60	Q24Kaimt10CMetaClass2ZQ24Kaim13CWorldServiceZPFv_PQ24Kaim13CWorldService	
00407bb0	bad_alloc	
00407bc0	RawData	002f7d80
00407bd0	Q24Kaim7CObject	003914c0 00391548
00407be0	Q24Kaim5CPath	003914c0
00407bf0	Q24Kaim13CSpatialGraph	00391548
00407c08	28SaveFastBinaryGraphTraversal	00391768
00407c28	Kynogon Spatial graph	002f7f48 002f6e08 002f8238
00407c40	Q24Kaim15CGraphTraversal	00391d88
00407c60	bad_alloc	
00407c70	Q24Kaim7CObject	00392aa0 003921f0 003925a0 00391e58
00407c80	Q24Kaim15CGraphTraversal	00392aa0 003921f0 003925a0 00391e58
00407ca0	26FindNearestVertexTraversal	00391e58
00407cc0	27FindNearestVisibleTraversal	003921f0
00407ce0	34FindNearestLocallyVisibleTraversal	003925a0
00407d08	24FindNearestEdgeTraversal	00392aa0
00407d28	bad_alloc	
00407d38	RawData	002fd8c8
00407d58	CAccessWaysData	002fd780
00407d68	Q24Kaim7CObject	
00407d78	Q24Kaim15CAccessWaysData	00392d50
00407d98	26ComputeAccessWaysTraversal	00392df8
00407db8	Kynogon AccessWays Data	002fd4a0 002fcb50 002fcec0
00407dd8	Q24Kaim15CGraphTraversal	00393200
00407df8	Q24Kaim10CGraphData	
00407e10	Q24Kaimt10CMetaClass2ZQ24Kaim10CGraphDataZPFPQ24Kaim13CSpatialGraph_PQ24Kaim10CGraphData	
00407e70	26ComputeVisibilityTraversal	00393200
00407e90	bad_alloc	
00407ea0	RawData	002fda40
00407eb8	CAstarData	002fea88
00407ec8	Q24Kaim7CObject	
00407ed8	Q24Kaim10CAstarData	00393548
00407ef0	Q24Kaim14CZeroHeuristic	
00407f08	Kynogon Astar Data	002fe370 002fdba8 002fdd88
00407f20	Q24Kaim10CGraphData	
00407f38	Q24Kaimt10CMetaClass2ZQ24Kaim10CGraphDataZPFPQ24Kaim13CSpatialGraph_PQ24Kaim10CGraphData	
00407f98	Q24Kaim10CHeuristic	
00407fb0	bad_alloc	
00407fc0	DisableDA	002ff250
00407fe0	DynamicAvoidanceClass	002ff890 002ff250
00407ff8	CPathFinder::FindNextMove::CheckAccident	002ff250
00408028	CPathFinder::FindNextMove::ASTAR	002ff250
00408050	CPathFinder::FindNextMove::NewSubGoal	002ff250
00408078	CPathFinder::FindNextMove::Goto	002ff250
00408098	Graph	002ff890
004080a0	DistMinNewGoal	002ff890
004080b0	DistGoal	002ff890
004080c0	DistStop	002ff890
004080d0	DistGoalSlowDown	002ff890
004080e8	DistSlowDown	002ff890
004080f8	MaxDeltaHeight	002ff890
00408108	DistSubgoalMax	002ff890
00408118	MaxDeltaAngle	002ff890
00408128	MaxYawSpeed	002ff890
00408138	NbMaxSubgoal	002ff890
00408148	HoleHeight	002ff890
00408158	WidthRatioForHoleDetection	002ff890
00408178	HoleDistToEdge	002ff890
00408188	CpuPrudence	002ff890
00408198	AvoidCpuPeaks	002ff890
004081a8	StopCondition	002ff890
004081b8	FindVertex	002ff890
004081c8	MoveModeCheck	002ff890
004081d8	SimpleMove	002ff890
004081e8	ComplexMove	002ff890
004081f8	NextSubgoal	002ff890
00408208	CanGo	002ff890
00408210	MaxPathSize	002ff890
00408220	YawSmoothing	002ff890
00408230	UpdateTorsoRotate	002ff890
00408260	false	002ff890
00408268	CPathFinder	003039d8
00408278	SimpleStopCondition	003039d8
00408290	NearestVertex	003039d8
004082a0	LocallyVisibleVertex	003039d8
004082b8	NearestVertexOpt	003039d8
004082d0	VisibleGo	003039d8
004082e0	AlwaysGo	003039d8
004082f0	VisibleWithoutHoleGo	003039d8
00408308	SimpleCheck	003039d8
00408318	ComplexCheck	003039d8
00408328	VisibilityCheck	003039d8
00408338	HoleCheck	003039d8
00408348	NoCheck	003039d8
00408350	VisibleMove	003039d8
00408360	InvisibleMove	003039d8
00408370	VisibleAvoidDynMove	003039d8
00408388	StopAndRelaunchPath	003039d8
004083a0	Q24Kaim7CObject	00393860
004083b0	Q24Kaim12CTraceResult	
004083c8	Q34Kaim11CPathFinder15CConstraintInfo	00393860
004083f0	Q24Kaim11CPathFinder	003938d8
00408408	Q24Kaimt10CMetaClass2ZQ24Kaim13CBrainServiceZPFPQ24Kaim6CBrain_PQ24Kaim13CBrainService	
00408460	Q24Kaimt10CStringMap2ZPFRQ24Kaim11CPathFinder_UcUi16	00393cb8
00408498	Q24Kaimt10CStringMap2ZPFRQ24Kaim11CPathFinderRQ24Kaim7CVectorUcUc_PQ24Kaim7CVertexUi16	00393d08
004084f0	Q24Kaimt10CStringMap2ZPFRQ24Kaim11CPathFinderRQ24Kaim7CVector_UcUi16	00393d58
00408538	Q24Kaimt10CStringMap2ZPFRQ24Kaim11CPathFinderRQ24Kaim4MoveRCQ24Kaim7CVector_UcUi16	00393da8
00408590	bad_alloc	
004085a0	bad_alloc	
004085b0	DynDelayTime	003057e8
004085c0	DynRatioAttrRep	003057e8
004085d0	TimeMinTrigger	003057e8
004085e0	TimeMaxTrigger	003057e8
004085f0	SlowSpeedFactor	003057e8
00408600	VerySlowSpeedFactor	003057e8
00408618	DetectionDistanceRatio	003057e8
00408630	CRepulsorDynamicAvoidance	003063a8
00408650	Q24Kaim7CObject	
00408660	Q34Kaimt8CVarList1ZPQ24Kaim7CEntity9CIterator	
00408690	Q24Kaim25CRepulsorDynamicAvoidance	00393ed8
004086b8	Q24Kaimt10CMetaClass2ZQ24Kaim17IDynamicAvoidanceZPFPQ24Kaim11CPathFinder_PQ24Kaim17IDynamicAvoidance	00393f38
00408720	Q24Kaim17IDynamicAvoidance	00393f78
00408740	bad_alloc	
004087d8	TrackingUpdatePeriod	0030b4a8
004087f0	ForcedModeTimerThreshold	0030b4a8
00408810	ForcedModeTimerDelay	0030b4a8
00408828	CollisionDiagrammWidth	0030b4a8
00408840	AvoidanceCandidateSpacing	0030b4a8
00408860	SlowSpeedFactor	0030b4a8
00408870	CGapDynamicAvoidance	0030b750
00408888	Q24Kaim7CObject	00393ff8 003940e0 00394158 003942b8 00394370 003944f8 003945a8
00408898	Q24Kaim12CTraceResult	
004088b0	Q34Kaimt8CVarList1ZPQ24Kaim7CEntity9CIterator	
004088e0	Q24Kaim4CGap	00393ff8
004088f0	Q24Kaim13EntityTracker	003940e0
00408908	Q34Kaim20CGapDynamicAvoidance16CCandidateTarget	00394158
00408938	Q24Kaim20CGapDynamicAvoidance	003941d0
00408958	Q24Kaimt8CVarList1ZQ34Kaim20CGapDynamicAvoidance16CCandidateTarget	003942b8
004089a0	Q34Kaimt8CVarList1ZQ34Kaim20CGapDynamicAvoidance16CCandidateTarget5CCell	00394370
004089f0	Q34Kaimt8CVarList1ZQ34Kaim20CGapDynamicAvoidance16CCandidateTarget9CIterator	003944f8
00408a40	Q34Kaimt8CVarList1ZQ24Kaim4CGap9CIterator	003945a8
00408a70	Q24Kaimt10CMetaClass2ZQ24Kaim17IDynamicAvoidanceZPFPQ24Kaim11CPathFinder_PQ24Kaim17IDynamicAvoidance	
00408ad8	Q24Kaim17IDynamicAvoidance	
00408b00	bad_alloc	
00408b18	Q24Kaim7CObject	00394620 00394698 00394750
00408b38	Q24Kaimt8CVarList1ZQ24Kaim4CGap	00394620
00408b58	Q24Kaim11CGapManager	00394698
00408b70	Q34Kaimt8CVarList1ZQ24Kaim4CGap5CCell	00394750
00408b98	Q34Kaimt8CVarList1ZQ24Kaim4CGap9CIterator	
00408bc8	bad_alloc	
00408bd8	Q24Kaim22CDynamicAvoidanceClass	00394950
00408bf8	Q24Kaimt10CMetaClass2ZQ24Kaim17IDynamicAvoidanceZPFPQ24Kaim11CPathFinder_PQ24Kaim17IDynamicAvoidance	
00408c60	bad_alloc	
00408c70	bad_alloc	
00408c80	MaxWorldSounds	0030d370
00408c90	NbReservedSoundsCombat	0030d370
00408ca8	NbReservedSoundsWorld	0030d370
00408cc0	NbReservedSoundsPlayer	0030d370
00408cd8	NbReservedSoundsDanger	0030d370
00408cf0	NbReservedSoundsCarcass	0030d370
00408d08	NbReservedSoundsMeat	0030d370
00408d20	NbReservedSoundsGarbage	0030d370
00408d38	CSoundManager	0030dfc0
00408d48	Q24Kaim6CSound	00394b30
00408d58	Q24Kaim13CSoundManager	00394bc0
00408f70	Q24Kaim7CObject	
00408f80	Q24Kaim13CWorldService	
00408f98	Q24Kaimt10CMetaClass2ZQ24Kaim13CWorldServiceZPFv_PQ24Kaim13CWorldService	
00408ff0	bad_alloc	
00409000	bad_alloc	
00409010	Kaim::CEntityManager::ComputeCommonInfo	0030eca8
00409038	ComputeInfoDelay	0030fe98
00409050	ComputeCommonInfoDelay	0030fe98
00409070	CEntityManager	0030fd68
00409080	Q24Kaim7CObject	00394c68
00409090	Q34Kaimt8CVarList1ZPQ24Kaim7CEntity9CIterator	
004090c0	Q24Kaim11CInfoEntity	00394c68
004090d8	Q24Kaim14CEntityManager	00394d18
004090f0	Q24Kaim13CBrainService	
00409108	Q24Kaimt10CMetaClass2ZQ24Kaim13CBrainServiceZPFPQ24Kaim6CBrain_PQ24Kaim13CBrainService	
0040a040	EE  RwaRPCTransfer : ERROR! DMA command queue FULL! Discarding oldest command!
	003242b0
0040a316	T'Number of opened files on %s (device name: %s): %d	
0040a350	bad_alloc	
0040a360	bad_alloc	
0040a370	bad_alloc	
0040a380	bad_alloc	
0040a390	bad_alloc	
0040a3a0	bad_alloc	
0040a3b0	bad_alloc	
0040a3c0	bad_alloc	
0040a3d0	bad_alloc	
0040a3e0	bad_alloc	
0040a3f0	bad_alloc	
0040a400	bad_alloc	
0040a410	bad_alloc	
0040a420	bad_alloc	
0040a470	bad_alloc	
0040a480	bad_alloc	
0040a490	bad_alloc	
0040a4a0	bad_alloc	
0040a4b0	bad_alloc	
0040a4c0	AggregateVolume	
0040a4d0	bad_alloc	
0040a4e0	BoxVolume	
0040a4f0	bad_alloc	
0040a500	CapsuleVolume	
0040a510	bad_alloc	
0040a520	SphereVolume	
0040a530	bad_alloc	
0040a540	TriangleVolume	
0040a550	bad_alloc	
0040a560	bad_alloc	
0040a570	bad_alloc	
0040a580	bad_alloc	
0040a590	bad_alloc	
0040a650	bad_alloc	
0040a660	UNKNOWN	
0040a668	bad_alloc	
0040a678	bad_alloc	
0040a688	bad_alloc	
0040a698	bad_alloc	
0040a6c0	bad_alloc	
0040a708	0123456789abcdef%s	
0040a720	addr: 0x%08x%c	
0040a730	size: %10u (%8x)%c	
0040a748	data: %s%c	
0040a758	attr: %s %s%c	
0040a768	internal	
0040a780	mapped	
0040a7d0	sceMc2_sema_main	00355278
0040a7e8	sceMc2_sema_start	00355278
0040a800	sceMc2_sema_end	00355278
0040a810	sceMc2_basic_thread	00355278
0040a828	libmc2: TerminateTread faild
	00355420
0040a8d0	Sony PS2 Memory Card Format	00357070 00357408
0040a8f0	 1.2.0.0	00357408
0040a900	libmc2: Fatal Error [%08x]
	00357408
0040a928	sceMc2_sema_subs	0035b5c8
0040a940	** PANIC!
	0035bbd8
0040a950	libmc2: Invalid data length (over 8192)
	0035bfd0
0040a980	MC2SOCKET	0035c308
0040af10	C-SJIS	0035e870
0040af18	C-EUCJP	0035e870
0040af20	C-JIS	0035e870
0040b0c0	                00000000000000000123456789abcdef	00361530
0040b0f8	(null)	00361530
0040b100	0123456789ABCDEF	00361530
0040b118	bug in vfprintf: bad base	00361530
0040b2b0	                00000000000000000123456789abcdef	00362830
0040b2e8	(null)	00362830
0040b2f0	0123456789ABCDEF	00362830
0040b308	bug in vfprintf: bad base	00362830
0040b5b0	
ungetc error: *static buffer overflow* - char not added to buffer
	003662d0
0040b71f	
## internel error in libkernl.a!
	
0040b748	SceKerneltopThread	003684e0
0040b760	SceKernelDelayThread	00368670
0040b778	TTY: packet size larger than expect
	00368980
0040b7a0	TTY: receive error	00368980
0040b7b8	TTY: send err %d
	00368980
0040b7d0	TTY: err ti->wlen=%08x
	00368980
0040b81e	.A0123456789abcdef	
0040b838	0123456789ABCDEF	
0040b9b8	SceSifrpcGod	
0040b9c8	SceSifrpcBind	0036af20
0040b9d8	SceSifrpcCall	0036b100
0040b9f0	SceStdioIobSema	0036b358
0040ba00	SceStdioQueSema	0036b358
0040ba78	SceStdioFioSema	0036b970
0040ba90	SceStdioOpenSema	0036bd20
0040baa8	SceStdioCloseSema	0036bfb0
0040bac0	SceStdioLseekSema	0036c128
0040bad8	SceStdioReadSema	0036c368
0040baf0	SceStdioWriteSema	0036c5d8
0040bb08	SceStdioIoctlSema	0036c898
0040bb20	SceStdioIoctl2Sema	
0040bb38	SceStdioCCodeSema	
0040bb50	SceStdioMkdirSema	
0040bb68	SceStdioFormatSema	
0040bb80	SceStdioAddDrvSema	
0040bb98	SceStdioDcloseSema	
0040bbb0	SceStdioDreadSema	
0040bbc8	SceStdioGetstatSema	
0040bbe0	SceStdioChstatSema	
0040bbf8	SceStdioRenameSema	
0040bc10	SceStdioSyncSema	
0040bc28	SceStdioMountSema	
0040bc40	SceStdioLseek64Sema	
0040bc58	SceStdioDevctlSema	
0040bc70	SceStdioSymlinkSema	
0040bc88	SceStdioReadlinkSema	
0040bcb2	m0:UDNL 	0036d408
0040bcc0	too long parameter '%s'
	0036d408
0040bce0	SceKernelLibc	0036d580
0040bcf0	SceKernelLibcEh	0036d580
0040bd08	# TLB spad=0 kernel=1:%d default=%d:%d extended=%d:%d
	0036ed70
0040bd40	# TLB over flow (1)	0036ed70
0040bd58	# TLB over flow (2)	0036ed70
0040bd70	# TLB over flow (3)	0036ed70
0040beb8	13bad_exception	0036fff8
0040bec8	9exception	00370090
0040bed8	bad_alloc	
0040bf70	17__class_type_info	00370468
0040bf88	14__si_type_info	003704f8
0040bfa0	16__user_type_info	00370580
0040bfb8	10bad_typeid	00370638
0040bfc8	8bad_cast	003706d0
0040bfd8	9type_info	00370760
0040bfe8	bad_alloc	
0040c0f0	17__array_type_info	00371210
0040c108	16__ptmd_type_info	00371280
0040c120	16__ptmf_type_info	003712f0
0040c138	16__func_type_info	00371360
0040c150	19__builtin_type_info	003713d0
0040c168	16__attr_type_info	00371440
0040c180	19__pointer_type_info	003714b0
0040c198	rom0:ROMVER	00371c88
0040c1a8	sceGsDefDispEnv:Not support displaymode for 0x%x!!
	00371d38
0040c1e0	sceGsExecStoreImage: DMA Ch.1 does not terminate
	00372498
0040c218	sceGsExecStoreImage: GS does not terminate
	00372498
0040c248	sceGsExecStoreImage: DMA Ch.1 (GS->MEM) does not terminate
	00372498
0040c288	sceGsExecStoreImage: Enough data does not reach VIF1
	00372498
0040c3b0	sceGsPutDrawEnv: DMA Ch.2 does not terminate
	00372e30
0040c408	bad_alloc	
0040c420	Q24Kaim14CXmlDataReader	00396e78
0040c438	Q24Kaim7CObject	00396ec8
0040c448	Q24Kaim11CDataReader	00396ec8
0040c460	bad_alloc	
0040c5e8	All stream blocks will be padded by %d bytes for sector alignment	
0040c630	Substream %s packet is not the same duration as all other substream packets	
0040c680	%s:%s:%s will be padded by %d bytes.	
0040c6a8	Stream %s has been padded by a total of %d bytes.	
0040c788	bad_alloc	
0040c798	bad_alloc	
0040e4f8	Unnamed	
203bd231	0p p p p p p p p	
203bdca0	Mission Failed	
203bdcd0	 - Mission Complete	
203c1560	PsIIlibdbc  3020	
203c15b0	PsIIlibpad2 3020	
203c1640	PsIIlibcdvd 3000	
203d1e18	null animViewInfo	
203d6cb0	0123456789abcdefghijklmnopqrstuvwxyz	
203d7148	PsIIlibkernl3000	
203f2280	%s(%d): Assert: %s
	
203f2298	%s(%d): Message: %s
	
203f22b0	bad_alloc	
203f22c0	GAMESOURCE	
203f22d0	SHAREDCLASSES	
203f22e0	GAMESHARED/GAMECLASSES	
203f22f8	GAMESHARED4/GAMECLASSES	
203f2310	<GameSource>	
203f2320	<SharedClasses>	
203f2348	colourbars	
203f2388	Coefficient %d: %d	
203f23a0	Tint channel %d: %u	
203f23b8	Kills: %d	
203f23c8	Black Kills: %d	
203f23d8	Percentage Black Mode: %.0f	
203f23f8	Current	
203f2400	Average	
203f2410	Calls	
203f2418	Update cost	
203f2428	Render cost	
203f2438	GPU Render cost	
203f2450	Resource	
203f2460	Unknown	
203f2468	ITC Machine Std	
203f2478	Eurostile LT Std	
203f24a0	Data/Andy.aku	
203f2520	Loading_screen	
203f2530	BootSequence	
203f2540	blacktitlemenu	
203f2550	ResultsScreen	
203f2560	challengeresultsscreenFailed	
203f2580	challengeresultsscreenComplete	
203f25a0	ProgScanSelect	
203f25c8	Attr_%s	
203f2680	MissionModeSelect	
203f2698	FMVPlayer	
203f26a8	BlackIntroSequence	
203f26c0	FECurrentFmv	
203f26d0	FELoopFmv	
203f26e0	StartGame	
203f26f0	StartMainMenu	
203f2700	SkipIntroCredits	
203f2718	StartMainMenuSkip	
203f2730	StartVideo	
203f2740	StartVideoPage	
203f2750	StartNewMission	
203f2760	ResultsEasy	
203f2850	FmvHasFinished	
203f28d0	blacktitlemenu2	
203f2aa0	Language/Fonts/Big.bin	
203f2ab8	Language/Fonts/Small.bin	
203f2ad8	GlobData.bin	
203f2ae8	languageselect	
203f2b30	textboxes	
203f2ec0	FE_CONTROLLERDISCONNECTED	
203f2ee0	1234567890123456789012345678901234567890123456789012345678901234	
203f2f28	Language/Strings/Main%s.bin	
203f2f48	FE_DIFFEASY	
203f2f58	FE_DIFFNORMAL	
203f2f68	FE_DIFFHARD	
203f2f78	FE_BLACKOPS	
203f2f98	DemoAttr	
203f2fa8	Intro	
203f2fb8	Target	
203f2fc0	American	
203f2fd0	Assets	
203f2fd8	Solomon	
203f2fe0	Valencio	
203f2ff8	Level	
203f3000	Division	
203f3030	CredRoll	
203f3040	videos/%s.m2v	
203f3050	sound\streams\%s.ssh	
203f30f8	CREDITS_%02d	
203f3108	data/view.ico	
203f3118	view.ico	
203f3128	icon.sys	
203f3138	BLACK	
203f3160	FE_MCOption_ProfileEmpty	
203f3180	FE_MCOption_ProfileCorrupt	
203f31a0	FE_MCOption_Yes	
203f31b0	FE_MCOption_No	
203f31c0	FE_MCOption_Continue	
203f31d8	FE_MCOption_Retry	
203f31f0	FE_MCTitle_LoadProfile	
203f3208	FE_MCTitle_SaveProfile	
203f3220	FE_MCLoad_AskConfirm	
203f3238	FE_MCSave_AskOverwrite	
203f3250	FE_MCSave_AskSave	
203f3268	FE_MCContinueNoSaveConfirm	
203f3288	FE_MCSave_AskSaveProfileName	
203f32a8	FE_MCLoad_Failed_CorruptData	
203f32c8	FE_MCAutosaveWillBeDisabled	
203f32e8	FE_MCAskEnableAutosave	
203f3300	FE_MCAskDisableAutosave	
203f3318	FE_MCNewProfile_Confirm	
203f3330	FE_MCNewProfile_EnableAutosave	
203f3350	FE_MCNewProfile_EnableAutosaveConfirm	
203f3378	FE_MCCheckingCard	
203f3390	FE_MCBoot_NoCard	
203f33a8	FE_MCBoot_NoSpace	
203f33c0	FE_MCFormat_Formatting	
203f33d8	FE_MCFormat_Success	
203f33f0	FE_MCFormat_Failed	
203f3408	FE_MCFormat_Failed_CardRemoved	
203f3428	FE_MCFormat_AskConfirm	
203f3440	FE_MCLoad_Loading	
203f3458	FE_MCLoad_NoCard	
203f3470	FE_MCLoad_NoFile	
203f3488	FE_MCLoad_Success	
203f34a0	FE_MCLoad_Failed	
203f34b8	FE_MCLoad_Failed_CardRemoved	
203f34d8	FE_MCSave_Saving	
203f34f0	FE_MCSave_NoCard	
203f3508	FE_MCSave_NoSpace	
203f3520	FE_MCSave_NotFormatted	
203f3538	FE_MCSave_Success	
203f3550	FE_MCSave_Failed	
203f3568	FE_MCSave_Failed_CardRemoved	
203f3588	FE_MCAutosave_Saving	
203f35a0	FE_MCAutosave_Failed	
203f35b8	FE_MCAutosave_Failed_CardRemoved	
203f35e0	FE_MCAutosave_Failed_WrongCard	
203f3628	Chris	
203f3638	Sarah	
203f3640	Philip	
203f3648	Anders	
203f3658	Filip	
203f3660	Barry	
203f3688	Card status: %d	
203f3698	Card error: %d	
203f36a8	BootupLoadedProfile: %d	
203f36c0	AutoSaveIndex: %d	
203f36d8	IsWaitingOnInput: %d	
203f36f0	IsFinished: %d	
203f3700	mePrepareState: %d	
203f3718	meMemCardState: %d	
203f3730	meBootupSubstate: %d	
203f3748	meSaveSubstate: %d	
203f3760	meLoadSubstate: %d	
203f3778	meAutosaveSubstate: %d	
203f3790	meDebugSubstate: %d	
203f37b8	Message: "%s"	
203f37c8	Option%i: "%s"	
203f37d8	Options: %d, Def.: %d, Sel.: %d	
203f3858	**HARDCODED** This game uses autosave, do not remove card beyond this point.. blah blah blah
	
203f3b88	Unlocks	
203f3c10	.keyframes	
203f3c20	<camerapath keyframes="%d" effects="%d">
	
203f3c50	 <keyframe fov="%f" time="%f" effects="%d">
	
203f3c80	  <position x="%f" y="%f" z="%f"/>
	
203f3ca8	  <orientation a="%f" b="%f" c="%f" d="%f"/>
	
203f3cd8	 </keyframe>
	
203f3ce8	 <effect type="%d" magnitude="%f"  time1="%f" time2="%f" time3="%f" time4="%f" >
	
203f3d40	 </effect>
	
203f3d50	</camerapath>
	
203f3e90	MissionFailed	
203f3ea8	Normal	
203f3eb8	Black	
203f3ed8	KELLAR J.	
203f3ff0	\IOP\DSPROUTE.IRX;1	
203f40e8	0123456789ABCDEFGHKJLMNOPQRSTUVXYZ	
203f42d0	bad_alloc	
203f4320	Trigger Threshold	
203f4338	Tinnitus	
203f4348	Levels\Level_%02u\LevelDat.bin	
203f4368	Levels\Level_%02u\fpguns\	
203f4388	Levels\Level_%02u\Stg_%04u\StLevel.bin	
203f43b8	Levels\Level_%02u\Stg_%04u\Guns%s.bin	
203f44e0	FE_LOADING	
203f4508	Levels\Level_%02u\Unit_%02d.bin	
203f4528	Levels\Level_%02u\Stg_%04d\StUnit%02d.bin	
203f4640	Glass_Ref2	
203f4650	Glass_Ref	
203f4668	Normal	
203f4678	Black	
203f4680	Secondary	
203f4690	Destruction	
203f46a0	Blackmail	
203f46b0	Intel	
203f46b8	Recon	
203f46c0	Armament	
203f46d0	Bodycount	
203f46e0	Message to level designer: 
%s objective target is unreachable.
Target is %d but there are only %d 
%s objectives at difficulty level %s	
203f4770	WARNING! NO MORTAR FIRE SOUND BUT MORTAR FIRING!	
203f47a8	WARNING! NO MORTAR IN SOUND BUT MORTAR FIRING!	
203f47d8	WARNING! FIRING TANK SHELL WITH NO TANK SHELL SOUND!
	
203f4848	AI gun model not found: %s

Please ask a designer to add it to the 

weaponList.txt file for this level	
203f48b8	MIDSPINE	
203f48c8	LOWERSPINE	
203f48d8	SHOULDER_LT	
203f48e8	ELBOW_LT	
203f48f8	SHOULDER_RT	
203f4908	ELBOW_RT	
203f4918	UPPERLEG_LT	
203f4930	UPPERLEG_RT	
203f49c8	ReloadHealth	
203f49d8	HealthPacks	
203f4a08	Max Hold Modifier Increment	
203f4a28	Controls_PS2	
203f4a38	../Export/ValueDB/Controls/Controls_PS2.cfg	
203f4a68	Max Hold Modifier	
203f4a80	Analogue Control Power	
203f4a98	Percentage Catch Up	
203f4ab0	sniper_SetMaxZoom	
203f4ac8	sniper_SetMinZoom	
203f4b00	chars/guns/	
203f4b86	#=New State	
203f4c40	FEZoomLevel	
203f4c50	sniperhud	
203f4fb0	LX_DESTRUCTION	
203f5028	SH_AR_S_016	
203f5058	gradient	
203f5070	envmapclouds	
203f5340	bad_alloc	
203f5350	MoveGraph	
203f5360	DenseGraph	
203f5370	RawData	
203f5378	CPathFinder::FindNextMove::ASTAR	
203f53a0	CPathFinder::FindNextMove::NewSubGoal	
203f53c8	CPathFinder::FindNextMove::Goto	
203f53e8	CPathFinder::FindNextMove::CheckAccident	
203f5418	AstarLoop	
203f5428	TraceLine	
203f5438	CheckVisible	
203f5448	CheckCylinder	
203f54a0	Message to Level Designer
Physics object %s tagged for Pathfinding collision has been removed without reexporting the world view
Reexport the world view and save it to get rid of that message	
203f5768	Message to Level Designer :
Never give a teammate a firesector with multiple volumes!
Only the first will be used
	
203f5877	@Message to Level Designer:
Patrol Point(%s) with a zero delay connected to Idle Point(%s)
Remove Idle Point from Patrol Point targets or set a valid delay	
203f6170	CBkRwAIActionCharacter	
203f6188	CBkRwAIBrainCharacter	
203f61a0	CBkRwAIEntityCharacter	
203f61b8	CBkRwAIBlockPathObject	
203f61d0	CBkRwAIEntity	
203f61e0	CBkRwAICustomHeuristic	
203f61f8	CBkRwAICustomConstraint	
203f6210	CBkRwAICustomPathfinder	
203f67b0	bad_alloc	
203f6c90	SH_AR_S_330	
203f6cd8	SH_AR_S_355	
203f6d38	SH_AR_S_354	
203f6d58	SH_AR_S_383	
203f6e58	  CBkActor::Update	
203f6e70	  Blackadder DecodeFrame	
203f6ed0	J_B_Hand_Loc	
203f6ee0	J_B_Breath_Loc	
203f6ef0	J_B_Grenade_Loc	
203f6f00	J_B_Bottle_Loc	
203f6f10	J_B_Shield_Loc	
203f6f20	Flash_Loc	
203f6f30	Bullet_Loc	
203f6f40	Grenade_Loc	
203f6f50	unknown	
203f6f60	false	
203f6f68	frame number	
203f6f78	player_move_rate	
203f6f90	player_direction	
203f6fa8	crouching	
203f6fb8	aim_pitch	
203f6fc8	aim_bearing	
203f6fd8	torso_pitch	
203f6fe8	run_rate_multiplier	
203f7000	cowering	
203f7010	shot_on_air	
203f7020	chars\trans_ch.bin	
203f7038	chars\trans_fp.bin	
203f7190	bad_alloc	
203f7218	caust%d	
203f72a0	GunReflectMap	
203f72e0	bulletholes	
203f7510	bad_alloc	
203f7570	Level.awd	
203f7598	PlayerWeapon	
203f75a8	Levels\Level_%02u\%s	
203f75c0	Sound\PCM\GrdPin.dav	
203f75d8	chars\guns\GrdPin.wdo	
203f75f0	Sound\PCM\GrdLnchr.dav	
203f7608	chars\guns\GrdLnchr.wdo	
203f76b8	Sound\Streams\	
203f76c8	chars\guns\	
203f76e0	AMBIENCE	
203f76f0	levels\level_%02i\%s%s	
203f7708	DESTRUCT	
203f7720	levels\level_%02i\spch_%s%s	
203f7740	MUSIC	
203f7748	levels\level_%02i\Music%s	
203f7778	levels\global\speech%s	
203f7790	Levels\Level_%02u\fpguns\%s%s	
203f79e0	../Export/ValueDB/Sound/ps2/BaseMix.cfg	
203f7a08	Ambience.ssh	
203f7a18	Emitter.awd	
203f7aa8	levels\level_%02i\%s	
203f7ac0	Levels\Level_%02u\Stg_%04u\%s	
203f7b58	WorldAmbience	
203f7c18	../Export/ValueDB/Sound/ps2/Collision.cfg	
203f7c48	Light Object Max Impulse	
203f7c68	Collision	
203f7c78	Medium Object Max Impulse	
203f7c98	Heavy Object Max Impulse	
203f7cb8	World Object Max Impulse	
203f7cd8	Object Impulse Threshold	
203f7cf8	Footstep Impulse	
203f7d50	Collide.awd	
203f7d60	Light Object Max Weight	
203f7d78	../Export/ValueDB/Sound/Collision.cfg	
203f7da0	Medium Object Max Weight	
203f7dc0	Heavy Object Max Weight	
203f7dd8	World Object Max Weight	
203f7e18	Deemphasis Attenuation	
203f7e30	AIWeapon	
203f7e78	../Export/ValueDB/Sound/ps2/AIWeapon.cfg	
203f7ed8	Carrie	
203f7ee8	BulletBy	
203f7ef8	MaxWeaponsSoundedPerFrame	
203f7f18	EnemyWeapon	
203f7f28	MaxEnemiesSoundedPerFrame	
203f7f48	Emphasis Decay Frames	
203f7f60	Distance Weighting	
203f7f78	Line of Sight Weighting	
203f7f90	Distance Precedence Threshold	
203f7fb0	Duplicated Register Attenuation	
203f7fd0	Unimportant Primary Firing Attenuation	
203f7ff8	Attenuate Duplicated Registers	
203f8018	EmoteGain	
203f8028	Hacks	
203f8030	EmoteMinDistance	
203f8048	EmoteMaxDistance	
203f8060	TyreHitGain	
203f8070	TyreHitMinDistance	
203f8088	TyreHitMaxDistance	
203f80a0	Levels\Level_%02u\Stg_%04u\AIWpns.awd	
203f8118	Team%d_%s	
203f81b8	BulletBy Pitch Variance	
203f81d0	BulletBy Gain Variance	
203f81e8	Outer Dist	
203f81f8	Ducker Dist	
203f8208	Stereo Spread	
203f82a8	levels/global/speech	
203f82e8	levels\level_%02i\speech	
203f8308	levels\level_%02i\spch_%s	
203f83e8	Sound/Banks/Anim.awd	
203f8400	Sound\PAudio.awd	
203f8540	Sound\Streams\FEMusic.ssh	
203f8560	Sound\FEAudio.awd	
203f8618	VGGeneral	
203f8628	VGPlayerWeapon	
203f8638	VGPlayerCollision	
203f8650	VGEnemyWeapons1	
203f8660	VGEnemyWeapons2	
203f8670	VGEnemyWeapons3	
203f8680	VGTeamMateWeapons	
203f8698	VGAtmosphere	
203f86a8	VGExplosions	
203f86b8	VGSpeech	
203f86c8	VGSpeechEnemy	
203f86d8	VGCollateralKills	
203f86f0	VGPlayerFoley	
203f8700	VGEnemyFoley	
203f8710	VGEnemyCollision	
203f8728	VGBulletBys	
203f8740	VGMusic	
203f8748	Normal_%.2i	
203f8758	../Export/ValueDB/Sound/ps2/DMMODE%s.CFG	
203f8788	FrequencyScalar	
203f8798	VolumeScalar	
203f87a8	AttackTime	
203f87b8	MixDominant	
203f87c8	../Export/ValueDB/Sound/ps2/Streams.cfg	
203f87f0	Destruct.ssh	
203f8808	Destruction	
203f8818	DistantThreshold	
203f8830	Explosion Duck Duration	
203f8848	Destruction Duck Duration	
203f8868	Duck Time per Blow Out	
203f8880	Max Blow Out Duck Time	
203f8898	Min Time betwixt Blow Outs	
203f88b8	Max Time betwixt Blow Outs	
203f88d8	Fire gain	
203f88e8	Fire minimum distance	
203f8900	Fire maximum distance	
203f8a40	../Export/ValueDB/Sound/ps2/DSP.cfg	
203f8a68	Tinnitus	
203f8a78	LowHealth	
203f8a87	~Start Frequency	
203f8a98	End Frequency	
203f8aa8	StartingQ	
203f8ac0	Attack Time	
203f8ad0	Hold Time	
203f8ae0	Release Time	
203f8af0	Whistle Gain	
203f8b00	UpperThreshold	
203f8b10	Low Health	
203f8b20	Full Muff	
203f8b30	Smoothing	
203f8b40	HeartbeatThreshold	
203f9500	bad_alloc	
203f9510	DODGE LEFT	
203f9520	DODGE RIGHT	
203f9558	HUD_Bodycounttext	
203f9570	HUD_Bodycount	
203f9580	HUD_BodyCountIncrement	
203f95b8	HUD_messagebox	
203f95d0	FE_MULTI_KILL	
203f95e0	FE_TRIPLE_KILL	
203f95f0	FE_DOUBLE_KILL	
203f9600	FE_COLLATERAL_DAMAGE	
203f9618	FE_HEAD_SHOT	
203f9628	FE_BLASTED	
203f9638	FE_RICOCHET_KILL	
203f9650	FE_BLOWN_AWAY	
203f9660	FE_LONG_RANGE	
203f9670	FE_PASSING_SHOT	
203f9680	FE_PRIMARYOBJ_NEW	
203f9698	LX_DESTRUCTION	
203f96a8	FE_BLACKMAILOBJ_UPDATE	
203f96c0	FE_BLACKMAILOBJ_DONE	
203f96d8	FE_INTELOBJ_UPDATE	
203f96f0	FE_INTELOBJ_DONE	
203f9708	FE_RECONOBJ_DONE	
203f9720	LX_ARMAMENT	
203f9730	FE_PRIMARYOBJ_UPDATE	
203f9748	FE_PRIMARYOBJ_DONE	
203f9760	FE_SECONDARYOBJ_UPDATE	
203f9778	FE_PRIMARYOBJ_FAILED	
203f9790	FE_SECONDARYOBJECTIVETARGETS	
203f97b0	FE_SECONDARY_OBJ_TARGET_UPDATE	
203f97d0	FE_PICKUPAMMO_PISTOL	
203f97e8	FE_PICKUPAMMO_SHOTGN	
203f9800	FE_PICKUPAMMO_SMG	
203f9818	FE_PICKUPAMMO_RIFLE	
203f9830	FE_PICKUPAMMO_RPG	
203f9848	FE_PICKUPAMMO_LAUNCH	
203f9860	FE_PICKUPAMMO_SNIPER	
203f9878	FE_PICKUPAMMO_GRNADE	
203f9890	FE_PICKUPAMMO_MCHGUN	
203f98a8	FE_PICKUPAMMO_MAGNUM	
203f98c0	FE_AMMOFULL_PISTOL	
203f98d8	FE_AMMOFULL_SHOTGUN	
203f98f0	FE_AMMOFULL_SMG	
203f9900	FE_AMMOFULL_RIFLE	
203f9918	FE_AMMOFULL_RPG	
203f9928	FE_AMMOFULL_M203	
203f9940	FE_AMMOFULL_SNIPERRIFLE	
203f9958	FE_AMMOFULL_GRENADES	
203f9970	FE_AMMOFULL_HEAVYMACHINEGUN	
203f9990	FE_AMMOFULL_MAGNUM	
203f99a8	FE_PICKUP_HEALTH	
203f99c0	FE_PICKUP_HEALTHPACK_SMALL	
203f99e0	FE_PICKUP_SILENT_TYPE_1	
203f99f8	FE_PICKUP_SILENT_TYPE_2	
203f9a10	FE_PICKUP_SILENT_TYPE_3	
203f9a28	FE_PICKUP_SILENT_TYPE_4	
203f9a40	FE_PICKUP_SILENT_TYPE_5	
203f9a58	FE_PICKUP_SILENT_TYPE_6	
203f9a70	FE_PICKUP_SILENT_TYPE_7	
203f9a88	FE_PICKUP_SILENT_TYPE_8	
203f9aa0	FE_PICKUP_SILENT_TYPE_9	
203f9ab8	GM_SwapWeapon1	
203f9ac8	GM_SwapWeapon2	
203f9ad8	GM_PickWeapon	
203f9b38	FE_PICKEDUP	
203f9b48	HINT_INGAME_54	
203f9b58	HINT_INGAME_53	
203f9b88	HINT_INGAME_%d	
203f9b98	FE_HINTPROMPT	
203f9ba8	SetReticuleType	
203f9bb8	HUD_FIRERATE_FULLAUTO	
203f9bd0	HUD_FIRERATE_SEMIAUTO	
203f9be8	HUD_FIRERATE_SINGLESHOT	
203f9c00	HUD_FIRERATE_NONE	
203f9c18	Level Time 00:00	
203f9c30	Level Time %02d:%02d	
203f9c48	Black	
203f9c50	Health	
203f9c80	HUD_timercount	
203f9ce8	Eurostile LT Std	
203f9d08	FireBullet	
203f9d20	HUD_GrenadeCount	
203f9d38	AddGrenade	
203f9d48	SetFireRateMode	
203f9d58	aptCallReload	
203f9d68	AMMOTYPE_HP	
203f9d78	AMMOTYPE_LT	
203f9d88	AMMOTYPE_HV	
203f9d98	AMMOTYPE_SS	
203f9da8	AMMOTYPE_HC	
203f9db8	AMMOTYPE_FG	
203f9dc8	AMMOTYPE_RG	
203f9dd8	HUD_AmmoType	
203f9e48	HUD_HoldBreath	
203f9e58	hud_midzoom	
203f9e68	hud_maxzoom	
203f9e78	hud_holdbreath	
203f9e88	FE_LEVELNAME0_EXTRA2	
203f9ea0	FE_LEVELNAME%d	
203f9eb0	_EXTRA	
203fa040	bad_alloc	
203fa050	HINT_INGAME_%d	
203fa060	bad_alloc	
203fa0e8	GM_Objectives	
203fa0f8	PRESS FIRE (R1) TO START	
203fa130	Unit %u	
203fa148	Game Paused	
203fa158	FE_PressStart	
203fa168	Objectives Complete	
203fa180	Completion Time	
203fa190	Enemy Count	
203fa1a0	Black Ops Kills	
203fa1b0	Longest Black Ops Run	
203fa1c8	star_full	
203fa1d8	star_none	
203fa208	Toggle Crouch:   	
203fa220	Invert Y-Axis:   	
203fa238	Continue	
203fa248	Restart	
203fa290	FEFunctionTrigger	
203fa2a8	FEFunctionName	
203fa2b8	FEFunctionParam%d	
203fa2d0	bad_alloc	
203fa2e0	FEInputId	
203fa2f0	ListenForPlayer	
203fa300	PauseMenu	
203fa328	Export\FrontEnd\InGameOn.bin	
203fa348	Export\FrontEnd\WpnScope.bin	
203fa368	Export\FrontEnd\FEMain.bin	
203fa388	Export\FrontEnd\Loading.bin	
203fa3a8	Export\FrontEnd\Ring.bin	
203fa3c8	Export\FrontEnd\cntrDisc.bin	
203fa3e8	Export\FrontEnd\Core.bin	
203fa408	Export\FrontEnd\Common.bin	
203fa428	Export\FrontEnd\PseMenu.bin	
203fa448	p_scroll	
203fa458	f_scroll	
203fa470	_level%d	
203fa480	FEChangePage	
203fa490	FETargetPage	
203fa4a0	FERelease	
203fa4b0	FEAllowAttractMode	
203fa4c8	FEAttractTimeout	
203fa4e0	FEAttractTarget	
203fa4f0	FE_LevelAllowContinue	
203fa508	FELanguage	
203fa518	FEPlatform	
203fa530	FEVideoMode	
203fa548	FETerritory	
203fa560	FE_CONFIRMTITLE	
203fa570	FE_CONFIRMMESSAGE	
203fa588	SetupConfirmWarning	
203fa5a0	Loading_screen	
203fa5b0	ControllerDisconnected	
203fa790	FECurrentLevelId	
203fa7a8	FELoadingPauseMenus	
203fa7c0	HideLoadingMessage	
203fa7d8	Empty	
203fa7e0	Main._totalframes	
203fa7f8	Release	
203fa800	Main._currentframe	
203fa818	setWideScreen	
203fa828	Prepare	
203fa838	Update	
203fa840	LegalScreen	
203fa850	BootSequence	
203fa860	Destruct	
203fa870	%s_wide	
203fa878	FMVPlayer	
203fa888	IntroCredits	
203fa898	BlackIntroSequence	
203fa8b0	MissionFailed	
203fa8c0	%s._visible	
203fa8d0	_visible	
203fa970	RestartConfirm	
203fa980	FE_RESTART	
203fa990	FE_RESTARTWARNING	
203fa9a8	QuitConfirm	
203fa9b8	FE_QUIT	
203fa9c0	FE_QUITWARNING	
203fa9e0	Outline	
203fa9e8	Italic	
203faa08	BUTTON_TRIANGLE	
203faa18	BUTTON_SQUARE	
203faa28	BUTTON_CROSS	
203faa38	BUTTON_CIRCLE	
203faa48	BUTTON_DPAD_UP	
203faa58	BUTTON_DPAD_DOWN	
203faa70	BUTTON_DPAD_LEFT	
203faa88	BUTTON_DPAD_RIGHT	
203faaa0	BUTTON_START	
203faab0	BUTTON_SELECT	
203faac0	BUTTON_L1	
203faad0	BUTTON_L2	
203faae0	BUTTON_R1	
203faaf0	BUTTON_R2	
203fab00	BUTTON_L_THUMB	
203fab10	BUTTON_R_THUMB	
203fab60	Start480pTest	
203fab70	Unset480pAndFinish	
203faba0	Start60HzTest	
203fabb0	SucceedTest	
203fabc0	DebugGoToTitleMenu	
203fabd8	SucceedTestAndFinish	
203fabf0	FE_COUNT	
203fac00	60HzSelect	
203fac10	FELevelUnlocked1	
203fac28	FELevelUnlocked2	
203fac40	FELevelUnlocked3	
203fac58	FELevelUnlocked4	
203fac70	FELevelUnlocked5	
203fac88	FELevelUnlocked6	
203faca0	FELevelUnlocked7	
203facb8	FELevelUnlocked8	
203facd0	LevelSelect	
203face0	MissionModeSelect_StartLevel	
203fad00	UpdateDificulty	
203fad10	SelectedDifficulty	
203fad28	DifficultyBack	
203fad38	FE_DIFFICULTYDESC	
203fad50	FE_LEVEL_AND_RATING	
203fad68	FE_LEVELNAME	
203fad78	FE_OVERALLRATING2	
203fad90	FE_CURRENTDIFFICULTY	
203fada8	FE_MissionDifficulty	
203fadc0	FE_DifficultySelection	
203fadd8	FE_MissionDone	
203fade8	FE_DIFFICULTYDESC_EASY	
203fae00	FE_DIFFICULTYDESC_NORMAL	
203fae20	FE_DIFFICULTYDESC_HARD	
203fae38	FE_DIFFICULTYDESC_BLACK	
203fae50	FE_LEVELNAME%d	
203fae60	FE_LOCKED	
203fae70	FE_DIFFEASY	
203fae80	FE_DIFFNORMAL	
203fae90	FE_DIFFHARD	
203faea0	FE_BLACKOPS	
203faeb0	BlackTitleMenu2	
203faec0	MissionModeSelect	
203faed8	SetCurrentObjectives	
203faef0	ClosePauseMenu	
203faf00	RestartLevel	
203faf10	QuitLevel	
203faf20	ChangeObjectiveHint	
203faf38	FEDiffMode	
203faf48	FE_CURRENTOBJECTIVE	
203faf60	FE_CURRENTSECONDARYOBJECTIVE	
203faf80	FE_PRIMARYRATING	
203faf98	FE_SECONDARYRATING	
203fafb0	FE_BLACKMAILRATING	
203fafc8	FE_INTELRATING	
203fafd8	FE_RECONRATING	
203fafe8	FE_ARMAMENTRATING	
203fb000	FE_OBJECTIVEHINT	
203fb018	FE_OBJECTIVETOTAL	
203fb030	FE_OBJECTIVESTARGETTOTAL	
203fb050	FE_NOCURRENTPRIMARYOBJECTIVE	
203fb070	FE_NOCURRENTSECONDARYOBJECTIVE	
203fb090	OBJ_CHALLENGE_HEADSHOTS	
203fb0a8	OBJ_CHALLENGE_TIME	
203fb0c0	OBJ_CHALLENGE_TARGETS	
203fb0d8	FE_FORMAT_COUNT_OF_UNKNOWN	
203fb0f8	FE_FORMAT_COUNT_OF_COUNT	
203fb118	FE_OBJECTIVENOTAPPLICABLE	
203fb138	FE_DESTRUCTION_HINT	
203fb150	FE_COMPLETEALLPRIMARYOBJECTIVES	
203fb170	FE_BLACKMAIL_HINT	
203fb188	FE_INTEL_HINT	
203fb198	FE_RECON_HINT	
203fb1a8	FE_ARAMAMENT_HINT	
203fb1d8	FEInvertLookFlag	
203fb1f0	FEToggleCrouchFlag	
203fb208	FEVibration	
203fb218	FESFXVolume	
203fb228	FEMusicVolume	
203fb238	ToggleInvertLook	
203fb250	ToggleCrouchOnOff	
203fb268	ToggleVibration	
203fb278	SetSfxValue	
203fb288	SetMusicValue	
203fb298	FE_DEFAULT	
203fb2a8	FE_CCONF_SCOUT	
203fb2b8	FE_CCONF_ASSAULT	
203fb2d0	FE_CCONF_SOUTHPAW	
203fb2e8	FE_CCONF_CUSTOM	
203fb2f8	FEControllerType	
203fb310	FEDuplicateControlsExist	
203fb330	FEUnboundControlsExist	
203fb348	SetControllerTypeToCustom	
203fb368	ChangeControllerType	
203fb380	ChangeButtonAction	
203fb398	ConfirmCustom	
203fb3a8	LaunchCustom	
203fb3b8	RevertControllerConfig	
203fb3d0	FE_CCONF_TYPE	
203fb3e0	FE_CCONF_WARNING	
203fb3f8	ClearConflicts	
203fb408	SetConflict	
203fb418	FE_CCONF_DUPWARNING	
203fb438	FE_CCONF_DUPWARNING_MANY	
203fb458	FE_CCONF_MISSWARNING	
203fb470	FE_CCONF_MISSWARNING_MANY	
203fb490	FESoundOutputType	
203fb4a8	ChangeSoundOutputType	
203fb4c0	ChangeSoundtrack	
203fb4d8	ChangePlayMode	
203fb4e8	FONT_TEST_STRING	
203fb500	FEPictureOutputType	
203fb518	FEGammaLevel	
203fb528	ChangePictureOutputType	
203fb540	SetGammaLevel	
203fb550	FEDifficulty	
203fb560	FEDifficultyHard	
203fb578	ChangeDifficulty	
203fb590	SelectDifficulty	
203fb5a8	LeaveDifficultyMenu	
203fb5c0	OptionsMenu	
203fb5d0	RestartMission	
203fb5e0	ContinueMission	
203fb5f0	QuitFromMissionFailed	
203fb608	SetupResults	
203fb618	FE_RESULTSLEVELNAME	
203fb630	FE_MISSIONSTATUS	
203fb648	FE_PRIMARYSCORE	
203fb658	FE_SECONDARYSCORE	
203fb670	FE_BLACKMAILSCORE	
203fb688	FE_INTELSCORE	
203fb698	FE_OVERALLRATING	
203fb6b0	FE_BODYCOUNT	
203fb6c0	FE_MISSIONTIME	
203fb6d0	FE_OBJECTIVESTOTAL	
203fb6e8	current	
203fb6f0	FE_FORMAT_STRINGCOUNT_OF_STRINGCOUNT	
203fb718	FE_TIME_HOURSMINUTESSECONDS	
203fb738	SetObjectiveAppearance	
203fb750	FE_DEMOMISSIONCOMPLETE	
203fb768	FE_MISSIONFAILED	
203fb780	SetupRankingLadder	
203fb798	FE_RANKCHANGE	
203fb7a8	FE_NEWRANKMSG	
203fb7b8	FE_NEWRANKNAME	
203fb7c8	ChallengeLevelSelect	
203fb7e0	SelectChallengeHeadCount	
203fb800	SelectChallengeGunRun	
203fb818	SelectChallengeKillingTime	
203fb838	StartChallenge	
203fb848	FE_CURRENTCHALLENGELEVEL	
203fb868	FE_HEADCOUNTANDRATING	
203fb880	FE_GUNRUNANDRATING	
203fb898	FE_KILLINGTIMEANDRATING	
203fb8b0	FE_CHALLENGENAME	
203fb8c8	FE_CURRENTCHALLENGERECORD	
203fb8e8	FE_REQUIREMENT1	
203fb8f8	FE_REQUIREMENT2	
203fb908	FE_REQUIREMENT3	
203fb918	FE_REQUIREMENT4	
203fb928	FE_CHALLENGERATINGFORMAT	
203fb948	FE_BRONZE	
203fb958	FE_SILVER	
203fb968	FE_GOLD	
203fb970	FE_BLACK	
203fb980	FE_NOMEDALAWARDED	
203fb998	FE_HEADCOUNT	
203fb9a8	FE_GUNRUN	
203fb9b8	FE_KILLINGTIME	
203fb9c8	FE_LEVELLOCKED_FORMAT	
203fb9e0	FE_CURRENTRECORD_HEADSHOTS	
203fba00	FE_HEADSHOTS	
203fba18	FE_CURRENTRECORD_TARGETS	
203fba38	FE_TARGETS	
203fba48	FE_CURRENTRECORD_ENEMIESKILLED	
203fba68	FE_ENEMIESKILLEDFORMAT	
203fba80	RestartChallenge	
203fba98	SetupChallengeResultsSucceeded	
203fbab8	SetupChallengeResultsFailed	
203fbad8	FE_MEDALAWARDED	
203fbae8	FE_CHALLENGERESULTS	
203fbb00	FE_CHALLENGERESULT	
203fbb18	FE_BLACKMEDALAWARDED	
203fbb30	FE_GOLDMEDALAWARDED	
203fbb48	FE_SILVERMEDALAWARDED	
203fbb60	FE_BRONZEMEDALAWARDED	
203fbb78	%s: %d	
203fbb80	FE_MemcardOptionSelected	
203fbba0	FE_MemcardOptionCount	
203fbbb8	FE_MemcardAutosaveOn	
203fbbd0	FE_MemcardPrompt	
203fbbe8	Str_KeyboardIn	
203fbbf8	FE_MEMCARDMESSAGE	
203fbc10	FE_MEMCARDOPTION%d	
203fbc28	FE_NAMEENTRY	
203fbc38	FE_KEYBOARD_RESULT	
203fbc50	StartNewProfile	
203fbc60	StartLoadProfile	
203fbc78	StartSaveProfile	
203fbc90	StartBootCheckProfile	
203fbca8	StartAutosaveProfile	
203fbcc0	StartAutosaveChallenge	
203fbcd8	StartAutosaveSettings	
203fbcf0	MemcardSelectOption	
203fbd08	StartAutosaveSelect	
203fbd20	FE_KeyBoardDone	
203fbd30	FE_KeyBoardBack	
203fbd40	FE_UpdateCursor	
203fbd50	FE_UpdateString	
203fbd60	memcardslots	
203fbd70	VirtualKeyboard	
203fbd80	memcardmessage	
203fbd90	ProfileOptions	
203fbda0	ChallengeModeOverview	
203fbde0	Eurostile LT Std	
203fbdf8	UpdateCursorCallBack	
203fbe10	SetupObjectives	
203fbe20	CloseObjectivesScreen	
203fbe38	FE_MISSIONNAME	
203fbe48	FE_MISSIONDATE	
203fbe58	FE_OBJECTIVE%d	
203fbe68	ShowMap	
203fbe78	_EXTRA	
203fbe90	FE_LEVELRATING_0	
203fbea8	FE_LEVELRATING_1	
203fbec0	FE_LEVELRATING_2	
203fbed8	FE_LEVELRATING_3	
203fbef0	FE_LEVELRATING_4	
203fbf08	FE_LEVELRATING_5	
203fbf20	SetupOperatorProfileStrings	
203fbf40	FE_PLAYERNAME	
203fbf50	FE_RANK	
203fbf58	FE_COMPLETIONRESULTS	
203fbf70	FE_GAMETIMERESULTS	
203fbf88	FE_TOTALENEMYCOUNTRESULTS	
203fbfa8	FE_HEADSHOTSRESULTS	
203fbfc0	FE_TOTALBULLETSFIREDRESULTS	
203fbfe0	FE_WEAPONOFCHOICERESULTS	
203fc000	FE_TOTALCOMPLETIONFORMAT	
203fc038	FESetLanguage	
203fc068	FEKillBookSelect	
203fc080	FE_KILLBOOK_RESULT	
203fc098	Not acquired	
203fc0a8	Kill Acquired	
203fc0b8	Not Acquired	
203fc0c8	TriggerFMVDone	
203fc0d8	DemoMode_StartDemo	
203fc0f0	DemoMode_QuitDemo	
203fc108	DemoMode_PostTitleScreen	
203fc128	MainMenu	
203fc138	FE_HINT_TEXT	
203fc148	FE_LOADINGLEVELNAME	
203fc160	FE_LOADINGDIFFICULTY	
203fc178	FE_LOADINGTOCOMPLETE	
203fc190	FE_LOADINGPRIMARYTOTAL	
203fc1a8	FE_LOADINGINTELTOTAL	
203fc1c0	FE_LOADINGBLACKMAILTOTAL	
203fc1e0	FE_LOADINGDESTRUCTIONTOTAL	
203fc200	FE_LOADINGARMAMENTTOTAL	
203fc218	FE_LOADINGRECONTOTAL	
203fc230	FE_LOADINGOBJECTIVESTOTAL	
203fc250	FE_SECONDARYOBJECTIVETARGET	
203fc270	HINT_%d	
203fc278	LoadOverlayEasy	
203fc288	LoadOverlayHard	
203fc298	LoadOverlayBlack	
203fc2b0	FE_COMPLETE_OBJECTIVES	
203fc2c8	FE_EASY	
203fc2d0	FE_NORMAL	
203fc2e0	FE_HARD	
203fc2e8	FECurrentRewardType	
203fc300	FENextRewardType	
203fc318	FESetupRewardScreen	
203fc330	FE_CURRENTUNLOCKLEVEL	
203fc348	FE_WHATYOUHAVEDONE	
203fc360	FE_YOUHAVEUNLOCKED	
203fc378	FE_CONGRATULATIONS	
203fc3a8	FE_MISSIONOBJECTIVESACHIEVED	
203fc3c8	FE_DIFFBLACK	
203fc3d8	FE_DIFFCOMPLETED	
203fc3f0	FE_SILVERWEAPONMODETWO	
203fc408	FE_SILVERWEAPONMODEONE	
203fc420	FE_BLACKMODECOMPLETE	
203fc438	FE_UNLOCK_M16A2	
203fc448	FE_LEVELUNLOCKEDFORMAT	
203fc460	FE_CCONF_L1ACTION	
203fc478	FE_CCONF_L2ACTION	
203fc490	FE_CCONF_R1ACTION	
203fc4a8	FE_CCONF_R2ACTION	
203fc4c0	FE_CCONF_NORTHACTION	
203fc4d8	FE_CCONF_EASTACTION	
203fc4f0	FE_CCONF_SOUTHACTION	
203fc508	FE_CCONF_WESTACTION	
203fc520	FE_CCONF_LSTICKVERTICLEACTION	
203fc540	FE_CCONF_LSTICKHORIZONTALACTION	
203fc560	FE_CCONF_LSTICKCLICKACTION	
203fc580	FE_CCONF_RSTICKVERTICLEACTION	
203fc5a0	FE_CCONF_RSTICKHORIZONTALACTION	
203fc5c0	FE_CCONF_RSTICKCLICKACTION	
203fc5e0	FE_CCONF_DPADUPACTION	
203fc5f8	FE_CCONF_DPADDOWNACTION	
203fc610	FE_CCONF_DPADLEFTACTION	
203fc628	FE_CCONF_DPADRIGHTACTION	
203fc768	FEAK47IsUnlocked	
203fc780	FESpazIsUnlocked	
203fc798	FEUziIsUnlocked	
203fc7a8	FEM249IsUnlocked	
203fc7c0	FEM16A2IsUnlocked	
203fc7d8	FEM203IsUnlocked	
203fc7f0	FEGlockIsUnlocked	
203fc808	FEG36CIsUnlocked	
203fc820	FEWalther2000IsUnlocked	
203fc838	FEMac10EliteIsUnlocked	
203fc850	FEMagnumIsUnlocked	
203fc868	FEMP5IsUnlocked	
203fc878	FEP90IsUnlocked	
203fc888	FERPGIsUnlocked	
203fc898	FERemmingtonIsUnlocked	
203fc8b0	FEDC3EliteIsUnlocked	
203fc9c6	FTDefault	
203fc9f0	FE_ACTION_NONE	
203fca00	FE_ACTION_PRIMARYFIRE	
203fca18	FE_ACTION_RELOAD	
203fca30	FE_ACTION_CROUCH	
203fca48	FE_ACTION_CHANGEWEAPONUP	
203fca68	FE_ACTION_CHANGEWEAPONDOWN	
203fca88	FE_ACTION_AIM	
203fca98	FE_ACTION_GRENADE	
203fcab0	FE_ACTION_CHANGEFIRINGMODE	
203fcad0	FE_ACTION_TOGGLESUPRESSOR	
203fcaf0	FE_ACTION_MELEE	
203fcb00	FE_ACTION_HEALTHPACK	
203fcba8	FE_ACTION_ACTION	
203fcc60	FE_ACTION_RUNFORWARDBACK	
203fcc80	FE_ACTION_SIDESTEPLEFTRIGHT	
203fcca0	FE_ACTION_TURNLEFTRIGHT	
203fccb8	FE_ACTION_LOOKUPDOWN	
203fcd70	__constructor__	
203fcd80	ParentScope	
203fcda0	center	
203fcda8	right	
203fcdb0	Error	
203fcdb8	Iterators are not in same range	
203fcdd8	Trying to dereference an invalid iterator	
203fce08	Can't pass negative ranges, c&b.	
203fce30	No large string violation	
203fcea0	Object.registerClass::	
203fcec0	String	
203fcec8	Property	
203fcee0	Register	
203fcef0	Boolean	
203fcef8	Float	
203fcf00	Integer	
203fcf08	Lookup	
203fcf10	NativeFunction	
203fcf20	UNUSED	
203fcf28	Extern	
203fcf30	CharShapeInst	
203fcf40	CharSpriteInst	
203fcf50	CharButtonInst	
203fcf60	CharTextInst	
203fcf70	CharStaticTextInst	
203fcf88	CharMorphInst	
203fcf98	CharAnimationInst	
203fcfb0	CharLevelInst	
203fcfc0	FrameStack	
203fcfd0	Sound	
203fcfd8	Array	
203fcff0	Global	
203fcff8	ScriptColour	
203fd008	Object	
203fd010	Prototype	
203fd028	MovieClip	
203fd038	Mouse	
203fd040	XmlNode	
203fd050	XmlAttributes	
203fd060	LoadVars	
203fd070	TextFormat	
203fd080	Extension	
203fd090	GlobalExtension	
203fd0a0	Stage	
203fd0a8	Message	
203fd0b0	StringObject	
203fd0c0	ScriptFunction1	
203fd0d0	ScriptFunction2	
203fd0e0	ScriptFunctionByteCode	
203fd0f8	DisplayListHead	
203fd108	INVALID	
203fd140	FSCommand:	
203fd440	_level%d	
203fd450	instance%ld	
203fd460	Color	
203fd480	AptTrace: 	
203fd498	super	
203fd4a0	apply	
203fd4c0	shift	
203fd578	__INTERFACES__	
203fd5e8	__Packages.	
203fd5f8	AptAnimationPoolData::pInputMask	
203fd620	AptAnimationPoolData::apNewInsts	
203fd648	AptAnimationPoolData::listenerSet.aElements	
203fd678	AptAnimationPoolData::inputSet.aElements	
203fd6a8	AptAnimationPoolData::aIntervalTimers[i].pCBFunction	
203fd6e0	AptAnimationPoolData::aIntervalTimers[i].pParams	
203fd718	AptAnimationPoolData::action.pCIH	
203fd740	AptAnimationPoolData::function.pContext	
203fd768	AptAnimationPoolData::function.pFuncDef	
203fd898	sortOn	
203fd8a0	unshift	
203fd8a8	toString	
203fd8c0	concat	
203fd8d0	length	
203fd8d8	slice	
203fd8e0	splice	
203fd8e8	reverse	
203fd8f0	Element	
203fda00	border	
203fda08	hscroll	
203fda10	maxChars	
203fda20	textWidth	
203fda30	textHeight	
203fda40	_height	
203fda48	variable	
203fda58	maxscroll	
203fda68	background	
203fda78	borderColor	
203fda88	mouseWheelEnabled	
203fdaa0	autoSize	
203fdab0	multiline	
203fdac0	backgroundColor	
203fdad0	scroll	
203fdad8	wordWrap	
203fdae8	textColor	
203fdb68	dynamic	
203fddd0	Parent	
203fde80	AptDisplayListState::DisplayListItem	
203fdfd0	SPACE	
203fdfd8	getCode	
203fdfe0	getAscii	
203fdff0	DELETEKEY	
203fe000	SHIFT	
203fe008	addListener	
203fe018	ESCAPED	
203fe020	getController	
203fe030	removeListener	
203fe040	RIGHT	
203fe048	getAnalogStickInfo	
203fe068	CONTROL	
203fe080	ENTER	
203fe088	INSERT	
203fe098	isDown	
203fe0a0	isToggled	
203fe0b0	BACKSPACE	
203fe0c0	CAPSLOCK	
203fe208	floor	
203fe220	round	
203fe230	random	
203fe440	fXAxisValue	
203fe450	fYAxisValue	
203fe460	message	
203fe5b8	start	
203fe5c0	attachSound	
203fe6d0	_name	
203fe6d8	escape	
203fe6e0	setMask	
203fe6e8	removeTextField	
203fe6f8	_visible	
203fe710	createTextField	
203fe728	nextFrame	
203fe738	extern	
203fe740	_xmouse	
203fe748	_soundbuftime	
203fe758	setTextFormat	
203fe768	prevFrame	
203fe778	_focusrect	
203fe790	onPress	
203fe798	unescape	
203fe7a8	onRelease	
203fe7b8	createEmptyMovieClip	
203fe7d0	onLoad	
203fe7d8	onMouseWheel	
203fe7f0	removeMovieClip	
203fe800	onReleaseOutside	
203fe818	onEnterFrame	
203fe830	onMouseUp	
203fe840	onSetFocus	
203fe850	onData	
203fe858	_xscale	
203fe860	isNaN	
203fe868	onMouseMove	
203fe880	unloadMovie	
203fe890	_ymouse	
203fe898	getURL	
203fe8a0	_framesloaded	
203fe8b0	onRollOver	
203fe8c0	getNewTextFormat	
203fe8d8	localToGlobal	
203fe8e8	_highquality	
203fe8f8	onUnload	
203fe908	getBounds	
203fe918	onMouseDown	
203fe928	_target	
203fe930	getTextFormat	
203fe940	onRollOut	
203fe950	setInterval	
203fe960	onKeyDown	
203fe970	onDragOver	
203fe980	_droptarget	
203fe990	_yscale	
203fe998	swapDepths	
203fe9a8	hitTest	
203fe9b0	_currentframe	
203fe9c0	onKillFocus	
203fe9d0	getDepth	
203fe9e0	onDragOut	
203fe9f0	gotoAndPlay	
203fea00	gotoAndStop	
203fea10	_totalframes	
203fea20	_rotation	
203fea30	duplicateMovieClip	
203fea48	clearInterval	
203fea58	_quality	
203fea68	getBytesTotal	
203fea78	getBytesLoaded	
203fea88	loadVariables	
203fea98	startDrag	
203feaa8	loadMovie	
203feab8	attachMovie	
203febf0	align	
203febf8	height	
203fec00	scaleMode	
203fec10	width	
203fed40	split	
203fed48	charAt	
203fed50	indexOf	
203fed58	substring	
203fed68	charCodeAt	
203fed78	lastIndexOf	
203fed88	substr	
203fed90	toLowerCase	
203feda0	toUpperCase	
203fedb0	fromCharCode	
203fedc0	%%%%%%%%%%%%%%%%%%%%%%%%%%%%%%%%%%%%%%%%%%%%%%%%%%%%%%%%%%%%%%%%%%%%%%%%%
%%%	
203fee36	%%%%%%%%%%%%%%%%%%%%%%%%%%%%%%%%%%%%%%%%%%%%%%%%%%%%%%%%%%%%%%%%%%%%%%%%%%%%%%%%%%%%%%%%%%%%%%%%%%%%%%%%%%%%%%%%%%%%%%%%%%%%%%%%%%%%%%%%%%url	
203feed0	target	
203feed8	leading	
203feee0	tabStops	
203feef0	underline	
203fef00	rightMargin	
203fef18	color	
203fef20	indent	
203fef30	leftMargin	
203fef40	bullet	
203fef48	italic	
203fef50	blockIndent	
203fefc0	false	
203ff118	_level10	
203ff128	_level19	
203ff148	_level17	
203ff158	_level16	
203ff168	_level15	
203ff178	_level14	
203ff198	_level12	
203ff1a8	_level11	
203ff1d0	_parent	
203ff1d8	_global	
203ff1f0	_level20	
203ff200	_level24	
203ff220	_level22	
203ff230	_level21	
203ff4a8	[sound]	
203ff4b0	[native function 0x%08x]	
203ff4d0	[function]	
203ff4e0	[object Object]	
203ff4f0	[object]	
203ff500	[object (prototype)]	
203ff518	[MovieClip]	
203ff528	[Register]	
203ff538	[Lookup]	
203ff548	[Extern]	
203ff558	[FrameStack]	
203ff568	[Extension]	
203ff578	[GlobalExtension]	
203ff590	[Type=0x%X]	
203ff658	_proto__	
203ff7c0	Apt-0.19.02 built on Fri Apr  8 14:47:02 2005	
203ff7f0	SuperConstructor	
203ff808	registerClass	
203ff818	__INTERFACEs__	
203ff830	ParentAnim	
203ff840	__proto__	
203ff860	_right	
203ff868	_type	
203ff898	boolean	
203ff8a0	contentType	
203ff8b0	controller	
203ff8c0	function	
203ff8e0	getDate	
203ff8f0	getFullYear	
203ff900	getHours	
203ff910	getMilliseconds	
203ff920	getMinutes	
203ff930	getMonth	
203ff948	getSeconds	
203ff958	getTime	
203ff960	getTimezoneOffset	
203ff978	getTransform	
203ff988	getUTCDate	
203ff998	getUTCDay	
203ff9a8	getUTCFullYear	
203ff9b8	getUTCHours	
203ff9c8	getUTCMilliseconds	
203ff9e0	getUTCMinutes	
203ff9f0	getUTCMonth	
203ffa00	getUTCSeconds	
203ffa10	getYear	
203ffa20	loaded	
203ffa28	movieclip	
203ffa38	NodeName	
203ffa48	NodeValue	
203ffa60	number	
203ffa68	object	
203ffa70	prototype	
203ffa98	sendAndLoad	
203ffaa8	setDate	
203ffab0	setFullYear	
203ffac0	setHours	
203ffad0	setMilliseconds	
203ffae0	setMinutes	
203ffaf0	setMonth	
203ffb08	setSeconds	
203ffb18	setTime	
203ffb20	setTransform	
203ffb30	setUTCDate	
203ffb40	setUTCFullYear	
203ffb50	setUTCHours	
203ffb60	setUTCMilliseconds	
203ffb78	setUTCMinutes	
203ffb88	setUTCMonth	
203ffb98	setUTCSeconds	
203ffba8	setYear	
203ffbb0	string	
203ffbb8	undefined	
203ffbc8	undefKey	
203ffca0	bad_alloc	
204001c0	atfile	
204001c8	host:	
20400288	bad_alloc	
20400298	<This space intentionally left blank>	
204002c0	GTASSERT : %s:%d %s
	
204002d8	GTASSERT : %s:%d
	
204002f0	 -/abcdefghijklmnopqrstuvwxyzABCDEFGHIJKLMNOPQRSTUVWXYZ01234567890_	
20400366	 A - %d
	
20400370	GTASSERT: (Thread %s)	
20400390	Line %d	
20400450	General	
20400458	Page %d	
20400460	Current	
20400468	Average	
20400478	Calls	
20400488	GPU Render cost	
20400498	%s : None	
204004a8	%s : %s	
20400838	Missing Muzzle Texture : %s	
20400858	CommonParams	
20400868	PlayerParams	
20400878	AIParams	
20400888	Player	
204008a0	Projectile Type	
204008b0	Weapon Impact Level	
204008c8	Num Bullets Per Burst	
204008e0	Num Bullets In Clip	
204008f8	Muzzle Offset	
20400910	Range	
20400918	Power	
20400920	Time Between Bullets	
20400938	Time Between Bursts	
20400950	Num Bullets Per Spread	
20400968	Likelyhood Of Ricochet	
20400980	Max Ricochet Angle	
20400998	Max Spread Angle	
204009b0	Accuracy Fall Off Time	
204009c8	Accuracy Fall Off Over Time	
204009e8	bad_alloc	
204009f8	Class	
20400a10	RawData	
20400a18	Graph	
20400a20	AdditionalData	
20400a30	CFindNearestData	
20400a48	CAstarData	
20400a58	UpdateWithPathObjects	
20400a70	MaxEntity	
20400a88	OneMeter	
20400aa0	GlobalServices	
20400ab8	Entities	
20400ac8	Brains	
20400ad0	Agents	
20400ad8	Services	
20400af0	Estimations	
20400b00	MaxTeam	
20400b08	Service	
20400b10	Entity	
20400b18	_Name	
20400b20	ActionClass	
20400b30	Brain	
20400b40	Agent	
20400b48	Aperiodic	
20400b58	Priority	
20400b68	MaxCall	
20400b70	Periodic	
20400b80	Period	
20400b88	CBkAIActionTagManager	
20400ba0	CBkAIColourBasedHeuristic	
20401270	ErrMessage : %s %d %s
	
20401288	d:/alienbrainwork/GameShared/GameClasses/Graphical/VideoDecoder/Ps2/vibuf.c	
204012d8	DMA ADD not active
	
204016c0	Unknown buff type.	
204016d8	internal alignment error. _bstag:%d	
20401700	internal alignment error. _idct:%d	
20401728	The size of work area is too small	
20401750	image buffer needs to be aligned to 64byte boundary(0x%08x)	
20401790	Need to re-setup libipu since sceMpegGetPicture was aborted
	
204017d0	sceMpegGetPicture is aborted
	
20401808	odd number of field pictures	
20401828	unknown picture sutructure	
20401848	work area size is too small	
20401868	Too small buffer size for %dx%d picture
	
20401898	the second field is missing	
204018b8	CSC handler error
	
204018d0	Error code detected(BDEC)	
204018f0	[MPEG ERROR]%s
	
20401900	(a) invalid motion_type(%d)-0	
20401920	(b) invalid motion_type(%d)-1	
20401940	(c) invalid motion_type(%d)-2	
20401960	Invalid modion type -- ignored(%d)	
20401988	intra && skip MB	
204019a0	= Skip to the next picture =	
204019c0	Too many macroblocks in picture	
204019e0	skiped macroblock in I picure is not allowed	
20401a10	Invalid macroblock_type code: 0	
20401a30	Invalid macroblock_address_increment code(0x%08x)	
20401a68	slice_start_code(0x%08x) out of range	
20401a90	_sceMpegSliceA0(): error happens	
20401ab8	vertical size > 2800	
20401ad0	_chroma_format needs to be 1: 420	
20401af8	Unsupported profile/level	
20401b18	load_chroma_intra_quantizer_matrix == 1	
20401b40	load_chroma_non_intra_quantizer_matrix == 1	
20401b70	_sequenceScalableExtension() is not implemented	
20401ba0	Unknown Extension	
20401bb8	_pictureSpatialScalableExtension is not supported	
20401bf0	_pictureTemporalScalableExtension is not supported	
20401c58	libdbc: bind failed
	
20401c70	libdbc: Module version mismatch 	
20401c98	[libdbc.a = %d.%02x, dbcman.irx = %d.%02x]
	
20401cc8	sceDbc_sema	
20401cd8	libdbc: SifDmaAddr %08x
	
20401cf8	sceDbcSetWorkAddr: rpc error
	
20401d18	sceDbcCreateSocket: rpc error
	
20401d38	sceDbcDeleteSocket: rpc error
	
20401d58	sceDbcGetDepNumber: rpc error
	
20401d78	sceDbcInitSocket: rpc error
	
20401d98	sceDbcResetSocket: rpc error
	
20401db8	sceDbcGetDeviceStatus: rpc error
	
20401de0	sceDbcSRData: rpc error
	
20401e00	sceDbcSendData: rpc error
	
20401e20	libdbc: SendData2 data length too long [%d]
	
20401e50	dbcman : SendData2 BUSY
	
20401e70	sceDbcSendData2: rpc error
	
20401e90	libdbc: SendData3 data length too long [%d]
	
20401ec0	dbcman : SendData3 BUSY
	
20401ee0	sceDbcReceiveData: rpc error
	
20401f00	libdma: sync timeout
	
20401f70	libpad2: buffer addr is not 64 byte align. %08x
	
20401fa8	ERROR	
20401fb8	STABLE	
20401fc0	NOLINK	
20402078	asinf	
20402b86	7~sceCdCbfunc= %d sceCdCbfunc_num= %d
	
20402bb0	SceCdCallbackThread	
20402bc8	SceCdNcmdSema	
20402bd8	SceCdScmdSema	
20402be8	SceCdRcmdSema	
20402bf8	SceCdCallbackSema	
20402c10	Libcdvd bind err CdSearchFile
	
20402c30	ee call cmd search %s
	
20402c48	search name %s
	
20402c58	search size %d
	
20402c68	search loc lbn %d
	
20402c80	Ncmd fail sema cur_cmd:%d keep_cmd:%d
	
20402ca8	Libcdvd bind err N CMD
	
20402cc0	N cmd wait
	
20402cd0	S cmd wait
	
20402ce0	Scmd fail sema cur_cmd:%d keep_cmd:%d
	
20402d08	Libcdvd bind err S cmd
	
20402d20	Libcdvd bind err %d CD_Init %d
	
20402d40	Libcdvd Exit
	
20402d50	OLD DiskReady Call
	
20402d68	Libcdvd bind err CdDiskReady
	
20402d88	DiskReady ended
	
20402da0	NEW DiskReady Call
	
20402db8	sceCdChgSys: Illegal_function_call
	
20402e58	Invalid combination type	
20402e78	Invalid projection type specified	
20402ea0	
Core built at Feb 28 2005 18:34:26
	
20402ec8	Only rendering sub system	
20402f08	0123456789abcdef	
20403fe8	Heap resized from %d to %d bytes	
20404010	bad_alloc	
20404020	bad_alloc	
20404030	ComputeDestInterval	
20404048	PathLength	
20404058	StopWhenHidden	
20404070	MaxDeltaHeight	
20404080	Graph	
20404088	MaxPointsToFlee	
20404098	MaxEntitiesToFlee	
204040b0	CFleeAgent::CheckDangerVisible	
204040d0	CFleeAgent::ComputeDestination	
204040f0	CFleeAgent	
20404100	Q24Kaim7CObject	
20404110	Q24Kaim11CGraphPoint	
20404128	Q24Kaim10CFleeAgent	
20404140	Q24Kaim24RecursiveFlightTraversal	
20404168	Q24Kaimt10CMetaClass2ZQ24Kaim6CAgentZPFPQ24Kaim6CBrain_PQ24Kaim6CAgent	
204041b0	Q24Kaim13CPointWrapper	
204041c8	Q24Kaim16CVertexTraversal	
204041e8	bad_alloc	
204041f8	DistFromEntity	
20404208	AngleFromEntity	
20404218	EntityToFollow	
20404228	CFollowerAgent::ComputeRealDistance	
20404250	CFollowerAgent	
20404260	Q24Kaim14CFollowerAgent	
20404278	Q24Kaimt10CMetaClass2ZQ24Kaim6CAgentZPFPQ24Kaim6CBrain_PQ24Kaim6CAgent	
204042c0	bad_alloc	
204042d0	CGotoAgent	
204042e0	Q24Kaim10CGotoAgent	
204042f8	Q24Kaimt10CMetaClass2ZQ24Kaim6CAgentZPFPQ24Kaim6CBrain_PQ24Kaim6CAgent	
20404340	bad_alloc	
20404350	Graph	
20404358	ResearchType	
20404368	FAR_FROM_ENEMY	
20404378	CLOSE_TO_ME	
20404388	MaxDeltaHeight	
20404398	MaxDangerousEntities	
204043b0	CHideAgent::ComputeDestination	
204043d0	CHideAgent::CheckPositionVisible	
20404400	CHideAgent	
20404410	Q24Kaim7CObject	
20404420	Q24Kaim11CGraphPoint	
20404438	Q24Kaim10CHideAgent	
20404458	Q24Kaimt10CMetaClass2ZQ24Kaim6CAgentZPFPQ24Kaim6CBrain_PQ24Kaim6CAgent	
204044a0	Q24Kaim13CPointWrapper	
204044b8	bad_alloc	
204044c8	PathWayName	
204044d8	StartingPointIndex	
20404500	crouch	
20404510	%s %s	
20404518	pause	
20404520	rotate	
20404528	orient	
20404530	CPathWayAgent	
20404540	Q24Kaim13CPathWayAgent	
20404558	Q24Kaimt10CMetaClass2ZQ24Kaim6CAgentZPFPQ24Kaim6CBrain_PQ24Kaim6CAgent	
204045a0	bad_alloc	
204045b0	DangerousConeAngle	
204045c8	TargetBot	
204045d8	GunRange	
204045e8	MaxInaccuracy	
204045f8	AimAtTargetInterval	
20404610	CShooterAgent::BotShootAtEnemy	
20404630	CShooterAgent	
20404640	Q24Kaim7CObject	
20404650	Q34Kaimt8CVarList1ZPQ24Kaim7CEntity9CIterator	
20404680	Q24Kaim13CShooterAgent	
20404698	Q24Kaimt10CMetaClass2ZQ24Kaim6CAgentZPFPQ24Kaim6CBrain_PQ24Kaim6CAgent	
204046e0	bad_alloc	
204046f0	Graph	
204046f8	CWanderAgent	
20404708	Q24Kaim7CObject	
20404718	Q24Kaim11CGraphPoint	
20404730	Q24Kaim12CWanderAgent	
20404748	Q24Kaimt10CMetaClass2ZQ24Kaim6CAgentZPFPQ24Kaim6CBrain_PQ24Kaim6CAgent	
20404790	Q24Kaim13CPointWrapper	
204047a8	bad_alloc	
204047b8	CActionAcceleration	
204047d0	Q24Kaim19CActionAcceleration	
204047f0	Q24Kaim7CObject	
20404800	Q24Kaim16CActionAttribute	
20404820	Q24Kaimt10CMetaClass2ZQ24Kaim16CActionAttributeZPFv_PQ24Kaim16CActionAttribute	
20404870	bad_alloc	
20404880	CActionCrouch	
20404890	Q24Kaim13CActionCrouch	
204048a8	Q24Kaim7CObject	
204048b8	Q24Kaim16CActionAttribute	
204048d8	Q24Kaimt10CMetaClass2ZQ24Kaim16CActionAttributeZPFv_PQ24Kaim16CActionAttribute	
20404928	bad_alloc	
20404938	CActionJump	
20404948	Q24Kaim11CActionJump	
20404960	Q24Kaim7CObject	
20404970	Q24Kaim16CActionAttribute	
20404990	Q24Kaimt10CMetaClass2ZQ24Kaim16CActionAttributeZPFv_PQ24Kaim16CActionAttribute	
204049e0	bad_alloc	
204049f0	CActionRotate	
20404a00	Q24Kaim13CActionRotate	
20404a18	Q24Kaim7CObject	
20404a28	Q24Kaim16CActionAttribute	
20404a48	Q24Kaimt10CMetaClass2ZQ24Kaim16CActionAttributeZPFv_PQ24Kaim16CActionAttribute	
20404a98	bad_alloc	
20404aa8	CActionShoot	
20404ab8	Q24Kaim12CActionShoot	
20404ad0	Q24Kaim7CObject	
20404ae0	Q24Kaim16CActionAttribute	
20404b00	Q24Kaimt10CMetaClass2ZQ24Kaim16CActionAttributeZPFv_PQ24Kaim16CActionAttribute	
20404b50	bad_alloc	
20404b60	CActionSpeed	
20404b70	Q24Kaim12CActionSpeed	
20404b88	Q24Kaim7CObject	
20404b98	Q24Kaim16CActionAttribute	
20404bb8	Q24Kaimt10CMetaClass2ZQ24Kaim16CActionAttributeZPFv_PQ24Kaim16CActionAttribute	
20404c08	bad_alloc	
20404c18	CActionSteering	
20404c28	Q24Kaim15CActionSteering	
20404c48	Q24Kaim7CObject	
20404c58	Q24Kaim16CActionAttribute	
20404c78	Q24Kaimt10CMetaClass2ZQ24Kaim16CActionAttributeZPFv_PQ24Kaim16CActionAttribute	
20404cc8	bad_alloc	
20404cd8	bad_alloc	
20404ce8	CEntityCanFly	
20404cf8	Q24Kaim13CEntityCanFly	
20404d10	Q24Kaim7CObject	
20404d20	Q24Kaim16CEntityAttribute	
20404d40	Q24Kaimt10CMetaClass2ZQ24Kaim16CEntityAttributeZPFv_PQ24Kaim16CEntityAttribute	
20404d90	bad_alloc	
20404da0	CEntityEyePosition	
20404db8	Q24Kaim18CEntityEyePosition	
20404dd8	Q24Kaim7CObject	
20404de8	Q24Kaim16CEntityAttribute	
20404e08	Q24Kaimt10CMetaClass2ZQ24Kaim16CEntityAttributeZPFv_PQ24Kaim16CEntityAttribute	
20404e58	bad_alloc	
20404e68	CEntityGunPosition	
20404e80	Q24Kaim18CEntityGunPosition	
20404ea0	Q24Kaim7CObject	
20404eb0	Q24Kaim16CEntityAttribute	
20404ed0	Q24Kaimt10CMetaClass2ZQ24Kaim16CEntityAttributeZPFv_PQ24Kaim16CEntityAttribute	
20404f20	bad_alloc	
20404f30	CEntityHeadDirection	
20404f48	Q24Kaim20CEntityHeadDirection	
20404f68	Q24Kaim7CObject	
20404f78	Q24Kaim16CEntityAttribute	
20404f98	Q24Kaimt10CMetaClass2ZQ24Kaim16CEntityAttributeZPFv_PQ24Kaim16CEntityAttribute	
20404fe8	bad_alloc	
20404ff8	CEntityHearingAcuteness	
20405010	Q24Kaim23CEntityHearingAcuteness	
20405038	Q24Kaim7CObject	
20405048	Q24Kaim16CEntityAttribute	
20405068	Q24Kaimt10CMetaClass2ZQ24Kaim16CEntityAttributeZPFv_PQ24Kaim16CEntityAttribute	
204050b8	bad_alloc	
204050c8	CEntityHeight	
204050d8	Q24Kaim13CEntityHeight	
204050f0	Q24Kaim7CObject	
20405100	Q24Kaim16CEntityAttribute	
20405120	Q24Kaimt10CMetaClass2ZQ24Kaim16CEntityAttributeZPFv_PQ24Kaim16CEntityAttribute	
20405170	bad_alloc	
20405180	CEntityKneePosition	
20405198	Q24Kaim19CEntityKneePosition	
204051b8	Q24Kaim7CObject	
204051c8	Q24Kaim16CEntityAttribute	
204051e8	Q24Kaimt10CMetaClass2ZQ24Kaim16CEntityAttributeZPFv_PQ24Kaim16CEntityAttribute	
20405238	bad_alloc	
20405248	CEntityLength	
20405258	Q24Kaim13CEntityLength	
20405270	Q24Kaim7CObject	
20405280	Q24Kaim16CEntityAttribute	
204052a0	Q24Kaimt10CMetaClass2ZQ24Kaim16CEntityAttributeZPFv_PQ24Kaim16CEntityAttribute	
204052f0	bad_alloc	
20405300	CEntityMaxSpeed	
20405310	Q24Kaim15CEntityMaxSpeed	
20405330	Q24Kaim7CObject	
20405340	Q24Kaim16CEntityAttribute	
20405360	Q24Kaimt10CMetaClass2ZQ24Kaim16CEntityAttributeZPFv_PQ24Kaim16CEntityAttribute	
204053b0	bad_alloc	
204053c0	CEntityTeamSide	
204053d0	Q24Kaim15CEntityTeamSide	
204053f0	Q24Kaim7CObject	
20405400	Q24Kaim16CEntityAttribute	
20405420	Q24Kaimt10CMetaClass2ZQ24Kaim16CEntityAttributeZPFv_PQ24Kaim16CEntityAttribute	
20405470	bad_alloc	
20405480	CEntityTorsoOrientation	
20405498	Q24Kaim23CEntityTorsoOrientation	
204054c0	Q24Kaim7CObject	
204054d0	Q24Kaim16CEntityAttribute	
204054f0	Q24Kaimt10CMetaClass2ZQ24Kaim16CEntityAttributeZPFv_PQ24Kaim16CEntityAttribute	
20405540	bad_alloc	
20405550	CEntityVisualAcuteness	
20405568	Q24Kaim22CEntityVisualAcuteness	
20405588	Q24Kaim7CObject	
20405598	Q24Kaim16CEntityAttribute	
204055b8	Q24Kaimt10CMetaClass2ZQ24Kaim16CEntityAttributeZPFv_PQ24Kaim16CEntityAttribute	
20405608	bad_alloc	
20405618	CEntityWidth	
20405628	Q24Kaim12CEntityWidth	
20405640	Q24Kaim7CObject	
20405650	Q24Kaim16CEntityAttribute	
20405670	Q24Kaimt10CMetaClass2ZQ24Kaim16CEntityAttributeZPFv_PQ24Kaim16CEntityAttribute	
204056c0	bad_alloc	
204056d0	CActionActivate	
204056e0	Q24Kaim15CActionActivate	
20405700	Q24Kaim7CObject	
20405710	Q24Kaim16CActionAttribute	
20405730	Q24Kaimt10CMetaClass2ZQ24Kaim16CActionAttributeZPFv_PQ24Kaim16CActionAttribute	
20405780	bad_alloc	
20405790	CActionHeadRotate	
204057a8	Q24Kaim17CActionHeadRotate	
204057c8	Q24Kaim7CObject	
204057d8	Q24Kaim16CActionAttribute	
204057f8	Q24Kaimt10CMetaClass2ZQ24Kaim16CActionAttributeZPFv_PQ24Kaim16CActionAttribute	
20405848	bad_alloc	
20405858	CActionTorsoRotate	
20405870	Q24Kaim18CActionTorsoRotate	
20405890	Q24Kaim7CObject	
204058a0	Q24Kaim16CActionAttribute	
204058c0	Q24Kaimt10CMetaClass2ZQ24Kaim16CActionAttributeZPFv_PQ24Kaim16CActionAttribute	
20405910	bad_alloc	
20405920	CActionVerticalSpeed	
20405938	Q24Kaim20CActionVerticalSpeed	
20405958	Q24Kaim7CObject	
20405968	Q24Kaim16CActionAttribute	
20405988	Q24Kaimt10CMetaClass2ZQ24Kaim16CActionAttributeZPFv_PQ24Kaim16CActionAttribute	
204059d8	bad_alloc	
204059e8	bad_alloc	
204059f8	PathWay	
20405a00	RawData	
20405a08	CPathWayManager	
20405a18	Q24Kaim7CObject	
20405a28	Q34Kaim15CPathWayManager11CPathWayMap	
20405a50	Q24Kaim15CPathWayManager	
20405a70	Q24Kaim13CWorldService	
20405a88	Q24Kaimt10CMetaClass2ZQ24Kaim13CWorldServiceZPFv_PQ24Kaim13CWorldService	
20405ad8	bad_alloc	
20405ae8	MaxDeltaUp	
20405af8	EntityWidth	
20405b08	ForceRebuild	
20405b30	RawData	
20405b38	OutputFile	
20405b48	Container	
20405b58	Class	
20405b70	CPointMapper	
20405b80	Q24Kaim12CPointMapper	
20405b98	Kynogon Point mapping data	
20405bb8	Q24Kaim7CObject	
20405bc8	Q24Kaim13CWorldService	
20405be0	Q24Kaimt10CMetaClass2ZQ24Kaim13CWorldServiceZPFv_PQ24Kaim13CWorldService	
20405c30	bad_alloc	
20405c40	Script	
20405c48	RawData	
20405c50	CScriptManager	
20405c60	Q24Kaim7CObject	
20405c70	Q34Kaim14CScriptManager10CScriptMap	
20405c98	Q24Kaim14CScriptManager	
20405cb0	Q24Kaim13CWorldService	
20405cc8	Q24Kaimt10CMetaClass2ZQ24Kaim13CWorldServiceZPFv_PQ24Kaim13CWorldService	
20405d20	bad_alloc	
20405d50	crouch	
20405d60	pause %f
	
20405d70	rotate %f
	
20405d80	orient %f
	
20405e30	pause	
20405e38	rotate	
20405e40	orient	
20405e48	Q24Kaim7CObject	
20405e70	Q24Kaim8CPathWay	
20405e88	Kynogon Path Way	
20405ea0	bad_alloc	
20405ec0	Q24Kaim7CScript	
20405ed0	Q24Kaim7CObject	
20405ee0	bad_alloc	
20405ef0	Q24Kaim7CObject	
20405f00	Q24Kaim7CAction	
20405f10	Q24Kaim12CActionClass	
20405f28	Q24Kaim21CActionAttributeClass	
20405f48	Q24Kaimt10CMetaClass2ZQ24Kaim7CActionZPFv_PQ24Kaim7CAction	
20405f88	Q24Kaimt10CMetaClass2ZQ24Kaim16CActionAttributeZPFv_PQ24Kaim16CActionAttribute	
20405fd8	bad_alloc	
20405fe8	Class	
20405ff0	Q24Kaim6CAgent	
20406000	Q24Kaim7CObject	
20406010	Q24Kaim11CAgentClass	
20406028	Q24Kaimt10CMetaClass2ZQ24Kaim6CAgentZPFPQ24Kaim6CBrain_PQ24Kaim6CAgent	
20406070	bad_alloc	
20406090	Entities	
204060a0	Entity	
204060a8	Brain	
204060b0	Brains	
204060b8	Agents	
204060c0	Services	
204060d0	Agent	
204060d8	Service	
204060e8	Class	
204060f0	ActionClass	
20406100	Q24Kaim7CObject	
20406110	Q34Kaimt8CVarList1ZPQ24Kaim7CEntity9CIterator	
20406140	Q24Kaim17CEntityDefinition	
20406160	Q24Kaim15CTeamDefinition	
20406180	Q34Kaimt8CVarList1ZPQ24Kaim5CTeam9CIterator	
204061b0	bad_alloc	
204061c0	Service	
204061c8	Class	
204061d0	Agent	
204061d8	Q24Kaim7CObject	
204061f8	Q24Kaim11CBrainClass	
20406210	Q24Kaimt10CMetaClass2ZQ24Kaim6CBrainZPFPQ24Kaim7CEntityRQ24Kaim12CActionClass_PQ24Kaim6CBrain	
20406270	bad_alloc	
20406280	Q24Kaim7CObject	
20406290	Q24Kaim12CTraceResult	
204062a8	bad_alloc	
204062b8	Q24Kaim7CObject	
204062d8	bad_alloc	
204062e8	Q24Kaim7CObject	
204062f8	Q24Kaimt8CVarList1ZPQ24Kaim7CEntity	
20406320	Q34Kaimt8CVarList1ZPQ24Kaim7CEntity9CIterator	
20406350	Q34Kaimt8CVarList1ZPQ24Kaim7CEntity5CCell	
20406380	bad_alloc	
20406398	Q24Kaim7CObject	
204063a8	Q34Kaimt8CVarList1ZPQ24Kaim7CEntity9CIterator	
204063d8	Q24Kaim7CEntity	
204063e8	Q24Kaimt8CVarList1ZPQ24Kaim5CTeam	
20406410	Q34Kaimt8CVarList1ZPQ24Kaim5CTeam9CIterator	
20406440	Q34Kaimt8CVarList1ZPQ24Kaim5CTeam5CCell	
20406468	Q24Kaim12CEntityClass	
20406480	Q24Kaim21CEntityAttributeClass	
204064a0	Q24Kaimt10CMetaClass2ZQ24Kaim7CEntityZPFPCcPv_PQ24Kaim7CEntity	
204064e0	Q24Kaimt10CMetaClass2ZQ24Kaim16CEntityAttributeZPFv_PQ24Kaim16CEntityAttribute	
20406530	bad_alloc	
20406540	bad_alloc	
20406550	IPathFinder	
20406560	Q24Kaim7CObject	
20406570	Q24Kaim11IPathFinder	
20406588	Q24Kaim13CBrainService	
204065a0	Q24Kaimt10CMetaClass2ZQ24Kaim13CBrainServiceZPFPQ24Kaim6CBrain_PQ24Kaim13CBrainService	
204065f8	Q24Kaim16IConstraintClass	
20406618	Q24Kaimt10CMetaClass2ZQ24Kaim11IConstraintZPFv_PQ24Kaim11IConstraint	
20406660	bad_alloc	
20406670	bad_alloc	
20406700	Q24Kaim7CObject	
20406710	Q24Kaim14CBaseAllocator	
20406728	Q24Kaim10CAllocator	
20406740	Q24Kaim15CBasicAllocator	
20406760	Q24Kaim19CPoolBasedAllocator	
20406780	Q24Kaimt8CVarList1ZPQ24Kaim14CFreeListBlock	
204067b0	Q24Kaim9CFreeList	
204067c8	Q34Kaimt8CVarList1ZPQ24Kaim14CFreeListBlock9CIterator	
20406800	Q24Kaim14CFreeListBlock	
20406818	Q24Kaimt8CVarList1ZPQ24Kaim14CBaseAllocator	
20406848	Q34Kaimt8CVarList1ZPQ24Kaim14CBaseAllocator5CCell	
20406880	Q34Kaimt8CVarList1ZPQ24Kaim14CBaseAllocator9CIterator	
204068b8	Q34Kaimt8CVarList1ZPQ24Kaim14CFreeListBlock5CCell	
204069f0	bad_alloc	
20406a00	CNearestPoint	
20406a10	Q24Kaim13CPointWrapper	
20406a28	Q24Kaim27CPointContainerWrapperClass	
20406a50	Q24Kaimt10CMetaClass2ZQ24Kaim10CPointInfoZPFv_PQ24Kaim10CPointInfo	
20406a98	Q24Kaim15CPointInfoClass	
20406ab8	Q24Kaim7CObject	
20406ac8	Q24Kaimt10CMetaClass2ZQ24Kaim22CPointContainerWrapperZPFv_PQ24Kaim22CPointContainerWrapper	
20406b28	bad_alloc	
20406b38	Class	
20406b40	Q24Kaim12CBaseService	
20406b58	Q24Kaim7CObject	
20406b68	Q24Kaim13CBrainService	
20406b80	Q24Kaim18CBrainServiceClass	
20406ba0	Q24Kaim18CWorldServiceClass	
20406bc0	Q24Kaimt10CMetaClass2ZQ24Kaim13CBrainServiceZPFPQ24Kaim6CBrain_PQ24Kaim13CBrainService	
20406c18	Q24Kaimt10CMetaClass2ZQ24Kaim13CWorldServiceZPFv_PQ24Kaim13CWorldService	
20406c68	bad_alloc	
20406c78	Q24Kaim7CObject	
20406c88	Q34Kaim12CTimeManager11CEntityInfo	
20406cb0	Q34Kaim12CTimeManager9CTeamInfo	
20406cd0	Q24Kaim12CTimeManager	
20406ce8	Q34Kaimt8CVarList1ZPQ24Kaim7CEntity9CIterator	
20406d20	bad_alloc	
20406d30	bad_alloc	
20406d40	bad_alloc	
20406d50	MaxEntity	
20406d60	MaxTeam	
20406d68	OneMeter	
20406d80	MaxAperiodicTask	
20406d98	Aperiodic	
20406da8	MaxPeriodicTask	
20406db8	Periodic	
20406dc8	MaxEstimatedTask	
20406de0	Estimations	
20406df8	Priority	
20406e08	MaxCall	
20406e10	Period	
20406e18	GlobalServices	
20406e28	Services	
20406e38	Service	
20406e40	Class	
20406e48	Q24Kaim7CObject	
20406e68	Q24Kaimt8CVarList1ZPQ24Kaim7CEntity	
20406e90	Q34Kaimt8CVarList1ZPQ24Kaim7CEntity9CIterator	
20406ec0	Q24Kaimt8CVarList1ZPQ24Kaim5CTeam	
20406ee8	Q34Kaimt8CVarList1ZPQ24Kaim5CTeam9CIterator	
20406f18	Q34Kaimt8CVarList1ZPQ24Kaim7CEntity5CCell	
20406f48	Q34Kaimt8CVarList1ZPQ24Kaim5CTeam5CCell	
20406f70	bad_alloc	
20406f80	Class	
20406f90	Q24Kaim7CObject	
20406fa0	Q24Kaimt8CVarList1ZPQ24Kaim7CEntity	
20406fc8	Q34Kaimt8CVarList1ZPQ24Kaim7CEntity9CIterator	
20406ff8	Q34Kaimt8CVarList1ZPQ24Kaim5CTeam9CIterator	
20407038	Q34Kaimt8CVarList1ZPQ24Kaim7CEntity5CCell	
20407068	Q24Kaimt10CMetaClass2ZQ24Kaim5CTeamZPFUiPCc_PQ24Kaim5CTeam	
204070a8	Q24Kaim10CTeamClass	
204070c0	bad_alloc	
204070d0	AstarLoop	
204070e0	Q24Kaim7CObject	
204070f0	Q24Kaimt8CVarList1ZPQ24Kaim7CVertex	
20407118	Q34Kaimt8CVarList1ZPQ24Kaim7CVertex5CCell	
20407148	Q34Kaimt8CVarList1ZPQ24Kaim7CVertex9CIterator	
20407178	Q266_GLOBAL_$N$D__BuildMachine_sdk_rwaisdk_src_graph_kyastar.cppvHaaaa28CNodePushSuccessorsTraversal	
204071e0	Q24Kaim16CVertexTraversal	
20407200	bad_alloc	
20407210	RawData	
20407230	CFindNearestData	
20407248	Q24Kaim16CFindNearestData	
20407268	Kynogon FindNearest Data	
20407288	Q24Kaim7CObject	
20407298	Q24Kaim10CGraphData	
204072b0	Q24Kaimt10CMetaClass2ZQ24Kaim10CGraphDataZPFPQ24Kaim13CSpatialGraph_PQ24Kaim10CGraphData	
20407310	bad_alloc	
20407320	bad_alloc	
20407330	CConstraint	
20407340	CConstraintShortestPath	
20407358	CConstraintStealthPath	
20407370	CConstraintConeVisionStealthPath	
20407398	CConstraintPointToFleePath	
204073b8	CSphereConstraint	
204073d0	CHeuristicEuclidianDistance	
204073f0	CZeroHeuristic	
20407400	CPathCostHeuristic	
20407418	Q24Kaim23CConstraintShortestPath	
20407440	Q24Kaim22CConstraintStealthPath	
20407460	Q24Kaim32CConstraintConeVisionStealthPath	
20407490	Q24Kaim26CConstraintPointToFleePath	
204074b8	Q24Kaim17CSphereConstraint	
204074d8	Q24Kaim27CHeuristicEuclidianDistance	
20407500	Q24Kaim14CZeroHeuristic	
20407518	Q24Kaim18CPathCostHeuristic	
20407538	Q24Kaim7CObject	
20407548	Q24Kaimt10CMetaClass2ZQ24Kaim11IConstraintZPFv_PQ24Kaim11IConstraint	
20407590	Q24Kaim11CConstraint	
204075a8	Q24Kaimt10CMetaClass2ZQ24Kaim10CHeuristicZPFv_PQ24Kaim10CHeuristic	
204075f0	Q24Kaim15CHeuristicClass	
20407610	Q24Kaim10CHeuristic	
20407628	Q24Kaim11IConstraint	
20407640	bad_alloc	
20407650	Graph	
20407658	UpdateWithPathObjects	
20407670	RawData	
20407678	CoverageDistance	
20407690	AdditionalData	
204076a0	Class	
204076a8	AstarMemory	
204076b8	CGraphManager	
204076c8	Q24Kaim7CObject	
204076d8	Q34Kaim13CGraphManager9CGraphMap	
20407700	Q24Kaim13CGraphManager	
20407718	Q24Kaim13CWorldService	
20407730	Q24Kaimt10CMetaClass2ZQ24Kaim13CWorldServiceZPFv_PQ24Kaim13CWorldService	
20407780	bad_alloc	
20407790	CGraphWrapper	
204077a0	Q24Kaim13CGraphWrapper	
204077b8	Q24Kaim7CObject	
204077c8	Q24Kaim22CPointContainerWrapper	
204077e8	Q24Kaimt10CMetaClass2ZQ24Kaim22CPointContainerWrapperZPFv_PQ24Kaim22CPointContainerWrapper	
20407848	bad_alloc	
20407858	Q24Kaim15CGraphDataClass	
20407878	Q24Kaimt10CMetaClass2ZQ24Kaim10CGraphDataZPFPQ24Kaim13CSpatialGraph_PQ24Kaim10CGraphData	
204078d8	bad_alloc	
204078e8	RawData	
20407900	CPathCostData	
20407910	Q24Kaim7CObject	
20407920	Q24Kaim13CPathCostData	
20407938	Q24Kaim14CZeroHeuristic	
20407950	Kynogon PathCost Data	
20407970	Q24Kaim10CGraphData	
20407988	Q24Kaimt10CMetaClass2ZQ24Kaim10CGraphDataZPFPQ24Kaim13CSpatialGraph_PQ24Kaim10CGraphData	
204079e8	Q24Kaim10CHeuristic	
20407a00	bad_alloc	
20407a10	LinkedEdgeMax	
20407a20	CPathObject	
20407a30	Q34Kaim11CPathObject11CLinkedEdge	
20407a58	Q24Kaim11CPathObject	
20407a70	Q24Kaim7CObject	
20407a80	Q24Kaimt10CMetaClass2ZQ24Kaim7CEntityZPFPCcPv_PQ24Kaim7CEntity	
20407ac0	bad_alloc	
20407ad0	MaxNbPathObjects	
20407ae8	CPathObjectManager	
20407b00	Q24Kaim7CObject	
20407b10	Q24Kaim10CPointPair	
20407b28	Q24Kaim18CPathObjectManager	
20407b48	Q24Kaim13CWorldService	
20407b60	Q24Kaimt10CMetaClass2ZQ24Kaim13CWorldServiceZPFv_PQ24Kaim13CWorldService	
20407bb0	bad_alloc	
20407bc0	RawData	
20407bd0	Q24Kaim7CObject	
20407bf0	Q24Kaim13CSpatialGraph	
20407c08	28SaveFastBinaryGraphTraversal	
20407c28	Kynogon Spatial graph	
20407c40	Q24Kaim15CGraphTraversal	
20407c60	bad_alloc	
20407c70	Q24Kaim7CObject	
20407c80	Q24Kaim15CGraphTraversal	
20407ca0	26FindNearestVertexTraversal	
20407cc0	27FindNearestVisibleTraversal	
20407ce0	34FindNearestLocallyVisibleTraversal	
20407d08	24FindNearestEdgeTraversal	
20407d28	bad_alloc	
20407d38	RawData	
20407d58	CAccessWaysData	
20407d68	Q24Kaim7CObject	
20407d78	Q24Kaim15CAccessWaysData	
20407d98	26ComputeAccessWaysTraversal	
20407db8	Kynogon AccessWays Data	
20407dd8	Q24Kaim15CGraphTraversal	
20407df8	Q24Kaim10CGraphData	
20407e10	Q24Kaimt10CMetaClass2ZQ24Kaim10CGraphDataZPFPQ24Kaim13CSpatialGraph_PQ24Kaim10CGraphData	
20407e70	26ComputeVisibilityTraversal	
20407e90	bad_alloc	
20407ea0	RawData	
20407eb8	CAstarData	
20407ec8	Q24Kaim7CObject	
20407ed8	Q24Kaim10CAstarData	
20407ef0	Q24Kaim14CZeroHeuristic	
20407f08	Kynogon Astar Data	
20407f20	Q24Kaim10CGraphData	
20407f38	Q24Kaimt10CMetaClass2ZQ24Kaim10CGraphDataZPFPQ24Kaim13CSpatialGraph_PQ24Kaim10CGraphData	
20407f98	Q24Kaim10CHeuristic	
20407fb0	bad_alloc	
20407fc0	DisableDA	
20407fe0	DynamicAvoidanceClass	
20407ff8	CPathFinder::FindNextMove::CheckAccident	
20408028	CPathFinder::FindNextMove::ASTAR	
20408050	CPathFinder::FindNextMove::NewSubGoal	
20408078	CPathFinder::FindNextMove::Goto	
20408098	Graph	
204080a0	DistMinNewGoal	
204080b0	DistGoal	
204080c0	DistStop	
204080d0	DistGoalSlowDown	
204080e8	DistSlowDown	
204080f8	MaxDeltaHeight	
20408108	DistSubgoalMax	
20408118	MaxDeltaAngle	
20408128	MaxYawSpeed	
20408138	NbMaxSubgoal	
20408148	HoleHeight	
20408158	WidthRatioForHoleDetection	
20408178	HoleDistToEdge	
20408188	CpuPrudence	
20408198	AvoidCpuPeaks	
204081a8	StopCondition	
204081b8	FindVertex	
204081c8	MoveModeCheck	
204081d8	SimpleMove	
204081e8	ComplexMove	
204081f8	NextSubgoal	
20408208	CanGo	
20408210	MaxPathSize	
20408220	YawSmoothing	
20408230	UpdateTorsoRotate	
20408260	false	
20408268	CPathFinder	
20408278	SimpleStopCondition	
20408290	NearestVertex	
204082a0	LocallyVisibleVertex	
204082b8	NearestVertexOpt	
204082d0	VisibleGo	
204082e0	AlwaysGo	
204082f0	VisibleWithoutHoleGo	
20408308	SimpleCheck	
20408318	ComplexCheck	
20408328	VisibilityCheck	
20408338	HoleCheck	
20408348	NoCheck	
20408350	VisibleMove	
20408360	InvisibleMove	
20408370	VisibleAvoidDynMove	
20408388	StopAndRelaunchPath	
204083a0	Q24Kaim7CObject	
204083b0	Q24Kaim12CTraceResult	
204083c8	Q34Kaim11CPathFinder15CConstraintInfo	
204083f0	Q24Kaim11CPathFinder	
20408408	Q24Kaimt10CMetaClass2ZQ24Kaim13CBrainServiceZPFPQ24Kaim6CBrain_PQ24Kaim13CBrainService	
20408460	Q24Kaimt10CStringMap2ZPFRQ24Kaim11CPathFinder_UcUi16	
20408498	Q24Kaimt10CStringMap2ZPFRQ24Kaim11CPathFinderRQ24Kaim7CVectorUcUc_PQ24Kaim7CVertexUi16	
204084f0	Q24Kaimt10CStringMap2ZPFRQ24Kaim11CPathFinderRQ24Kaim7CVector_UcUi16	
20408538	Q24Kaimt10CStringMap2ZPFRQ24Kaim11CPathFinderRQ24Kaim4MoveRCQ24Kaim7CVector_UcUi16	
20408590	bad_alloc	
204085a0	bad_alloc	
204085b0	DynDelayTime	
204085c0	DynRatioAttrRep	
204085d0	TimeMinTrigger	
204085e0	TimeMaxTrigger	
204085f0	SlowSpeedFactor	
20408600	VerySlowSpeedFactor	
20408618	DetectionDistanceRatio	
20408630	CRepulsorDynamicAvoidance	
20408650	Q24Kaim7CObject	
20408660	Q34Kaimt8CVarList1ZPQ24Kaim7CEntity9CIterator	
20408690	Q24Kaim25CRepulsorDynamicAvoidance	
204086b8	Q24Kaimt10CMetaClass2ZQ24Kaim17IDynamicAvoidanceZPFPQ24Kaim11CPathFinder_PQ24Kaim17IDynamicAvoidance	
20408720	Q24Kaim17IDynamicAvoidance	
20408740	bad_alloc	
204087d8	TrackingUpdatePeriod	
204087f0	ForcedModeTimerThreshold	
20408810	ForcedModeTimerDelay	
20408828	CollisionDiagrammWidth	
20408840	AvoidanceCandidateSpacing	
20408860	SlowSpeedFactor	
20408870	CGapDynamicAvoidance	
20408888	Q24Kaim7CObject	
20408898	Q24Kaim12CTraceResult	
204088b0	Q34Kaimt8CVarList1ZPQ24Kaim7CEntity9CIterator	
204088f0	Q24Kaim13EntityTracker	
20408908	Q34Kaim20CGapDynamicAvoidance16CCandidateTarget	
20408938	Q24Kaim20CGapDynamicAvoidance	
20408958	Q24Kaimt8CVarList1ZQ34Kaim20CGapDynamicAvoidance16CCandidateTarget	
204089a0	Q34Kaimt8CVarList1ZQ34Kaim20CGapDynamicAvoidance16CCandidateTarget5CCell	
204089f0	Q34Kaimt8CVarList1ZQ34Kaim20CGapDynamicAvoidance16CCandidateTarget9CIterator	
20408a40	Q34Kaimt8CVarList1ZQ24Kaim4CGap9CIterator	
20408a70	Q24Kaimt10CMetaClass2ZQ24Kaim17IDynamicAvoidanceZPFPQ24Kaim11CPathFinder_PQ24Kaim17IDynamicAvoidance	
20408ad8	Q24Kaim17IDynamicAvoidance	
20408b00	bad_alloc	
20408b18	Q24Kaim7CObject	
20408b38	Q24Kaimt8CVarList1ZQ24Kaim4CGap	
20408b58	Q24Kaim11CGapManager	
20408b70	Q34Kaimt8CVarList1ZQ24Kaim4CGap5CCell	
20408b98	Q34Kaimt8CVarList1ZQ24Kaim4CGap9CIterator	
20408bc8	bad_alloc	
20408bd8	Q24Kaim22CDynamicAvoidanceClass	
20408bf8	Q24Kaimt10CMetaClass2ZQ24Kaim17IDynamicAvoidanceZPFPQ24Kaim11CPathFinder_PQ24Kaim17IDynamicAvoidance	
20408c60	bad_alloc	
20408c70	bad_alloc	
20408c80	MaxWorldSounds	
20408c90	NbReservedSoundsCombat	
20408ca8	NbReservedSoundsWorld	
20408cc0	NbReservedSoundsPlayer	
20408cd8	NbReservedSoundsDanger	
20408cf0	NbReservedSoundsCarcass	
20408d08	NbReservedSoundsMeat	
20408d20	NbReservedSoundsGarbage	
20408d38	CSoundManager	
20408d58	Q24Kaim13CSoundManager	
20408f70	Q24Kaim7CObject	
20408f80	Q24Kaim13CWorldService	
20408f98	Q24Kaimt10CMetaClass2ZQ24Kaim13CWorldServiceZPFv_PQ24Kaim13CWorldService	
20408ff0	bad_alloc	
20409000	bad_alloc	
20409010	Kaim::CEntityManager::ComputeCommonInfo	
20409038	ComputeInfoDelay	
20409050	ComputeCommonInfoDelay	
20409070	CEntityManager	
20409080	Q24Kaim7CObject	
20409090	Q34Kaimt8CVarList1ZPQ24Kaim7CEntity9CIterator	
204090c0	Q24Kaim11CInfoEntity	
204090d8	Q24Kaim14CEntityManager	
204090f0	Q24Kaim13CBrainService	
20409108	Q24Kaimt10CMetaClass2ZQ24Kaim13CBrainServiceZPFPQ24Kaim6CBrain_PQ24Kaim13CBrainService	
2040a040	EE  RwaRPCTransfer : ERROR! DMA command queue FULL! Discarding oldest command!
	
2040a316	T'Number of opened files on %s (device name: %s): %d	
2040a350	bad_alloc	
2040a360	bad_alloc	
2040a370	bad_alloc	
2040a380	bad_alloc	
2040a390	bad_alloc	
2040a3a0	bad_alloc	
2040a3b0	bad_alloc	
2040a3c0	bad_alloc	
2040a3d0	bad_alloc	
2040a3e0	bad_alloc	
2040a3f0	bad_alloc	
2040a400	bad_alloc	
2040a410	bad_alloc	
2040a420	bad_alloc	
2040a470	bad_alloc	
2040a480	bad_alloc	
2040a490	bad_alloc	
2040a4a0	bad_alloc	
2040a4b0	bad_alloc	
2040a4c0	AggregateVolume	
2040a4d0	bad_alloc	
2040a4e0	BoxVolume	
2040a4f0	bad_alloc	
2040a500	CapsuleVolume	
2040a510	bad_alloc	
2040a520	SphereVolume	
2040a530	bad_alloc	
2040a540	TriangleVolume	
2040a550	bad_alloc	
2040a560	bad_alloc	
2040a570	bad_alloc	
2040a580	bad_alloc	
2040a590	bad_alloc	
2040a650	bad_alloc	
2040a660	UNKNOWN	
2040a668	bad_alloc	
2040a678	bad_alloc	
2040a688	bad_alloc	
2040a698	bad_alloc	
2040a6c0	bad_alloc	
2040a708	0123456789abcdef%s	
2040a720	addr: 0x%08x%c	
2040a730	size: %10u (%8x)%c	
2040a748	data: %s%c	
2040a758	attr: %s %s%c	
2040a768	internal	
2040a780	mapped	
2040a7d0	sceMc2_sema_main	
2040a7e8	sceMc2_sema_start	
2040a800	sceMc2_sema_end	
2040a810	sceMc2_basic_thread	
2040a828	libmc2: TerminateTread faild
	
2040a8d0	Sony PS2 Memory Card Format	
2040a900	libmc2: Fatal Error [%08x]
	
2040a928	sceMc2_sema_subs	
2040a940	** PANIC!
	
2040a950	libmc2: Invalid data length (over 8192)
	
2040a980	MC2SOCKET	
2040b0c0	                00000000000000000123456789abcdef	
2040b100	0123456789ABCDEF	
2040b118	bug in vfprintf: bad base	
2040b2b0	                00000000000000000123456789abcdef	
2040b2f0	0123456789ABCDEF	
2040b308	bug in vfprintf: bad base	
2040b5b0	
ungetc error: *static buffer overflow* - char not added to buffer
	
2040b71f	
## internel error in libkernl.a!
	
2040b748	SceKerneltopThread	
2040b760	SceKernelDelayThread	
2040b778	TTY: packet size larger than expect
	
2040b7a0	TTY: receive error	
2040b7b8	TTY: send err %d
	
2040b7d0	TTY: err ti->wlen=%08x
	
2040b81e	.A0123456789abcdef	
2040b838	0123456789ABCDEF	
2040b9b8	SceSifrpcGod	
2040b9c8	SceSifrpcBind	
2040b9d8	SceSifrpcCall	
2040b9f0	SceStdioIobSema	
2040ba00	SceStdioQueSema	
2040ba78	SceStdioFioSema	
2040ba90	SceStdioOpenSema	
2040baa8	SceStdioCloseSema	
2040bac0	SceStdioLseekSema	
2040bad8	SceStdioReadSema	
2040baf0	SceStdioWriteSema	
2040bb08	SceStdioIoctlSema	
2040bb20	SceStdioIoctl2Sema	
2040bb38	SceStdioCCodeSema	
2040bb50	SceStdioMkdirSema	
2040bb68	SceStdioFormatSema	
2040bb80	SceStdioAddDrvSema	
2040bb98	SceStdioDcloseSema	
2040bbb0	SceStdioDreadSema	
2040bbc8	SceStdioGetstatSema	
2040bbe0	SceStdioChstatSema	
2040bbf8	SceStdioRenameSema	
2040bc10	SceStdioSyncSema	
2040bc28	SceStdioMountSema	
2040bc40	SceStdioLseek64Sema	
2040bc58	SceStdioDevctlSema	
2040bc70	SceStdioSymlinkSema	
2040bc88	SceStdioReadlinkSema	
2040bcc0	too long parameter '%s'
	
2040bce0	SceKernelLibc	
2040bcf0	SceKernelLibcEh	
2040bd08	# TLB spad=0 kernel=1:%d default=%d:%d extended=%d:%d
	
2040bd40	# TLB over flow (1)	
2040bd58	# TLB over flow (2)	
2040bd70	# TLB over flow (3)	
2040beb8	13bad_exception	
2040bec8	9exception	
2040bed8	bad_alloc	
2040bf70	17__class_type_info	
2040bf88	14__si_type_info	
2040bfa0	16__user_type_info	
2040bfb8	10bad_typeid	
2040bfc8	8bad_cast	
2040bfd8	9type_info	
2040bfe8	bad_alloc	
2040c0f0	17__array_type_info	
2040c108	16__ptmd_type_info	
2040c120	16__ptmf_type_info	
2040c138	16__func_type_info	
2040c150	19__builtin_type_info	
2040c168	16__attr_type_info	
2040c180	19__pointer_type_info	
2040c1a8	sceGsDefDispEnv:Not support displaymode for 0x%x!!
	
2040c1e0	sceGsExecStoreImage: DMA Ch.1 does not terminate
	
2040c218	sceGsExecStoreImage: GS does not terminate
	
2040c248	sceGsExecStoreImage: DMA Ch.1 (GS->MEM) does not terminate
	
2040c288	sceGsExecStoreImage: Enough data does not reach VIF1
	
2040c3b0	sceGsPutDrawEnv: DMA Ch.2 does not terminate
	
2040c408	bad_alloc	
2040c420	Q24Kaim14CXmlDataReader	
2040c438	Q24Kaim7CObject	
2040c448	Q24Kaim11CDataReader	
2040c460	bad_alloc	
2040c5e8	All stream blocks will be padded by %d bytes for sector alignment	
2040c630	Substream %s packet is not the same duration as all other substream packets	
2040e4f8	Unnamed	
304bd231	0p p p p p p p p	
304bdca0	Mission Failed	
304bdcd0	 - Mission Complete	
304c1560	PsIIlibdbc  3020	
304c15b0	PsIIlibpad2 3020	
304c1640	PsIIlibcdvd 3000	
304d1e18	null animViewInfo	
304d6cb0	0123456789abcdefghijklmnopqrstuvwxyz	
304d7148	PsIIlibkernl3000	
304f2280	%s(%d): Assert: %s
	
304f2298	%s(%d): Message: %s
	
304f22b0	bad_alloc	
304f22c0	GAMESOURCE	
304f22d0	SHAREDCLASSES	
304f22e0	GAMESHARED/GAMECLASSES	
304f22f8	GAMESHARED4/GAMECLASSES	
304f2310	<GameSource>	
304f2320	<SharedClasses>	
304f2348	colourbars	
304f2388	Coefficient %d: %d	
304f23a0	Tint channel %d: %u	
304f23b8	Kills: %d	
304f23c8	Black Kills: %d	
304f23d8	Percentage Black Mode: %.0f	
304f23f8	Current	
304f2400	Average	
304f2410	Calls	
304f2418	Update cost	
304f2428	Render cost	
304f2438	GPU Render cost	
304f2450	Resource	
304f2460	Unknown	
304f2468	ITC Machine Std	
304f2478	Eurostile LT Std	
304f24a0	Data/Andy.aku	
304f2520	Loading_screen	
304f2530	BootSequence	
304f2540	blacktitlemenu	
304f2550	ResultsScreen	
304f2560	challengeresultsscreenFailed	
304f2580	challengeresultsscreenComplete	
304f25a0	ProgScanSelect	
304f25c8	Attr_%s	
304f2680	MissionModeSelect	
304f2698	FMVPlayer	
304f26a8	BlackIntroSequence	
304f26c0	FECurrentFmv	
304f26d0	FELoopFmv	
304f26e0	StartGame	
304f26f0	StartMainMenu	
304f2700	SkipIntroCredits	
304f2718	StartMainMenuSkip	
304f2730	StartVideo	
304f2740	StartVideoPage	
304f2750	StartNewMission	
304f2760	ResultsEasy	
304f2850	FmvHasFinished	
304f28d0	blacktitlemenu2	
304f2aa0	Language/Fonts/Big.bin	
304f2ab8	Language/Fonts/Small.bin	
304f2ad8	GlobData.bin	
304f2ae8	languageselect	
304f2b30	textboxes	
304f2ec0	FE_CONTROLLERDISCONNECTED	
304f2ee0	1234567890123456789012345678901234567890123456789012345678901234	
304f2f28	Language/Strings/Main%s.bin	
304f2f48	FE_DIFFEASY	
304f2f58	FE_DIFFNORMAL	
304f2f68	FE_DIFFHARD	
304f2f78	FE_BLACKOPS	
304f2f98	DemoAttr	
304f2fa8	Intro	
304f2fb8	Target	
304f2fc0	American	
304f2fd0	Assets	
304f2fd8	Solomon	
304f2fe0	Valencio	
304f2ff8	Level	
304f3000	Division	
304f3030	CredRoll	
304f3040	videos/%s.m2v	
304f3050	sound\streams\%s.ssh	
304f30f8	CREDITS_%02d	
304f3108	data/view.ico	
304f3118	view.ico	
304f3128	icon.sys	
304f3138	BLACK	
304f3160	FE_MCOption_ProfileEmpty	
304f3180	FE_MCOption_ProfileCorrupt	
304f31a0	FE_MCOption_Yes	
304f31b0	FE_MCOption_No	
304f31c0	FE_MCOption_Continue	
304f31d8	FE_MCOption_Retry	
304f31f0	FE_MCTitle_LoadProfile	
304f3208	FE_MCTitle_SaveProfile	
304f3220	FE_MCLoad_AskConfirm	
304f3238	FE_MCSave_AskOverwrite	
304f3250	FE_MCSave_AskSave	
304f3268	FE_MCContinueNoSaveConfirm	
304f3288	FE_MCSave_AskSaveProfileName	
304f32a8	FE_MCLoad_Failed_CorruptData	
304f32c8	FE_MCAutosaveWillBeDisabled	
304f32e8	FE_MCAskEnableAutosave	
304f3300	FE_MCAskDisableAutosave	
304f3318	FE_MCNewProfile_Confirm	
304f3330	FE_MCNewProfile_EnableAutosave	
304f3350	FE_MCNewProfile_EnableAutosaveConfirm	
304f3378	FE_MCCheckingCard	
304f3390	FE_MCBoot_NoCard	
304f33a8	FE_MCBoot_NoSpace	
304f33c0	FE_MCFormat_Formatting	
304f33d8	FE_MCFormat_Success	
304f33f0	FE_MCFormat_Failed	
304f3408	FE_MCFormat_Failed_CardRemoved	
304f3428	FE_MCFormat_AskConfirm	
304f3440	FE_MCLoad_Loading	
304f3458	FE_MCLoad_NoCard	
304f3470	FE_MCLoad_NoFile	
304f3488	FE_MCLoad_Success	
304f34a0	FE_MCLoad_Failed	
304f34b8	FE_MCLoad_Failed_CardRemoved	
304f34d8	FE_MCSave_Saving	
304f34f0	FE_MCSave_NoCard	
304f3508	FE_MCSave_NoSpace	
304f3520	FE_MCSave_NotFormatted	
304f3538	FE_MCSave_Success	
304f3550	FE_MCSave_Failed	
304f3568	FE_MCSave_Failed_CardRemoved	
304f3588	FE_MCAutosave_Saving	
304f35a0	FE_MCAutosave_Failed	
304f35b8	FE_MCAutosave_Failed_CardRemoved	
304f35e0	FE_MCAutosave_Failed_WrongCard	
304f3628	Chris	
304f3638	Sarah	
304f3640	Philip	
304f3648	Anders	
304f3658	Filip	
304f3660	Barry	
304f3688	Card status: %d	
304f3698	Card error: %d	
304f36a8	BootupLoadedProfile: %d	
304f36c0	AutoSaveIndex: %d	
304f36d8	IsWaitingOnInput: %d	
304f36f0	IsFinished: %d	
304f3700	mePrepareState: %d	
304f3718	meMemCardState: %d	
304f3730	meBootupSubstate: %d	
304f3748	meSaveSubstate: %d	
304f3760	meLoadSubstate: %d	
304f3778	meAutosaveSubstate: %d	
304f3790	meDebugSubstate: %d	
304f37b8	Message: "%s"	
304f37c8	Option%i: "%s"	
304f37d8	Options: %d, Def.: %d, Sel.: %d	
304f3858	**HARDCODED** This game uses autosave, do not remove card beyond this point.. blah blah blah
	
304f3b88	Unlocks	
304f3c10	.keyframes	
304f3c20	<camerapath keyframes="%d" effects="%d">
	
304f3c50	 <keyframe fov="%f" time="%f" effects="%d">
	
304f3c80	  <position x="%f" y="%f" z="%f"/>
	
304f3ca8	  <orientation a="%f" b="%f" c="%f" d="%f"/>
	
304f3cd8	 </keyframe>
	
304f3ce8	 <effect type="%d" magnitude="%f"  time1="%f" time2="%f" time3="%f" time4="%f" >
	
304f3d40	 </effect>
	
304f3d50	</camerapath>
	
304f3e90	MissionFailed	
304f3ea8	Normal	
304f3eb8	Black	
304f3ed8	KELLAR J.	
304f3ff0	\IOP\DSPROUTE.IRX;1	
304f40e8	0123456789ABCDEFGHKJLMNOPQRSTUVXYZ	
304f42d0	bad_alloc	
304f4320	Trigger Threshold	
304f4338	Tinnitus	
304f4348	Levels\Level_%02u\LevelDat.bin	
304f4368	Levels\Level_%02u\fpguns\	
304f4388	Levels\Level_%02u\Stg_%04u\StLevel.bin	
304f43b8	Levels\Level_%02u\Stg_%04u\Guns%s.bin	
304f44e0	FE_LOADING	
304f4508	Levels\Level_%02u\Unit_%02d.bin	
304f4528	Levels\Level_%02u\Stg_%04d\StUnit%02d.bin	
304f4640	Glass_Ref2	
304f4650	Glass_Ref	
304f4668	Normal	
304f4678	Black	
304f4680	Secondary	
304f4690	Destruction	
304f46a0	Blackmail	
304f46b0	Intel	
304f46b8	Recon	
304f46c0	Armament	
304f46d0	Bodycount	
304f46e0	Message to level designer: 
%s objective target is unreachable.
Target is %d but there are only %d 
%s objectives at difficulty level %s	
304f4770	WARNING! NO MORTAR FIRE SOUND BUT MORTAR FIRING!	
304f47a8	WARNING! NO MORTAR IN SOUND BUT MORTAR FIRING!	
304f47d8	WARNING! FIRING TANK SHELL WITH NO TANK SHELL SOUND!
	
304f4848	AI gun model not found: %s

Please ask a designer to add it to the 

weaponList.txt file for this level	
304f48b8	MIDSPINE	
304f48c8	LOWERSPINE	
304f48d8	SHOULDER_LT	
304f48e8	ELBOW_LT	
304f48f8	SHOULDER_RT	
304f4908	ELBOW_RT	
304f4918	UPPERLEG_LT	
304f4930	UPPERLEG_RT	
304f49c8	ReloadHealth	
304f49d8	HealthPacks	
304f4a08	Max Hold Modifier Increment	
304f4a28	Controls_PS2	
304f4a38	../Export/ValueDB/Controls/Controls_PS2.cfg	
304f4a68	Max Hold Modifier	
304f4a80	Analogue Control Power	
304f4a98	Percentage Catch Up	
304f4ab0	sniper_SetMaxZoom	
304f4ac8	sniper_SetMinZoom	
304f4b00	chars/guns/	
304f4b86	#=New State	
304f4c40	FEZoomLevel	
304f4c50	sniperhud	
304f4fb0	LX_DESTRUCTION	
304f5028	SH_AR_S_016	
304f5058	gradient	
304f5070	envmapclouds	
304f5340	bad_alloc	
304f5350	MoveGraph	
304f5360	DenseGraph	
304f5370	RawData	
304f5378	CPathFinder::FindNextMove::ASTAR	
304f53a0	CPathFinder::FindNextMove::NewSubGoal	
304f53c8	CPathFinder::FindNextMove::Goto	
304f53e8	CPathFinder::FindNextMove::CheckAccident	
304f5418	AstarLoop	
304f5428	TraceLine	
304f5438	CheckVisible	
304f5448	CheckCylinder	
304f54a0	Message to Level Designer
Physics object %s tagged for Pathfinding collision has been removed without reexporting the world view
Reexport the world view and save it to get rid of that message	
304f5768	Message to Level Designer :
Never give a teammate a firesector with multiple volumes!
Only the first will be used
	
304f5877	@Message to Level Designer:
Patrol Point(%s) with a zero delay connected to Idle Point(%s)
Remove Idle Point from Patrol Point targets or set a valid delay	
304f6170	CBkRwAIActionCharacter	
304f6188	CBkRwAIBrainCharacter	
304f61a0	CBkRwAIEntityCharacter	
304f61b8	CBkRwAIBlockPathObject	
304f61d0	CBkRwAIEntity	
304f61e0	CBkRwAICustomHeuristic	
304f61f8	CBkRwAICustomConstraint	
304f6210	CBkRwAICustomPathfinder	
304f67b0	bad_alloc	
304f6c90	SH_AR_S_330	
304f6cd8	SH_AR_S_355	
304f6d38	SH_AR_S_354	
304f6d58	SH_AR_S_383	
304f6e58	  CBkActor::Update	
304f6e70	  Blackadder DecodeFrame	
304f6ed0	J_B_Hand_Loc	
304f6ee0	J_B_Breath_Loc	
304f6ef0	J_B_Grenade_Loc	
304f6f00	J_B_Bottle_Loc	
304f6f10	J_B_Shield_Loc	
304f6f20	Flash_Loc	
304f6f30	Bullet_Loc	
304f6f40	Grenade_Loc	
304f6f50	unknown	
304f6f60	false	
304f6f68	frame number	
304f6f78	player_move_rate	
304f6f90	player_direction	
304f6fa8	crouching	
304f6fb8	aim_pitch	
304f6fc8	aim_bearing	
304f6fd8	torso_pitch	
304f6fe8	run_rate_multiplier	
304f7000	cowering	
304f7010	shot_on_air	
304f7020	chars\trans_ch.bin	
304f7038	chars\trans_fp.bin	
304f7190	bad_alloc	
304f7218	caust%d	
304f72a0	GunReflectMap	
304f72e0	bulletholes	
304f7510	bad_alloc	
304f7570	Level.awd	
304f7598	PlayerWeapon	
304f75a8	Levels\Level_%02u\%s	
304f75c0	Sound\PCM\GrdPin.dav	
304f75d8	chars\guns\GrdPin.wdo	
304f75f0	Sound\PCM\GrdLnchr.dav	
304f7608	chars\guns\GrdLnchr.wdo	
304f76b8	Sound\Streams\	
304f76c8	chars\guns\	
304f76e0	AMBIENCE	
304f76f0	levels\level_%02i\%s%s	
304f7708	DESTRUCT	
304f7720	levels\level_%02i\spch_%s%s	
304f7740	MUSIC	
304f7748	levels\level_%02i\Music%s	
304f7778	levels\global\speech%s	
304f7790	Levels\Level_%02u\fpguns\%s%s	
304f79e0	../Export/ValueDB/Sound/ps2/BaseMix.cfg	
304f7a08	Ambience.ssh	
304f7a18	Emitter.awd	
304f7aa8	levels\level_%02i\%s	
304f7ac0	Levels\Level_%02u\Stg_%04u\%s	
304f7b58	WorldAmbience	
304f7c18	../Export/ValueDB/Sound/ps2/Collision.cfg	
304f7c48	Light Object Max Impulse	
304f7c68	Collision	
304f7c78	Medium Object Max Impulse	
304f7c98	Heavy Object Max Impulse	
304f7cb8	World Object Max Impulse	
304f7cd8	Object Impulse Threshold	
304f7cf8	Footstep Impulse	
304f7d50	Collide.awd	
304f7d60	Light Object Max Weight	
304f7d78	../Export/ValueDB/Sound/Collision.cfg	
304f7da0	Medium Object Max Weight	
304f7dc0	Heavy Object Max Weight	
304f7dd8	World Object Max Weight	
304f7e18	Deemphasis Attenuation	
304f7e30	AIWeapon	
304f7e78	../Export/ValueDB/Sound/ps2/AIWeapon.cfg	
304f7ed8	Carrie	
304f7ee8	BulletBy	
304f7ef8	MaxWeaponsSoundedPerFrame	
304f7f18	EnemyWeapon	
304f7f28	MaxEnemiesSoundedPerFrame	
304f7f48	Emphasis Decay Frames	
304f7f60	Distance Weighting	
304f7f78	Line of Sight Weighting	
304f7f90	Distance Precedence Threshold	
304f7fb0	Duplicated Register Attenuation	
304f7fd0	Unimportant Primary Firing Attenuation	
304f7ff8	Attenuate Duplicated Registers	
304f8018	EmoteGain	
304f8028	Hacks	
304f8030	EmoteMinDistance	
304f8048	EmoteMaxDistance	
304f8060	TyreHitGain	
304f8070	TyreHitMinDistance	
304f8088	TyreHitMaxDistance	
304f80a0	Levels\Level_%02u\Stg_%04u\AIWpns.awd	
304f8118	Team%d_%s	
304f81b8	BulletBy Pitch Variance	
304f81d0	BulletBy Gain Variance	
304f81e8	Outer Dist	
304f81f8	Ducker Dist	
304f8208	Stereo Spread	
304f82a8	levels/global/speech	
304f82e8	levels\level_%02i\speech	
304f8308	levels\level_%02i\spch_%s	
304f83e8	Sound/Banks/Anim.awd	
304f8400	Sound\PAudio.awd	
304f8540	Sound\Streams\FEMusic.ssh	
304f8560	Sound\FEAudio.awd	
304f8618	VGGeneral	
304f8628	VGPlayerWeapon	
304f8638	VGPlayerCollision	
304f8650	VGEnemyWeapons1	
304f8660	VGEnemyWeapons2	
304f8670	VGEnemyWeapons3	
304f8680	VGTeamMateWeapons	
304f8698	VGAtmosphere	
304f86a8	VGExplosions	
304f86b8	VGSpeech	
304f86c8	VGSpeechEnemy	
304f86d8	VGCollateralKills	
304f86f0	VGPlayerFoley	
304f8700	VGEnemyFoley	
304f8710	VGEnemyCollision	
304f8728	VGBulletBys	
304f8740	VGMusic	
304f8748	Normal_%.2i	
304f8758	../Export/ValueDB/Sound/ps2/DMMODE%s.CFG	
304f8788	FrequencyScalar	
304f8798	VolumeScalar	
304f87a8	AttackTime	
304f87b8	MixDominant	
304f87c8	../Export/ValueDB/Sound/ps2/Streams.cfg	
304f87f0	Destruct.ssh	
304f8808	Destruction	
304f8818	DistantThreshold	
304f8830	Explosion Duck Duration	
304f8848	Destruction Duck Duration	
304f8868	Duck Time per Blow Out	
304f8880	Max Blow Out Duck Time	
304f8898	Min Time betwixt Blow Outs	
304f88b8	Max Time betwixt Blow Outs	
304f88d8	Fire gain	
304f88e8	Fire minimum distance	
304f8900	Fire maximum distance	
304f8a40	../Export/ValueDB/Sound/ps2/DSP.cfg	
304f8a68	Tinnitus	
304f8a78	LowHealth	
304f8a87	~Start Frequency	
304f8a98	End Frequency	
304f8aa8	StartingQ	
304f8ac0	Attack Time	
304f8ad0	Hold Time	
304f8ae0	Release Time	
304f8af0	Whistle Gain	
304f8b00	UpperThreshold	
304f8b10	Low Health	
304f8b20	Full Muff	
304f8b30	Smoothing	
304f8b40	HeartbeatThreshold	
304f9500	bad_alloc	
304f9510	DODGE LEFT	
304f9520	DODGE RIGHT	
304f9558	HUD_Bodycounttext	
304f9570	HUD_Bodycount	
304f9580	HUD_BodyCountIncrement	
304f95b8	HUD_messagebox	
304f95d0	FE_MULTI_KILL	
304f95e0	FE_TRIPLE_KILL	
304f95f0	FE_DOUBLE_KILL	
304f9600	FE_COLLATERAL_DAMAGE	
304f9618	FE_HEAD_SHOT	
304f9628	FE_BLASTED	
304f9638	FE_RICOCHET_KILL	
304f9650	FE_BLOWN_AWAY	
304f9660	FE_LONG_RANGE	
304f9670	FE_PASSING_SHOT	
304f9680	FE_PRIMARYOBJ_NEW	
304f9698	LX_DESTRUCTION	
304f96a8	FE_BLACKMAILOBJ_UPDATE	
304f96c0	FE_BLACKMAILOBJ_DONE	
304f96d8	FE_INTELOBJ_UPDATE	
304f96f0	FE_INTELOBJ_DONE	
304f9708	FE_RECONOBJ_DONE	
304f9720	LX_ARMAMENT	
304f9730	FE_PRIMARYOBJ_UPDATE	
304f9748	FE_PRIMARYOBJ_DONE	
304f9760	FE_SECONDARYOBJ_UPDATE	
304f9778	FE_PRIMARYOBJ_FAILED	
304f9790	FE_SECONDARYOBJECTIVETARGETS	
304f97b0	FE_SECONDARY_OBJ_TARGET_UPDATE	
304f97d0	FE_PICKUPAMMO_PISTOL	
304f97e8	FE_PICKUPAMMO_SHOTGN	
304f9800	FE_PICKUPAMMO_SMG	
304f9818	FE_PICKUPAMMO_RIFLE	
304f9830	FE_PICKUPAMMO_RPG	
304f9848	FE_PICKUPAMMO_LAUNCH	
304f9860	FE_PICKUPAMMO_SNIPER	
304f9878	FE_PICKUPAMMO_GRNADE	
304f9890	FE_PICKUPAMMO_MCHGUN	
304f98a8	FE_PICKUPAMMO_MAGNUM	
304f98c0	FE_AMMOFULL_PISTOL	
304f98d8	FE_AMMOFULL_SHOTGUN	
304f98f0	FE_AMMOFULL_SMG	
304f9900	FE_AMMOFULL_RIFLE	
304f9918	FE_AMMOFULL_RPG	
304f9928	FE_AMMOFULL_M203	
304f9940	FE_AMMOFULL_SNIPERRIFLE	
304f9958	FE_AMMOFULL_GRENADES	
304f9970	FE_AMMOFULL_HEAVYMACHINEGUN	
304f9990	FE_AMMOFULL_MAGNUM	
304f99a8	FE_PICKUP_HEALTH	
304f99c0	FE_PICKUP_HEALTHPACK_SMALL	
304f99e0	FE_PICKUP_SILENT_TYPE_1	
304f99f8	FE_PICKUP_SILENT_TYPE_2	
304f9a10	FE_PICKUP_SILENT_TYPE_3	
304f9a28	FE_PICKUP_SILENT_TYPE_4	
304f9a40	FE_PICKUP_SILENT_TYPE_5	
304f9a58	FE_PICKUP_SILENT_TYPE_6	
304f9a70	FE_PICKUP_SILENT_TYPE_7	
304f9a88	FE_PICKUP_SILENT_TYPE_8	
304f9aa0	FE_PICKUP_SILENT_TYPE_9	
304f9ab8	GM_SwapWeapon1	
304f9ac8	GM_SwapWeapon2	
304f9ad8	GM_PickWeapon	
304f9b38	FE_PICKEDUP	
304f9b48	HINT_INGAME_54	
304f9b58	HINT_INGAME_53	
304f9b88	HINT_INGAME_%d	
304f9b98	FE_HINTPROMPT	
304f9ba8	SetReticuleType	
304f9bb8	HUD_FIRERATE_FULLAUTO	
304f9bd0	HUD_FIRERATE_SEMIAUTO	
304f9be8	HUD_FIRERATE_SINGLESHOT	
304f9c00	HUD_FIRERATE_NONE	
304f9c18	Level Time 00:00	
304f9c30	Level Time %02d:%02d	
304f9c48	Black	
304f9c50	Health	
304f9c80	HUD_timercount	
304f9ce8	Eurostile LT Std	
304f9d08	FireBullet	
304f9d20	HUD_GrenadeCount	
304f9d38	AddGrenade	
304f9d48	SetFireRateMode	
304f9d58	aptCallReload	
304f9d68	AMMOTYPE_HP	
304f9d78	AMMOTYPE_LT	
304f9d88	AMMOTYPE_HV	
304f9d98	AMMOTYPE_SS	
304f9da8	AMMOTYPE_HC	
304f9db8	AMMOTYPE_FG	
304f9dc8	AMMOTYPE_RG	
304f9dd8	HUD_AmmoType	
304f9e48	HUD_HoldBreath	
304f9e58	hud_midzoom	
304f9e68	hud_maxzoom	
304f9e78	hud_holdbreath	
304f9e88	FE_LEVELNAME0_EXTRA2	
304f9ea0	FE_LEVELNAME%d	
304f9eb0	_EXTRA	
304fa040	bad_alloc	
304fa050	HINT_INGAME_%d	
304fa060	bad_alloc	
304fa0e8	GM_Objectives	
304fa0f8	PRESS FIRE (R1) TO START	
304fa130	Unit %u	
304fa148	Game Paused	
304fa158	FE_PressStart	
304fa168	Objectives Complete	
304fa180	Completion Time	
304fa190	Enemy Count	
304fa1a0	Black Ops Kills	
304fa1b0	Longest Black Ops Run	
304fa1c8	star_full	
304fa1d8	star_none	
304fa208	Toggle Crouch:   	
304fa220	Invert Y-Axis:   	
304fa238	Continue	
304fa248	Restart	
304fa290	FEFunctionTrigger	
304fa2a8	FEFunctionName	
304fa2b8	FEFunctionParam%d	
304fa2d0	bad_alloc	
304fa2e0	FEInputId	
304fa2f0	ListenForPlayer	
304fa300	PauseMenu	
304fa328	Export\FrontEnd\InGameOn.bin	
304fa348	Export\FrontEnd\WpnScope.bin	
304fa368	Export\FrontEnd\FEMain.bin	
304fa388	Export\FrontEnd\Loading.bin	
304fa3a8	Export\FrontEnd\Ring.bin	
304fa3c8	Export\FrontEnd\cntrDisc.bin	
304fa3e8	Export\FrontEnd\Core.bin	
304fa408	Export\FrontEnd\Common.bin	
304fa428	Export\FrontEnd\PseMenu.bin	
304fa448	p_scroll	
304fa458	f_scroll	
304fa470	_level%d	
304fa480	FEChangePage	
304fa490	FETargetPage	
304fa4a0	FERelease	
304fa4b0	FEAllowAttractMode	
304fa4c8	FEAttractTimeout	
304fa4e0	FEAttractTarget	
304fa4f0	FE_LevelAllowContinue	
304fa508	FELanguage	
304fa518	FEPlatform	
304fa530	FEVideoMode	
304fa548	FETerritory	
304fa560	FE_CONFIRMTITLE	
304fa570	FE_CONFIRMMESSAGE	
304fa588	SetupConfirmWarning	
304fa5a0	Loading_screen	
304fa5b0	ControllerDisconnected	
304fa790	FECurrentLevelId	
304fa7a8	FELoadingPauseMenus	
304fa7c0	HideLoadingMessage	
304fa7d8	Empty	
304fa7e0	Main._totalframes	
304fa7f8	Release	
304fa800	Main._currentframe	
304fa818	setWideScreen	
304fa828	Prepare	
304fa838	Update	
304fa840	LegalScreen	
304fa850	BootSequence	
304fa860	Destruct	
304fa870	%s_wide	
304fa878	FMVPlayer	
304fa888	IntroCredits	
304fa898	BlackIntroSequence	
304fa8b0	MissionFailed	
304fa8c0	%s._visible	
304fa8d0	_visible	
304fa970	RestartConfirm	
304fa980	FE_RESTART	
304fa990	FE_RESTARTWARNING	
304fa9a8	QuitConfirm	
304fa9b8	FE_QUIT	
304fa9c0	FE_QUITWARNING	
304fa9e0	Outline	
304fa9e8	Italic	
304faa08	BUTTON_TRIANGLE	
304faa18	BUTTON_SQUARE	
304faa28	BUTTON_CROSS	
304faa38	BUTTON_CIRCLE	
304faa48	BUTTON_DPAD_UP	
304faa58	BUTTON_DPAD_DOWN	
304faa70	BUTTON_DPAD_LEFT	
304faa88	BUTTON_DPAD_RIGHT	
304faaa0	BUTTON_START	
304faab0	BUTTON_SELECT	
304faac0	BUTTON_L1	
304faad0	BUTTON_L2	
304faae0	BUTTON_R1	
304faaf0	BUTTON_R2	
304fab00	BUTTON_L_THUMB	
304fab10	BUTTON_R_THUMB	
304fab60	Start480pTest	
304fab70	Unset480pAndFinish	
304faba0	Start60HzTest	
304fabb0	SucceedTest	
304fabc0	DebugGoToTitleMenu	
304fabd8	SucceedTestAndFinish	
304fabf0	FE_COUNT	
304fac00	60HzSelect	
304fac10	FELevelUnlocked1	
304fac28	FELevelUnlocked2	
304fac40	FELevelUnlocked3	
304fac58	FELevelUnlocked4	
304fac70	FELevelUnlocked5	
304fac88	FELevelUnlocked6	
304faca0	FELevelUnlocked7	
304facb8	FELevelUnlocked8	
304facd0	LevelSelect	
304face0	MissionModeSelect_StartLevel	
304fad00	UpdateDificulty	
304fad10	SelectedDifficulty	
304fad28	DifficultyBack	
304fad38	FE_DIFFICULTYDESC	
304fad50	FE_LEVEL_AND_RATING	
304fad68	FE_LEVELNAME	
304fad78	FE_OVERALLRATING2	
304fad90	FE_CURRENTDIFFICULTY	
304fada8	FE_MissionDifficulty	
304fadc0	FE_DifficultySelection	
304fadd8	FE_MissionDone	
304fade8	FE_DIFFICULTYDESC_EASY	
304fae00	FE_DIFFICULTYDESC_NORMAL	
304fae20	FE_DIFFICULTYDESC_HARD	
304fae38	FE_DIFFICULTYDESC_BLACK	
304fae50	FE_LEVELNAME%d	
304fae60	FE_LOCKED	
304fae70	FE_DIFFEASY	
304fae80	FE_DIFFNORMAL	
304fae90	FE_DIFFHARD	
304faea0	FE_BLACKOPS	
304faeb0	BlackTitleMenu2	
304faec0	MissionModeSelect	
304faed8	SetCurrentObjectives	
304faef0	ClosePauseMenu	
304faf00	RestartLevel	
304faf10	QuitLevel	
304faf20	ChangeObjectiveHint	
304faf38	FEDiffMode	
304faf48	FE_CURRENTOBJECTIVE	
304faf60	FE_CURRENTSECONDARYOBJECTIVE	
304faf80	FE_PRIMARYRATING	
304faf98	FE_SECONDARYRATING	
304fafb0	FE_BLACKMAILRATING	
304fafc8	FE_INTELRATING	
304fafd8	FE_RECONRATING	
304fafe8	FE_ARMAMENTRATING	
304fb000	FE_OBJECTIVEHINT	
304fb018	FE_OBJECTIVETOTAL	
304fb030	FE_OBJECTIVESTARGETTOTAL	
304fb050	FE_NOCURRENTPRIMARYOBJECTIVE	
304fb070	FE_NOCURRENTSECONDARYOBJECTIVE	
304fb090	OBJ_CHALLENGE_HEADSHOTS	
304fb0a8	OBJ_CHALLENGE_TIME	
304fb0c0	OBJ_CHALLENGE_TARGETS	
304fb0d8	FE_FORMAT_COUNT_OF_UNKNOWN	
304fb0f8	FE_FORMAT_COUNT_OF_COUNT	
304fb118	FE_OBJECTIVENOTAPPLICABLE	
304fb138	FE_DESTRUCTION_HINT	
304fb150	FE_COMPLETEALLPRIMARYOBJECTIVES	
304fb170	FE_BLACKMAIL_HINT	
304fb188	FE_INTEL_HINT	
304fb198	FE_RECON_HINT	
304fb1a8	FE_ARAMAMENT_HINT	
304fb1d8	FEInvertLookFlag	
304fb1f0	FEToggleCrouchFlag	
304fb208	FEVibration	
304fb218	FESFXVolume	
304fb228	FEMusicVolume	
304fb238	ToggleInvertLook	
304fb250	ToggleCrouchOnOff	
304fb268	ToggleVibration	
304fb278	SetSfxValue	
304fb288	SetMusicValue	
304fb298	FE_DEFAULT	
304fb2a8	FE_CCONF_SCOUT	
304fb2b8	FE_CCONF_ASSAULT	
304fb2d0	FE_CCONF_SOUTHPAW	
304fb2e8	FE_CCONF_CUSTOM	
304fb2f8	FEControllerType	
304fb310	FEDuplicateControlsExist	
304fb330	FEUnboundControlsExist	
304fb348	SetControllerTypeToCustom	
304fb368	ChangeControllerType	
304fb380	ChangeButtonAction	
304fb398	ConfirmCustom	
304fb3a8	LaunchCustom	
304fb3b8	RevertControllerConfig	
304fb3d0	FE_CCONF_TYPE	
304fb3e0	FE_CCONF_WARNING	
304fb3f8	ClearConflicts	
304fb408	SetConflict	
304fb418	FE_CCONF_DUPWARNING	
304fb438	FE_CCONF_DUPWARNING_MANY	
304fb458	FE_CCONF_MISSWARNING	
304fb470	FE_CCONF_MISSWARNING_MANY	
304fb490	FESoundOutputType	
304fb4a8	ChangeSoundOutputType	
304fb4c0	ChangeSoundtrack	
304fb4d8	ChangePlayMode	
304fb4e8	FONT_TEST_STRING	
304fb500	FEPictureOutputType	
304fb518	FEGammaLevel	
304fb528	ChangePictureOutputType	
304fb540	SetGammaLevel	
304fb550	FEDifficulty	
304fb560	FEDifficultyHard	
304fb578	ChangeDifficulty	
304fb590	SelectDifficulty	
304fb5a8	LeaveDifficultyMenu	
304fb5c0	OptionsMenu	
304fb5d0	RestartMission	
304fb5e0	ContinueMission	
304fb5f0	QuitFromMissionFailed	
304fb608	SetupResults	
304fb618	FE_RESULTSLEVELNAME	
304fb630	FE_MISSIONSTATUS	
304fb648	FE_PRIMARYSCORE	
304fb658	FE_SECONDARYSCORE	
304fb670	FE_BLACKMAILSCORE	
304fb688	FE_INTELSCORE	
304fb698	FE_OVERALLRATING	
304fb6b0	FE_BODYCOUNT	
304fb6c0	FE_MISSIONTIME	
304fb6d0	FE_OBJECTIVESTOTAL	
304fb6e8	current	
304fb6f0	FE_FORMAT_STRINGCOUNT_OF_STRINGCOUNT	
304fb718	FE_TIME_HOURSMINUTESSECONDS	
304fb738	SetObjectiveAppearance	
304fb750	FE_DEMOMISSIONCOMPLETE	
304fb768	FE_MISSIONFAILED	
304fb780	SetupRankingLadder	
304fb798	FE_RANKCHANGE	
304fb7a8	FE_NEWRANKMSG	
304fb7b8	FE_NEWRANKNAME	
304fb7c8	ChallengeLevelSelect	
304fb7e0	SelectChallengeHeadCount	
304fb800	SelectChallengeGunRun	
304fb818	SelectChallengeKillingTime	
304fb838	StartChallenge	
304fb848	FE_CURRENTCHALLENGELEVEL	
304fb868	FE_HEADCOUNTANDRATING	
304fb880	FE_GUNRUNANDRATING	
304fb898	FE_KILLINGTIMEANDRATING	
304fb8b0	FE_CHALLENGENAME	
304fb8c8	FE_CURRENTCHALLENGERECORD	
304fb8e8	FE_REQUIREMENT1	
304fb8f8	FE_REQUIREMENT2	
304fb908	FE_REQUIREMENT3	
304fb918	FE_REQUIREMENT4	
304fb928	FE_CHALLENGERATINGFORMAT	
304fb948	FE_BRONZE	
304fb958	FE_SILVER	
304fb968	FE_GOLD	
304fb970	FE_BLACK	
304fb980	FE_NOMEDALAWARDED	
304fb998	FE_HEADCOUNT	
304fb9a8	FE_GUNRUN	
304fb9b8	FE_KILLINGTIME	
304fb9c8	FE_LEVELLOCKED_FORMAT	
304fb9e0	FE_CURRENTRECORD_HEADSHOTS	
304fba00	FE_HEADSHOTS	
304fba18	FE_CURRENTRECORD_TARGETS	
304fba38	FE_TARGETS	
304fba48	FE_CURRENTRECORD_ENEMIESKILLED	
304fba68	FE_ENEMIESKILLEDFORMAT	
304fba80	RestartChallenge	
304fba98	SetupChallengeResultsSucceeded	
304fbab8	SetupChallengeResultsFailed	
304fbad8	FE_MEDALAWARDED	
304fbae8	FE_CHALLENGERESULTS	
304fbb00	FE_CHALLENGERESULT	
304fbb18	FE_BLACKMEDALAWARDED	
304fbb30	FE_GOLDMEDALAWARDED	
304fbb48	FE_SILVERMEDALAWARDED	
304fbb60	FE_BRONZEMEDALAWARDED	
304fbb78	%s: %d	
304fbb80	FE_MemcardOptionSelected	
304fbba0	FE_MemcardOptionCount	
304fbbb8	FE_MemcardAutosaveOn	
304fbbd0	FE_MemcardPrompt	
304fbbe8	Str_KeyboardIn	
304fbbf8	FE_MEMCARDMESSAGE	
304fbc10	FE_MEMCARDOPTION%d	
304fbc28	FE_NAMEENTRY	
304fbc38	FE_KEYBOARD_RESULT	
304fbc50	StartNewProfile	
304fbc60	StartLoadProfile	
304fbc78	StartSaveProfile	
304fbc90	StartBootCheckProfile	
304fbca8	StartAutosaveProfile	
304fbcc0	StartAutosaveChallenge	
304fbcd8	StartAutosaveSettings	
304fbcf0	MemcardSelectOption	
304fbd08	StartAutosaveSelect	
304fbd20	FE_KeyBoardDone	
304fbd30	FE_KeyBoardBack	
304fbd40	FE_UpdateCursor	
304fbd50	FE_UpdateString	
304fbd60	memcardslots	
304fbd70	VirtualKeyboard	
304fbd80	memcardmessage	
304fbd90	ProfileOptions	
304fbda0	ChallengeModeOverview	
304fbde0	Eurostile LT Std	
304fbdf8	UpdateCursorCallBack	
304fbe10	SetupObjectives	
304fbe20	CloseObjectivesScreen	
304fbe38	FE_MISSIONNAME	
304fbe48	FE_MISSIONDATE	
304fbe58	FE_OBJECTIVE%d	
304fbe68	ShowMap	
304fbe78	_EXTRA	
304fbe90	FE_LEVELRATING_0	
304fbea8	FE_LEVELRATING_1	
304fbec0	FE_LEVELRATING_2	
304fbed8	FE_LEVELRATING_3	
304fbef0	FE_LEVELRATING_4	
304fbf08	FE_LEVELRATING_5	
304fbf20	SetupOperatorProfileStrings	
304fbf40	FE_PLAYERNAME	
304fbf50	FE_RANK	
304fbf58	FE_COMPLETIONRESULTS	
304fbf70	FE_GAMETIMERESULTS	
304fbf88	FE_TOTALENEMYCOUNTRESULTS	
304fbfa8	FE_HEADSHOTSRESULTS	
304fbfc0	FE_TOTALBULLETSFIREDRESULTS	
304fbfe0	FE_WEAPONOFCHOICERESULTS	
304fc000	FE_TOTALCOMPLETIONFORMAT	
304fc038	FESetLanguage	
304fc068	FEKillBookSelect	
304fc080	FE_KILLBOOK_RESULT	
304fc098	Not acquired	
304fc0a8	Kill Acquired	
304fc0b8	Not Acquired	
304fc0c8	TriggerFMVDone	
304fc0d8	DemoMode_StartDemo	
304fc0f0	DemoMode_QuitDemo	
304fc108	DemoMode_PostTitleScreen	
304fc128	MainMenu	
304fc138	FE_HINT_TEXT	
304fc148	FE_LOADINGLEVELNAME	
304fc160	FE_LOADINGDIFFICULTY	
304fc178	FE_LOADINGTOCOMPLETE	
304fc190	FE_LOADINGPRIMARYTOTAL	
304fc1a8	FE_LOADINGINTELTOTAL	
304fc1c0	FE_LOADINGBLACKMAILTOTAL	
304fc1e0	FE_LOADINGDESTRUCTIONTOTAL	
304fc200	FE_LOADINGARMAMENTTOTAL	
304fc218	FE_LOADINGRECONTOTAL	
304fc230	FE_LOADINGOBJECTIVESTOTAL	
304fc250	FE_SECONDARYOBJECTIVETARGET	
304fc270	HINT_%d	
304fc278	LoadOverlayEasy	
304fc288	LoadOverlayHard	
304fc298	LoadOverlayBlack	
304fc2b0	FE_COMPLETE_OBJECTIVES	
304fc2c8	FE_EASY	
304fc2d0	FE_NORMAL	
304fc2e0	FE_HARD	
304fc2e8	FECurrentRewardType	
304fc300	FENextRewardType	
304fc318	FESetupRewardScreen	
304fc330	FE_CURRENTUNLOCKLEVEL	
304fc348	FE_WHATYOUHAVEDONE	
304fc360	FE_YOUHAVEUNLOCKED	
304fc378	FE_CONGRATULATIONS	
304fc3a8	FE_MISSIONOBJECTIVESACHIEVED	
304fc3c8	FE_DIFFBLACK	
304fc3d8	FE_DIFFCOMPLETED	
304fc3f0	FE_SILVERWEAPONMODETWO	
304fc408	FE_SILVERWEAPONMODEONE	
304fc420	FE_BLACKMODECOMPLETE	
304fc438	FE_UNLOCK_M16A2	
304fc448	FE_LEVELUNLOCKEDFORMAT	
304fc460	FE_CCONF_L1ACTION	
304fc478	FE_CCONF_L2ACTION	
304fc490	FE_CCONF_R1ACTION	
304fc4a8	FE_CCONF_R2ACTION	
304fc4c0	FE_CCONF_NORTHACTION	
304fc4d8	FE_CCONF_EASTACTION	
304fc4f0	FE_CCONF_SOUTHACTION	
304fc508	FE_CCONF_WESTACTION	
304fc520	FE_CCONF_LSTICKVERTICLEACTION	
304fc540	FE_CCONF_LSTICKHORIZONTALACTION	
304fc560	FE_CCONF_LSTICKCLICKACTION	
304fc580	FE_CCONF_RSTICKVERTICLEACTION	
304fc5a0	FE_CCONF_RSTICKHORIZONTALACTION	
304fc5c0	FE_CCONF_RSTICKCLICKACTION	
304fc5e0	FE_CCONF_DPADUPACTION	
304fc5f8	FE_CCONF_DPADDOWNACTION	
304fc610	FE_CCONF_DPADLEFTACTION	
304fc628	FE_CCONF_DPADRIGHTACTION	
304fc768	FEAK47IsUnlocked	
304fc780	FESpazIsUnlocked	
304fc798	FEUziIsUnlocked	
304fc7a8	FEM249IsUnlocked	
304fc7c0	FEM16A2IsUnlocked	
304fc7d8	FEM203IsUnlocked	
304fc7f0	FEGlockIsUnlocked	
304fc808	FEG36CIsUnlocked	
304fc820	FEWalther2000IsUnlocked	
304fc838	FEMac10EliteIsUnlocked	
304fc850	FEMagnumIsUnlocked	
304fc868	FEMP5IsUnlocked	
304fc878	FEP90IsUnlocked	
304fc888	FERPGIsUnlocked	
304fc898	FERemmingtonIsUnlocked	
304fc8b0	FEDC3EliteIsUnlocked	
304fc9c6	FTDefault	
304fc9f0	FE_ACTION_NONE	
304fca00	FE_ACTION_PRIMARYFIRE	
304fca18	FE_ACTION_RELOAD	
304fca30	FE_ACTION_CROUCH	
304fca48	FE_ACTION_CHANGEWEAPONUP	
304fca68	FE_ACTION_CHANGEWEAPONDOWN	
304fca88	FE_ACTION_AIM	
304fca98	FE_ACTION_GRENADE	
304fcab0	FE_ACTION_CHANGEFIRINGMODE	
304fcad0	FE_ACTION_TOGGLESUPRESSOR	
304fcaf0	FE_ACTION_MELEE	
304fcb00	FE_ACTION_HEALTHPACK	
304fcba8	FE_ACTION_ACTION	
304fcc60	FE_ACTION_RUNFORWARDBACK	
304fcc80	FE_ACTION_SIDESTEPLEFTRIGHT	
304fcca0	FE_ACTION_TURNLEFTRIGHT	
304fccb8	FE_ACTION_LOOKUPDOWN	
304fcd70	__constructor__	
304fcd80	ParentScope	
304fcda0	center	
304fcda8	right	
304fcdb0	Error	
304fcdb8	Iterators are not in same range	
304fcdd8	Trying to dereference an invalid iterator	
304fce08	Can't pass negative ranges, c&b.	
304fce30	No large string violation	
304fcea0	Object.registerClass::	
304fcec0	String	
304fcec8	Property	
304fcee0	Register	
304fcef0	Boolean	
304fcef8	Float	
304fcf00	Integer	
304fcf08	Lookup	
304fcf10	NativeFunction	
304fcf20	UNUSED	
304fcf28	Extern	
304fcf30	CharShapeInst	
304fcf40	CharSpriteInst	
304fcf50	CharButtonInst	
304fcf60	CharTextInst	
304fcf70	CharStaticTextInst	
304fcf88	CharMorphInst	
304fcf98	CharAnimationInst	
304fcfb0	CharLevelInst	
304fcfc0	FrameStack	
304fcfd0	Sound	
304fcfd8	Array	
304fcff0	Global	
304fcff8	ScriptColour	
304fd008	Object	
304fd010	Prototype	
304fd028	MovieClip	
304fd038	Mouse	
304fd040	XmlNode	
304fd050	XmlAttributes	
304fd060	LoadVars	
304fd070	TextFormat	
304fd080	Extension	
304fd090	GlobalExtension	
304fd0a0	Stage	
304fd0a8	Message	
304fd0b0	StringObject	
304fd0c0	ScriptFunction1	
304fd0d0	ScriptFunction2	
304fd0e0	ScriptFunctionByteCode	
304fd0f8	DisplayListHead	
304fd108	INVALID	
304fd140	FSCommand:	
304fd440	_level%d	
304fd450	instance%ld	
304fd460	Color	
304fd480	AptTrace: 	
304fd498	super	
304fd4a0	apply	
304fd4c0	shift	
304fd578	__INTERFACES__	
304fd5e8	__Packages.	
304fd5f8	AptAnimationPoolData::pInputMask	
304fd620	AptAnimationPoolData::apNewInsts	
304fd648	AptAnimationPoolData::listenerSet.aElements	
304fd678	AptAnimationPoolData::inputSet.aElements	
304fd6a8	AptAnimationPoolData::aIntervalTimers[i].pCBFunction	
304fd6e0	AptAnimationPoolData::aIntervalTimers[i].pParams	
304fd718	AptAnimationPoolData::action.pCIH	
304fd740	AptAnimationPoolData::function.pContext	
304fd768	AptAnimationPoolData::function.pFuncDef	
304fd898	sortOn	
304fd8a0	unshift	
304fd8a8	toString	
304fd8c0	concat	
304fd8d0	length	
304fd8d8	slice	
304fd8e0	splice	
304fd8e8	reverse	
304fd8f0	Element	
304fda00	border	
304fda08	hscroll	
304fda10	maxChars	
304fda20	textWidth	
304fda30	textHeight	
304fda40	_height	
304fda48	variable	
304fda58	maxscroll	
304fda68	background	
304fda78	borderColor	
304fda88	mouseWheelEnabled	
304fdaa0	autoSize	
304fdab0	multiline	
304fdac0	backgroundColor	
304fdad0	scroll	
304fdad8	wordWrap	
304fdae8	textColor	
304fdb68	dynamic	
304fddd0	Parent	
304fde80	AptDisplayListState::DisplayListItem	
304fdfd0	SPACE	
304fdfd8	getCode	
304fdfe0	getAscii	
304fdff0	DELETEKEY	
304fe000	SHIFT	
304fe008	addListener	
304fe018	ESCAPED	
304fe020	getController	
304fe030	removeListener	
304fe040	RIGHT	
304fe048	getAnalogStickInfo	
304fe068	CONTROL	
304fe080	ENTER	
304fe088	INSERT	
304fe098	isDown	
304fe0a0	isToggled	
304fe0b0	BACKSPACE	
304fe0c0	CAPSLOCK	
304fe208	floor	
304fe220	round	
304fe230	random	
304fe440	fXAxisValue	
304fe450	fYAxisValue	
304fe460	message	
304fe5b8	start	
304fe5c0	attachSound	
304fe6d0	_name	
304fe6d8	escape	
304fe6e0	setMask	
304fe6e8	removeTextField	
304fe6f8	_visible	
304fe710	createTextField	
304fe728	nextFrame	
304fe738	extern	
304fe740	_xmouse	
304fe748	_soundbuftime	
304fe758	setTextFormat	
304fe768	prevFrame	
304fe778	_focusrect	
304fe790	onPress	
304fe798	unescape	
304fe7a8	onRelease	
304fe7b8	createEmptyMovieClip	
304fe7d0	onLoad	
304fe7d8	onMouseWheel	
304fe7f0	removeMovieClip	
304fe800	onReleaseOutside	
304fe818	onEnterFrame	
304fe830	onMouseUp	
304fe840	onSetFocus	
304fe850	onData	
304fe858	_xscale	
304fe860	isNaN	
304fe868	onMouseMove	
304fe880	unloadMovie	
304fe890	_ymouse	
304fe898	getURL	
304fe8a0	_framesloaded	
304fe8b0	onRollOver	
304fe8c0	getNewTextFormat	
304fe8d8	localToGlobal	
304fe8e8	_highquality	
304fe8f8	onUnload	
304fe908	getBounds	
304fe918	onMouseDown	
304fe928	_target	
304fe930	getTextFormat	
304fe940	onRollOut	
304fe950	setInterval	
304fe960	onKeyDown	
304fe970	onDragOver	
304fe980	_droptarget	
304fe990	_yscale	
304fe998	swapDepths	
304fe9a8	hitTest	
304fe9b0	_currentframe	
304fe9c0	onKillFocus	
304fe9d0	getDepth	
304fe9e0	onDragOut	
304fe9f0	gotoAndPlay	
304fea00	gotoAndStop	
304fea10	_totalframes	
304fea20	_rotation	
304fea30	duplicateMovieClip	
304fea48	clearInterval	
304fea58	_quality	
304fea68	getBytesTotal	
304fea78	getBytesLoaded	
304fea88	loadVariables	
304fea98	startDrag	
304feaa8	loadMovie	
304feab8	attachMovie	
304febf0	align	
304febf8	height	
304fec00	scaleMode	
304fec10	width	
304fed40	split	
304fed48	charAt	
304fed50	indexOf	
304fed58	substring	
304fed68	charCodeAt	
304fed78	lastIndexOf	
304fed88	substr	
304fed90	toLowerCase	
304feda0	toUpperCase	
304fedb0	fromCharCode	
304fedc0	%%%%%%%%%%%%%%%%%%%%%%%%%%%%%%%%%%%%%%%%%%%%%%%%%%%%%%%%%%%%%%%%%%%%%%%%%
%%%	
304fee36	%%%%%%%%%%%%%%%%%%%%%%%%%%%%%%%%%%%%%%%%%%%%%%%%%%%%%%%%%%%%%%%%%%%%%%%%%%%%%%%%%%%%%%%%%%%%%%%%%%%%%%%%%%%%%%%%%%%%%%%%%%%%%%%%%%%%%%%%%%url	
304feed0	target	
304feed8	leading	
304feee0	tabStops	
304feef0	underline	
304fef00	rightMargin	
304fef18	color	
304fef20	indent	
304fef30	leftMargin	
304fef40	bullet	
304fef48	italic	
304fef50	blockIndent	
304fefc0	false	
304ff118	_level10	
304ff128	_level19	
304ff148	_level17	
304ff158	_level16	
304ff168	_level15	
304ff178	_level14	
304ff198	_level12	
304ff1a8	_level11	
304ff1d0	_parent	
304ff1d8	_global	
304ff1f0	_level20	
304ff200	_level24	
304ff220	_level22	
304ff230	_level21	
304ff4a8	[sound]	
304ff4b0	[native function 0x%08x]	
304ff4d0	[function]	
304ff4e0	[object Object]	
304ff4f0	[object]	
304ff500	[object (prototype)]	
304ff518	[MovieClip]	
304ff528	[Register]	
304ff538	[Lookup]	
304ff548	[Extern]	
304ff558	[FrameStack]	
304ff568	[Extension]	
304ff578	[GlobalExtension]	
304ff590	[Type=0x%X]	
304ff658	_proto__	
304ff7c0	Apt-0.19.02 built on Fri Apr  8 14:47:02 2005	
304ff7f0	SuperConstructor	
304ff808	registerClass	
304ff818	__INTERFACEs__	
304ff830	ParentAnim	
304ff840	__proto__	
304ff860	_right	
304ff868	_type	
304ff898	boolean	
304ff8a0	contentType	
304ff8b0	controller	
304ff8c0	function	
304ff8e0	getDate	
304ff8f0	getFullYear	
304ff900	getHours	
304ff910	getMilliseconds	
304ff920	getMinutes	
304ff930	getMonth	
304ff948	getSeconds	
304ff958	getTime	
304ff960	getTimezoneOffset	
304ff978	getTransform	
304ff988	getUTCDate	
304ff998	getUTCDay	
304ff9a8	getUTCFullYear	
304ff9b8	getUTCHours	
304ff9c8	getUTCMilliseconds	
304ff9e0	getUTCMinutes	
304ff9f0	getUTCMonth	
304ffa00	getUTCSeconds	
304ffa10	getYear	
304ffa20	loaded	
304ffa28	movieclip	
304ffa38	NodeName	
304ffa48	NodeValue	
304ffa60	number	
304ffa68	object	
304ffa70	prototype	
304ffa98	sendAndLoad	
304ffaa8	setDate	
304ffab0	setFullYear	
304ffac0	setHours	
304ffad0	setMilliseconds	
304ffae0	setMinutes	
304ffaf0	setMonth	
304ffb08	setSeconds	
304ffb18	setTime	
304ffb20	setTransform	
304ffb30	setUTCDate	
304ffb40	setUTCFullYear	
304ffb50	setUTCHours	
304ffb60	setUTCMilliseconds	
304ffb78	setUTCMinutes	
304ffb88	setUTCMonth	
304ffb98	setUTCSeconds	
304ffba8	setYear	
304ffbb0	string	
304ffbb8	undefined	
304ffbc8	undefKey	
304ffca0	bad_alloc	
305001c0	atfile	
305001c8	host:	
30500288	bad_alloc	
30500298	<This space intentionally left blank>	
305002c0	GTASSERT : %s:%d %s
	
305002d8	GTASSERT : %s:%d
	
305002f0	 -/abcdefghijklmnopqrstuvwxyzABCDEFGHIJKLMNOPQRSTUVWXYZ01234567890_	
30500366	 A - %d
	
30500370	GTASSERT: (Thread %s)	
30500390	Line %d	
30500450	General	
30500458	Page %d	
30500460	Current	
30500468	Average	
30500478	Calls	
30500488	GPU Render cost	
30500498	%s : None	
305004a8	%s : %s	
30500838	Missing Muzzle Texture : %s	
30500858	CommonParams	
30500868	PlayerParams	
30500878	AIParams	
30500888	Player	
305008a0	Projectile Type	
305008b0	Weapon Impact Level	
305008c8	Num Bullets Per Burst	
305008e0	Num Bullets In Clip	
305008f8	Muzzle Offset	
30500910	Range	
30500918	Power	
30500920	Time Between Bullets	
30500938	Time Between Bursts	
30500950	Num Bullets Per Spread	
30500968	Likelyhood Of Ricochet	
30500980	Max Ricochet Angle	
30500998	Max Spread Angle	
305009b0	Accuracy Fall Off Time	
305009c8	Accuracy Fall Off Over Time	
305009e8	bad_alloc	
305009f8	Class	
30500a10	RawData	
30500a18	Graph	
30500a20	AdditionalData	
30500a30	CFindNearestData	
30500a48	CAstarData	
30500a58	UpdateWithPathObjects	
30500a70	MaxEntity	
30500a88	OneMeter	
30500aa0	GlobalServices	
30500ab8	Entities	
30500ac8	Brains	
30500ad0	Agents	
30500ad8	Services	
30500af0	Estimations	
30500b00	MaxTeam	
30500b08	Service	
30500b10	Entity	
30500b18	_Name	
30500b20	ActionClass	
30500b30	Brain	
30500b40	Agent	
30500b48	Aperiodic	
30500b58	Priority	
30500b68	MaxCall	
30500b70	Periodic	
30500b80	Period	
30500b88	CBkAIActionTagManager	
30500ba0	CBkAIColourBasedHeuristic	
30501270	ErrMessage : %s %d %s
	
30501288	d:/alienbrainwork/GameShared/GameClasses/Graphical/VideoDecoder/Ps2/vibuf.c	
305012d8	DMA ADD not active
	
305016c0	Unknown buff type.	
305016d8	internal alignment error. _bstag:%d	
30501700	internal alignment error. _idct:%d	
30501728	The size of work area is too small	
30501750	image buffer needs to be aligned to 64byte boundary(0x%08x)	
30501790	Need to re-setup libipu since sceMpegGetPicture was aborted
	
305017d0	sceMpegGetPicture is aborted
	
30501808	odd number of field pictures	
30501828	unknown picture sutructure	
30501848	work area size is too small	
30501868	Too small buffer size for %dx%d picture
	
30501898	the second field is missing	
305018b8	CSC handler error
	
305018d0	Error code detected(BDEC)	
305018f0	[MPEG ERROR]%s
	
30501900	(a) invalid motion_type(%d)-0	
30501920	(b) invalid motion_type(%d)-1	
30501940	(c) invalid motion_type(%d)-2	
30501960	Invalid modion type -- ignored(%d)	
30501988	intra && skip MB	
305019a0	= Skip to the next picture =	
305019c0	Too many macroblocks in picture	
305019e0	skiped macroblock in I picure is not allowed	
30501a10	Invalid macroblock_type code: 0	
30501a30	Invalid macroblock_address_increment code(0x%08x)	
30501a68	slice_start_code(0x%08x) out of range	
30501a90	_sceMpegSliceA0(): error happens	
30501ab8	vertical size > 2800	
30501ad0	_chroma_format needs to be 1: 420	
30501af8	Unsupported profile/level	
30501b18	load_chroma_intra_quantizer_matrix == 1	
30501b40	load_chroma_non_intra_quantizer_matrix == 1	
30501b70	_sequenceScalableExtension() is not implemented	
30501ba0	Unknown Extension	
30501bb8	_pictureSpatialScalableExtension is not supported	
30501bf0	_pictureTemporalScalableExtension is not supported	
30501c58	libdbc: bind failed
	
30501c70	libdbc: Module version mismatch 	
30501c98	[libdbc.a = %d.%02x, dbcman.irx = %d.%02x]
	
30501cc8	sceDbc_sema	
30501cd8	libdbc: SifDmaAddr %08x
	
30501cf8	sceDbcSetWorkAddr: rpc error
	
30501d18	sceDbcCreateSocket: rpc error
	
30501d38	sceDbcDeleteSocket: rpc error
	
30501d58	sceDbcGetDepNumber: rpc error
	
30501d78	sceDbcInitSocket: rpc error
	
30501d98	sceDbcResetSocket: rpc error
	
30501db8	sceDbcGetDeviceStatus: rpc error
	
30501de0	sceDbcSRData: rpc error
	
30501e00	sceDbcSendData: rpc error
	
30501e20	libdbc: SendData2 data length too long [%d]
	
30501e50	dbcman : SendData2 BUSY
	
30501e70	sceDbcSendData2: rpc error
	
30501e90	libdbc: SendData3 data length too long [%d]
	
30501ec0	dbcman : SendData3 BUSY
	
30501ee0	sceDbcReceiveData: rpc error
	
30501f00	libdma: sync timeout
	
30501f70	libpad2: buffer addr is not 64 byte align. %08x
	
30501fa8	ERROR	
30501fb8	STABLE	
30501fc0	NOLINK	
30502078	asinf	
30502b86	7~sceCdCbfunc= %d sceCdCbfunc_num= %d
	
30502bb0	SceCdCallbackThread	
30502bc8	SceCdNcmdSema	
30502bd8	SceCdScmdSema	
30502be8	SceCdRcmdSema	
30502bf8	SceCdCallbackSema	
30502c10	Libcdvd bind err CdSearchFile
	
30502c30	ee call cmd search %s
	
30502c48	search name %s
	
30502c58	search size %d
	
30502c68	search loc lbn %d
	
30502c80	Ncmd fail sema cur_cmd:%d keep_cmd:%d
	
30502ca8	Libcdvd bind err N CMD
	
30502cc0	N cmd wait
	
30502cd0	S cmd wait
	
30502ce0	Scmd fail sema cur_cmd:%d keep_cmd:%d
	
30502d08	Libcdvd bind err S cmd
	
30502d20	Libcdvd bind err %d CD_Init %d
	
30502d40	Libcdvd Exit
	
30502d50	OLD DiskReady Call
	
30502d68	Libcdvd bind err CdDiskReady
	
30502d88	DiskReady ended
	
30502da0	NEW DiskReady Call
	
30502db8	sceCdChgSys: Illegal_function_call
	
30502e58	Invalid combination type	
30502e78	Invalid projection type specified	
30502ea0	
Core built at Feb 28 2005 18:34:26
	
30502ec8	Only rendering sub system	
30502f08	0123456789abcdef	
30503fe8	Heap resized from %d to %d bytes	
30504010	bad_alloc	
30504020	bad_alloc	
30504030	ComputeDestInterval	
30504048	PathLength	
30504058	StopWhenHidden	
30504070	MaxDeltaHeight	
30504080	Graph	
30504088	MaxPointsToFlee	
30504098	MaxEntitiesToFlee	
305040b0	CFleeAgent::CheckDangerVisible	
305040d0	CFleeAgent::ComputeDestination	
305040f0	CFleeAgent	
30504100	Q24Kaim7CObject	
30504110	Q24Kaim11CGraphPoint	
30504128	Q24Kaim10CFleeAgent	
30504140	Q24Kaim24RecursiveFlightTraversal	
30504168	Q24Kaimt10CMetaClass2ZQ24Kaim6CAgentZPFPQ24Kaim6CBrain_PQ24Kaim6CAgent	
305041b0	Q24Kaim13CPointWrapper	
305041c8	Q24Kaim16CVertexTraversal	
305041e8	bad_alloc	
305041f8	DistFromEntity	
30504208	AngleFromEntity	
30504218	EntityToFollow	
30504228	CFollowerAgent::ComputeRealDistance	
30504250	CFollowerAgent	
30504260	Q24Kaim14CFollowerAgent	
30504278	Q24Kaimt10CMetaClass2ZQ24Kaim6CAgentZPFPQ24Kaim6CBrain_PQ24Kaim6CAgent	
305042c0	bad_alloc	
305042d0	CGotoAgent	
305042e0	Q24Kaim10CGotoAgent	
305042f8	Q24Kaimt10CMetaClass2ZQ24Kaim6CAgentZPFPQ24Kaim6CBrain_PQ24Kaim6CAgent	
30504340	bad_alloc	
30504350	Graph	
30504358	ResearchType	
30504368	FAR_FROM_ENEMY	
30504378	CLOSE_TO_ME	
30504388	MaxDeltaHeight	
30504398	MaxDangerousEntities	
305043b0	CHideAgent::ComputeDestination	
305043d0	CHideAgent::CheckPositionVisible	
30504400	CHideAgent	
30504410	Q24Kaim7CObject	
30504420	Q24Kaim11CGraphPoint	
30504438	Q24Kaim10CHideAgent	
30504458	Q24Kaimt10CMetaClass2ZQ24Kaim6CAgentZPFPQ24Kaim6CBrain_PQ24Kaim6CAgent	
305044a0	Q24Kaim13CPointWrapper	
305044b8	bad_alloc	
305044c8	PathWayName	
305044d8	StartingPointIndex	
30504500	crouch	
30504510	%s %s	
30504518	pause	
30504520	rotate	
30504528	orient	
30504530	CPathWayAgent	
30504540	Q24Kaim13CPathWayAgent	
30504558	Q24Kaimt10CMetaClass2ZQ24Kaim6CAgentZPFPQ24Kaim6CBrain_PQ24Kaim6CAgent	
305045a0	bad_alloc	
305045b0	DangerousConeAngle	
305045c8	TargetBot	
305045d8	GunRange	
305045e8	MaxInaccuracy	
305045f8	AimAtTargetInterval	
30504610	CShooterAgent::BotShootAtEnemy	
30504630	CShooterAgent	
30504640	Q24Kaim7CObject	
30504650	Q34Kaimt8CVarList1ZPQ24Kaim7CEntity9CIterator	
30504680	Q24Kaim13CShooterAgent	
30504698	Q24Kaimt10CMetaClass2ZQ24Kaim6CAgentZPFPQ24Kaim6CBrain_PQ24Kaim6CAgent	
305046e0	bad_alloc	
305046f0	Graph	
305046f8	CWanderAgent	
30504708	Q24Kaim7CObject	
30504718	Q24Kaim11CGraphPoint	
30504730	Q24Kaim12CWanderAgent	
30504748	Q24Kaimt10CMetaClass2ZQ24Kaim6CAgentZPFPQ24Kaim6CBrain_PQ24Kaim6CAgent	
30504790	Q24Kaim13CPointWrapper	
305047a8	bad_alloc	
305047b8	CActionAcceleration	
305047d0	Q24Kaim19CActionAcceleration	
305047f0	Q24Kaim7CObject	
30504800	Q24Kaim16CActionAttribute	
30504820	Q24Kaimt10CMetaClass2ZQ24Kaim16CActionAttributeZPFv_PQ24Kaim16CActionAttribute	
30504870	bad_alloc	
30504880	CActionCrouch	
30504890	Q24Kaim13CActionCrouch	
305048a8	Q24Kaim7CObject	
305048b8	Q24Kaim16CActionAttribute	
305048d8	Q24Kaimt10CMetaClass2ZQ24Kaim16CActionAttributeZPFv_PQ24Kaim16CActionAttribute	
30504928	bad_alloc	
30504938	CActionJump	
30504948	Q24Kaim11CActionJump	
30504960	Q24Kaim7CObject	
30504970	Q24Kaim16CActionAttribute	
30504990	Q24Kaimt10CMetaClass2ZQ24Kaim16CActionAttributeZPFv_PQ24Kaim16CActionAttribute	
305049e0	bad_alloc	
305049f0	CActionRotate	
30504a00	Q24Kaim13CActionRotate	
30504a18	Q24Kaim7CObject	
30504a28	Q24Kaim16CActionAttribute	
30504a48	Q24Kaimt10CMetaClass2ZQ24Kaim16CActionAttributeZPFv_PQ24Kaim16CActionAttribute	
30504a98	bad_alloc	
30504aa8	CActionShoot	
30504ab8	Q24Kaim12CActionShoot	
30504ad0	Q24Kaim7CObject	
30504ae0	Q24Kaim16CActionAttribute	
30504b00	Q24Kaimt10CMetaClass2ZQ24Kaim16CActionAttributeZPFv_PQ24Kaim16CActionAttribute	
30504b50	bad_alloc	
30504b60	CActionSpeed	
30504b70	Q24Kaim12CActionSpeed	
30504b88	Q24Kaim7CObject	
30504b98	Q24Kaim16CActionAttribute	
30504bb8	Q24Kaimt10CMetaClass2ZQ24Kaim16CActionAttributeZPFv_PQ24Kaim16CActionAttribute	
30504c08	bad_alloc	
30504c18	CActionSteering	
30504c28	Q24Kaim15CActionSteering	
30504c48	Q24Kaim7CObject	
30504c58	Q24Kaim16CActionAttribute	
30504c78	Q24Kaimt10CMetaClass2ZQ24Kaim16CActionAttributeZPFv_PQ24Kaim16CActionAttribute	
30504cc8	bad_alloc	
30504cd8	bad_alloc	
30504ce8	CEntityCanFly	
30504cf8	Q24Kaim13CEntityCanFly	
30504d10	Q24Kaim7CObject	
30504d20	Q24Kaim16CEntityAttribute	
30504d40	Q24Kaimt10CMetaClass2ZQ24Kaim16CEntityAttributeZPFv_PQ24Kaim16CEntityAttribute	
30504d90	bad_alloc	
30504da0	CEntityEyePosition	
30504db8	Q24Kaim18CEntityEyePosition	
30504dd8	Q24Kaim7CObject	
30504de8	Q24Kaim16CEntityAttribute	
30504e08	Q24Kaimt10CMetaClass2ZQ24Kaim16CEntityAttributeZPFv_PQ24Kaim16CEntityAttribute	
30504e58	bad_alloc	
30504e68	CEntityGunPosition	
30504e80	Q24Kaim18CEntityGunPosition	
30504ea0	Q24Kaim7CObject	
30504eb0	Q24Kaim16CEntityAttribute	
30504ed0	Q24Kaimt10CMetaClass2ZQ24Kaim16CEntityAttributeZPFv_PQ24Kaim16CEntityAttribute	
30504f20	bad_alloc	
30504f30	CEntityHeadDirection	
30504f48	Q24Kaim20CEntityHeadDirection	
30504f68	Q24Kaim7CObject	
30504f78	Q24Kaim16CEntityAttribute	
30504f98	Q24Kaimt10CMetaClass2ZQ24Kaim16CEntityAttributeZPFv_PQ24Kaim16CEntityAttribute	
30504fe8	bad_alloc	
30504ff8	CEntityHearingAcuteness	
30505010	Q24Kaim23CEntityHearingAcuteness	
30505038	Q24Kaim7CObject	
30505048	Q24Kaim16CEntityAttribute	
30505068	Q24Kaimt10CMetaClass2ZQ24Kaim16CEntityAttributeZPFv_PQ24Kaim16CEntityAttribute	
305050b8	bad_alloc	
305050c8	CEntityHeight	
305050d8	Q24Kaim13CEntityHeight	
305050f0	Q24Kaim7CObject	
30505100	Q24Kaim16CEntityAttribute	
30505120	Q24Kaimt10CMetaClass2ZQ24Kaim16CEntityAttributeZPFv_PQ24Kaim16CEntityAttribute	
30505170	bad_alloc	
30505180	CEntityKneePosition	
30505198	Q24Kaim19CEntityKneePosition	
305051b8	Q24Kaim7CObject	
305051c8	Q24Kaim16CEntityAttribute	
305051e8	Q24Kaimt10CMetaClass2ZQ24Kaim16CEntityAttributeZPFv_PQ24Kaim16CEntityAttribute	
30505238	bad_alloc	
30505248	CEntityLength	
30505258	Q24Kaim13CEntityLength	
30505270	Q24Kaim7CObject	
30505280	Q24Kaim16CEntityAttribute	
305052a0	Q24Kaimt10CMetaClass2ZQ24Kaim16CEntityAttributeZPFv_PQ24Kaim16CEntityAttribute	
305052f0	bad_alloc	
30505300	CEntityMaxSpeed	
30505310	Q24Kaim15CEntityMaxSpeed	
30505330	Q24Kaim7CObject	
30505340	Q24Kaim16CEntityAttribute	
30505360	Q24Kaimt10CMetaClass2ZQ24Kaim16CEntityAttributeZPFv_PQ24Kaim16CEntityAttribute	
305053b0	bad_alloc	
305053c0	CEntityTeamSide	
305053d0	Q24Kaim15CEntityTeamSide	
305053f0	Q24Kaim7CObject	
30505400	Q24Kaim16CEntityAttribute	
30505420	Q24Kaimt10CMetaClass2ZQ24Kaim16CEntityAttributeZPFv_PQ24Kaim16CEntityAttribute	
30505470	bad_alloc	
30505480	CEntityTorsoOrientation	
30505498	Q24Kaim23CEntityTorsoOrientation	
305054c0	Q24Kaim7CObject	
305054d0	Q24Kaim16CEntityAttribute	
305054f0	Q24Kaimt10CMetaClass2ZQ24Kaim16CEntityAttributeZPFv_PQ24Kaim16CEntityAttribute	
30505540	bad_alloc	
30505550	CEntityVisualAcuteness	
30505568	Q24Kaim22CEntityVisualAcuteness	
30505588	Q24Kaim7CObject	
30505598	Q24Kaim16CEntityAttribute	
305055b8	Q24Kaimt10CMetaClass2ZQ24Kaim16CEntityAttributeZPFv_PQ24Kaim16CEntityAttribute	
30505608	bad_alloc	
30505618	CEntityWidth	
30505628	Q24Kaim12CEntityWidth	
30505640	Q24Kaim7CObject	
30505650	Q24Kaim16CEntityAttribute	
30505670	Q24Kaimt10CMetaClass2ZQ24Kaim16CEntityAttributeZPFv_PQ24Kaim16CEntityAttribute	
305056c0	bad_alloc	
305056d0	CActionActivate	
305056e0	Q24Kaim15CActionActivate	
30505700	Q24Kaim7CObject	
30505710	Q24Kaim16CActionAttribute	
30505730	Q24Kaimt10CMetaClass2ZQ24Kaim16CActionAttributeZPFv_PQ24Kaim16CActionAttribute	
30505780	bad_alloc	
30505790	CActionHeadRotate	
305057a8	Q24Kaim17CActionHeadRotate	
305057c8	Q24Kaim7CObject	
305057d8	Q24Kaim16CActionAttribute	
305057f8	Q24Kaimt10CMetaClass2ZQ24Kaim16CActionAttributeZPFv_PQ24Kaim16CActionAttribute	
30505848	bad_alloc	
30505858	CActionTorsoRotate	
30505870	Q24Kaim18CActionTorsoRotate	
30505890	Q24Kaim7CObject	
305058a0	Q24Kaim16CActionAttribute	
305058c0	Q24Kaimt10CMetaClass2ZQ24Kaim16CActionAttributeZPFv_PQ24Kaim16CActionAttribute	
30505910	bad_alloc	
30505920	CActionVerticalSpeed	
30505938	Q24Kaim20CActionVerticalSpeed	
30505958	Q24Kaim7CObject	
30505968	Q24Kaim16CActionAttribute	
30505988	Q24Kaimt10CMetaClass2ZQ24Kaim16CActionAttributeZPFv_PQ24Kaim16CActionAttribute	
305059d8	bad_alloc	
305059e8	bad_alloc	
305059f8	PathWay	
30505a00	RawData	
30505a08	CPathWayManager	
30505a18	Q24Kaim7CObject	
30505a28	Q34Kaim15CPathWayManager11CPathWayMap	
30505a50	Q24Kaim15CPathWayManager	
30505a70	Q24Kaim13CWorldService	
30505a88	Q24Kaimt10CMetaClass2ZQ24Kaim13CWorldServiceZPFv_PQ24Kaim13CWorldService	
30505ad8	bad_alloc	
30505ae8	MaxDeltaUp	
30505af8	EntityWidth	
30505b08	ForceRebuild	
30505b30	RawData	
30505b38	OutputFile	
30505b48	Container	
30505b58	Class	
30505b70	CPointMapper	
30505b80	Q24Kaim12CPointMapper	
30505b98	Kynogon Point mapping data	
30505bb8	Q24Kaim7CObject	
30505bc8	Q24Kaim13CWorldService	
30505be0	Q24Kaimt10CMetaClass2ZQ24Kaim13CWorldServiceZPFv_PQ24Kaim13CWorldService	
30505c30	bad_alloc	
30505c40	Script	
30505c48	RawData	
30505c50	CScriptManager	
30505c60	Q24Kaim7CObject	
30505c70	Q34Kaim14CScriptManager10CScriptMap	
30505c98	Q24Kaim14CScriptManager	
30505cb0	Q24Kaim13CWorldService	
30505cc8	Q24Kaimt10CMetaClass2ZQ24Kaim13CWorldServiceZPFv_PQ24Kaim13CWorldService	
30505d20	bad_alloc	
30505d50	crouch	
30505d60	pause %f
	
30505d70	rotate %f
	
30505d80	orient %f
	
30505e30	pause	
30505e38	rotate	
30505e40	orient	
30505e48	Q24Kaim7CObject	
30505e70	Q24Kaim8CPathWay	
30505e88	Kynogon Path Way	
30505ea0	bad_alloc	
30505ec0	Q24Kaim7CScript	
30505ed0	Q24Kaim7CObject	
30505ee0	bad_alloc	
30505ef0	Q24Kaim7CObject	
30505f00	Q24Kaim7CAction	
30505f10	Q24Kaim12CActionClass	
30505f28	Q24Kaim21CActionAttributeClass	
30505f48	Q24Kaimt10CMetaClass2ZQ24Kaim7CActionZPFv_PQ24Kaim7CAction	
30505f88	Q24Kaimt10CMetaClass2ZQ24Kaim16CActionAttributeZPFv_PQ24Kaim16CActionAttribute	
30505fd8	bad_alloc	
30505fe8	Class	
30505ff0	Q24Kaim6CAgent	
30506000	Q24Kaim7CObject	
30506010	Q24Kaim11CAgentClass	
30506028	Q24Kaimt10CMetaClass2ZQ24Kaim6CAgentZPFPQ24Kaim6CBrain_PQ24Kaim6CAgent	
30506070	bad_alloc	
30506090	Entities	
305060a0	Entity	
305060a8	Brain	
305060b0	Brains	
305060b8	Agents	
305060c0	Services	
305060d0	Agent	
305060d8	Service	
305060e8	Class	
305060f0	ActionClass	
30506100	Q24Kaim7CObject	
30506110	Q34Kaimt8CVarList1ZPQ24Kaim7CEntity9CIterator	
30506140	Q24Kaim17CEntityDefinition	
30506160	Q24Kaim15CTeamDefinition	
30506180	Q34Kaimt8CVarList1ZPQ24Kaim5CTeam9CIterator	
305061b0	bad_alloc	
305061c0	Service	
305061c8	Class	
305061d0	Agent	
305061d8	Q24Kaim7CObject	
305061f8	Q24Kaim11CBrainClass	
30506210	Q24Kaimt10CMetaClass2ZQ24Kaim6CBrainZPFPQ24Kaim7CEntityRQ24Kaim12CActionClass_PQ24Kaim6CBrain	
30506270	bad_alloc	
30506280	Q24Kaim7CObject	
30506290	Q24Kaim12CTraceResult	
305062a8	bad_alloc	
305062b8	Q24Kaim7CObject	
305062d8	bad_alloc	
305062e8	Q24Kaim7CObject	
305062f8	Q24Kaimt8CVarList1ZPQ24Kaim7CEntity	
30506320	Q34Kaimt8CVarList1ZPQ24Kaim7CEntity9CIterator	
30506350	Q34Kaimt8CVarList1ZPQ24Kaim7CEntity5CCell	
30506380	bad_alloc	
30506398	Q24Kaim7CObject	
305063a8	Q34Kaimt8CVarList1ZPQ24Kaim7CEntity9CIterator	
305063d8	Q24Kaim7CEntity	
305063e8	Q24Kaimt8CVarList1ZPQ24Kaim5CTeam	
30506410	Q34Kaimt8CVarList1ZPQ24Kaim5CTeam9CIterator	
30506440	Q34Kaimt8CVarList1ZPQ24Kaim5CTeam5CCell	
30506468	Q24Kaim12CEntityClass	
30506480	Q24Kaim21CEntityAttributeClass	
305064a0	Q24Kaimt10CMetaClass2ZQ24Kaim7CEntityZPFPCcPv_PQ24Kaim7CEntity	
305064e0	Q24Kaimt10CMetaClass2ZQ24Kaim16CEntityAttributeZPFv_PQ24Kaim16CEntityAttribute	
30506530	bad_alloc	
30506540	bad_alloc	
30506550	IPathFinder	
30506560	Q24Kaim7CObject	
30506570	Q24Kaim11IPathFinder	
30506588	Q24Kaim13CBrainService	
305065a0	Q24Kaimt10CMetaClass2ZQ24Kaim13CBrainServiceZPFPQ24Kaim6CBrain_PQ24Kaim13CBrainService	
305065f8	Q24Kaim16IConstraintClass	
30506618	Q24Kaimt10CMetaClass2ZQ24Kaim11IConstraintZPFv_PQ24Kaim11IConstraint	
30506660	bad_alloc	
30506670	bad_alloc	
30506700	Q24Kaim7CObject	
30506710	Q24Kaim14CBaseAllocator	
30506728	Q24Kaim10CAllocator	
30506740	Q24Kaim15CBasicAllocator	
30506760	Q24Kaim19CPoolBasedAllocator	
30506780	Q24Kaimt8CVarList1ZPQ24Kaim14CFreeListBlock	
305067b0	Q24Kaim9CFreeList	
305067c8	Q34Kaimt8CVarList1ZPQ24Kaim14CFreeListBlock9CIterator	
30506800	Q24Kaim14CFreeListBlock	
30506818	Q24Kaimt8CVarList1ZPQ24Kaim14CBaseAllocator	
30506848	Q34Kaimt8CVarList1ZPQ24Kaim14CBaseAllocator5CCell	
30506880	Q34Kaimt8CVarList1ZPQ24Kaim14CBaseAllocator9CIterator	
305068b8	Q34Kaimt8CVarList1ZPQ24Kaim14CFreeListBlock5CCell	
305069f0	bad_alloc	
30506a00	CNearestPoint	
30506a10	Q24Kaim13CPointWrapper	
30506a28	Q24Kaim27CPointContainerWrapperClass	
30506a50	Q24Kaimt10CMetaClass2ZQ24Kaim10CPointInfoZPFv_PQ24Kaim10CPointInfo	
30506a98	Q24Kaim15CPointInfoClass	
30506ab8	Q24Kaim7CObject	
30506ac8	Q24Kaimt10CMetaClass2ZQ24Kaim22CPointContainerWrapperZPFv_PQ24Kaim22CPointContainerWrapper	
30506b28	bad_alloc	
30506b38	Class	
30506b40	Q24Kaim12CBaseService	
30506b58	Q24Kaim7CObject	
30506b68	Q24Kaim13CBrainService	
30506b80	Q24Kaim18CBrainServiceClass	
30506ba0	Q24Kaim18CWorldServiceClass	
30506bc0	Q24Kaimt10CMetaClass2ZQ24Kaim13CBrainServiceZPFPQ24Kaim6CBrain_PQ24Kaim13CBrainService	
30506c18	Q24Kaimt10CMetaClass2ZQ24Kaim13CWorldServiceZPFv_PQ24Kaim13CWorldService	
30506c68	bad_alloc	
30506c78	Q24Kaim7CObject	
30506c88	Q34Kaim12CTimeManager11CEntityInfo	
30506cb0	Q34Kaim12CTimeManager9CTeamInfo	
30506cd0	Q24Kaim12CTimeManager	
30506ce8	Q34Kaimt8CVarList1ZPQ24Kaim7CEntity9CIterator	
30506d20	bad_alloc	
30506d30	bad_alloc	
30506d40	bad_alloc	
30506d50	MaxEntity	
30506d60	MaxTeam	
30506d68	OneMeter	
30506d80	MaxAperiodicTask	
30506d98	Aperiodic	
30506da8	MaxPeriodicTask	
30506db8	Periodic	
30506dc8	MaxEstimatedTask	
30506de0	Estimations	
30506df8	Priority	
30506e08	MaxCall	
30506e10	Period	
30506e18	GlobalServices	
30506e28	Services	
30506e38	Service	
30506e40	Class	
30506e48	Q24Kaim7CObject	
30506e68	Q24Kaimt8CVarList1ZPQ24Kaim7CEntity	
30506e90	Q34Kaimt8CVarList1ZPQ24Kaim7CEntity9CIterator	
30506ec0	Q24Kaimt8CVarList1ZPQ24Kaim5CTeam	
30506ee8	Q34Kaimt8CVarList1ZPQ24Kaim5CTeam9CIterator	
30506f18	Q34Kaimt8CVarList1ZPQ24Kaim7CEntity5CCell	
30506f48	Q34Kaimt8CVarList1ZPQ24Kaim5CTeam5CCell	
30506f70	bad_alloc	
30506f80	Class	
30506f90	Q24Kaim7CObject	
30506fa0	Q24Kaimt8CVarList1ZPQ24Kaim7CEntity	
30506fc8	Q34Kaimt8CVarList1ZPQ24Kaim7CEntity9CIterator	
30506ff8	Q34Kaimt8CVarList1ZPQ24Kaim5CTeam9CIterator	
30507038	Q34Kaimt8CVarList1ZPQ24Kaim7CEntity5CCell	
30507068	Q24Kaimt10CMetaClass2ZQ24Kaim5CTeamZPFUiPCc_PQ24Kaim5CTeam	
305070a8	Q24Kaim10CTeamClass	
305070c0	bad_alloc	
305070d0	AstarLoop	
305070e0	Q24Kaim7CObject	
305070f0	Q24Kaimt8CVarList1ZPQ24Kaim7CVertex	
30507118	Q34Kaimt8CVarList1ZPQ24Kaim7CVertex5CCell	
30507148	Q34Kaimt8CVarList1ZPQ24Kaim7CVertex9CIterator	
30507178	Q266_GLOBAL_$N$D__BuildMachine_sdk_rwaisdk_src_graph_kyastar.cppvHaaaa28CNodePushSuccessorsTraversal	
305071e0	Q24Kaim16CVertexTraversal	
30507200	bad_alloc	
30507210	RawData	
30507230	CFindNearestData	
30507248	Q24Kaim16CFindNearestData	
30507268	Kynogon FindNearest Data	
30507288	Q24Kaim7CObject	
30507298	Q24Kaim10CGraphData	
305072b0	Q24Kaimt10CMetaClass2ZQ24Kaim10CGraphDataZPFPQ24Kaim13CSpatialGraph_PQ24Kaim10CGraphData	
30507310	bad_alloc	
30507320	bad_alloc	
30507330	CConstraint	
30507340	CConstraintShortestPath	
30507358	CConstraintStealthPath	
30507370	CConstraintConeVisionStealthPath	
30507398	CConstraintPointToFleePath	
305073b8	CSphereConstraint	
305073d0	CHeuristicEuclidianDistance	
305073f0	CZeroHeuristic	
30507400	CPathCostHeuristic	
30507418	Q24Kaim23CConstraintShortestPath	
30507440	Q24Kaim22CConstraintStealthPath	
30507460	Q24Kaim32CConstraintConeVisionStealthPath	
30507490	Q24Kaim26CConstraintPointToFleePath	
305074b8	Q24Kaim17CSphereConstraint	
305074d8	Q24Kaim27CHeuristicEuclidianDistance	
30507500	Q24Kaim14CZeroHeuristic	
30507518	Q24Kaim18CPathCostHeuristic	
30507538	Q24Kaim7CObject	
30507548	Q24Kaimt10CMetaClass2ZQ24Kaim11IConstraintZPFv_PQ24Kaim11IConstraint	
30507590	Q24Kaim11CConstraint	
305075a8	Q24Kaimt10CMetaClass2ZQ24Kaim10CHeuristicZPFv_PQ24Kaim10CHeuristic	
305075f0	Q24Kaim15CHeuristicClass	
30507610	Q24Kaim10CHeuristic	
30507628	Q24Kaim11IConstraint	
30507640	bad_alloc	
30507650	Graph	
30507658	UpdateWithPathObjects	
30507670	RawData	
30507678	CoverageDistance	
30507690	AdditionalData	
305076a0	Class	
305076a8	AstarMemory	
305076b8	CGraphManager	
305076c8	Q24Kaim7CObject	
305076d8	Q34Kaim13CGraphManager9CGraphMap	
30507700	Q24Kaim13CGraphManager	
30507718	Q24Kaim13CWorldService	
30507730	Q24Kaimt10CMetaClass2ZQ24Kaim13CWorldServiceZPFv_PQ24Kaim13CWorldService	
30507780	bad_alloc	
30507790	CGraphWrapper	
305077a0	Q24Kaim13CGraphWrapper	
305077b8	Q24Kaim7CObject	
305077c8	Q24Kaim22CPointContainerWrapper	
305077e8	Q24Kaimt10CMetaClass2ZQ24Kaim22CPointContainerWrapperZPFv_PQ24Kaim22CPointContainerWrapper	
30507848	bad_alloc	
30507858	Q24Kaim15CGraphDataClass	
30507878	Q24Kaimt10CMetaClass2ZQ24Kaim10CGraphDataZPFPQ24Kaim13CSpatialGraph_PQ24Kaim10CGraphData	
305078d8	bad_alloc	
305078e8	RawData	
30507900	CPathCostData	
30507910	Q24Kaim7CObject	
30507920	Q24Kaim13CPathCostData	
30507938	Q24Kaim14CZeroHeuristic	
30507950	Kynogon PathCost Data	
30507970	Q24Kaim10CGraphData	
30507988	Q24Kaimt10CMetaClass2ZQ24Kaim10CGraphDataZPFPQ24Kaim13CSpatialGraph_PQ24Kaim10CGraphData	
305079e8	Q24Kaim10CHeuristic	
30507a00	bad_alloc	
30507a10	LinkedEdgeMax	
30507a20	CPathObject	
30507a30	Q34Kaim11CPathObject11CLinkedEdge	
30507a58	Q24Kaim11CPathObject	
30507a70	Q24Kaim7CObject	
30507a80	Q24Kaimt10CMetaClass2ZQ24Kaim7CEntityZPFPCcPv_PQ24Kaim7CEntity	
30507ac0	bad_alloc	
30507ad0	MaxNbPathObjects	
30507ae8	CPathObjectManager	
30507b00	Q24Kaim7CObject	
30507b10	Q24Kaim10CPointPair	
30507b28	Q24Kaim18CPathObjectManager	
30507b48	Q24Kaim13CWorldService	
30507b60	Q24Kaimt10CMetaClass2ZQ24Kaim13CWorldServiceZPFv_PQ24Kaim13CWorldService	
30507bb0	bad_alloc	
30507bc0	RawData	
30507bd0	Q24Kaim7CObject	
30507bf0	Q24Kaim13CSpatialGraph	
30507c08	28SaveFastBinaryGraphTraversal	
30507c28	Kynogon Spatial graph	
30507c40	Q24Kaim15CGraphTraversal	
30507c60	bad_alloc	
30507c70	Q24Kaim7CObject	
30507c80	Q24Kaim15CGraphTraversal	
30507ca0	26FindNearestVertexTraversal	
30507cc0	27FindNearestVisibleTraversal	
30507ce0	34FindNearestLocallyVisibleTraversal	
30507d08	24FindNearestEdgeTraversal	
30507d28	bad_alloc	
30507d38	RawData	
30507d58	CAccessWaysData	
30507d68	Q24Kaim7CObject	
30507d78	Q24Kaim15CAccessWaysData	
30507d98	26ComputeAccessWaysTraversal	
30507db8	Kynogon AccessWays Data	
30507dd8	Q24Kaim15CGraphTraversal	
30507df8	Q24Kaim10CGraphData	
30507e10	Q24Kaimt10CMetaClass2ZQ24Kaim10CGraphDataZPFPQ24Kaim13CSpatialGraph_PQ24Kaim10CGraphData	
30507e70	26ComputeVisibilityTraversal	
30507e90	bad_alloc	
30507ea0	RawData	
30507eb8	CAstarData	
30507ec8	Q24Kaim7CObject	
30507ed8	Q24Kaim10CAstarData	
30507ef0	Q24Kaim14CZeroHeuristic	
30507f08	Kynogon Astar Data	
30507f20	Q24Kaim10CGraphData	
30507f38	Q24Kaimt10CMetaClass2ZQ24Kaim10CGraphDataZPFPQ24Kaim13CSpatialGraph_PQ24Kaim10CGraphData	
30507f98	Q24Kaim10CHeuristic	
30507fb0	bad_alloc	
30507fc0	DisableDA	
30507fe0	DynamicAvoidanceClass	
30507ff8	CPathFinder::FindNextMove::CheckAccident	
30508028	CPathFinder::FindNextMove::ASTAR	
30508050	CPathFinder::FindNextMove::NewSubGoal	
30508078	CPathFinder::FindNextMove::Goto	
30508098	Graph	
305080a0	DistMinNewGoal	
305080b0	DistGoal	
305080c0	DistStop	
305080d0	DistGoalSlowDown	
305080e8	DistSlowDown	
305080f8	MaxDeltaHeight	
30508108	DistSubgoalMax	
30508118	MaxDeltaAngle	
30508128	MaxYawSpeed	
30508138	NbMaxSubgoal	
30508148	HoleHeight	
30508158	WidthRatioForHoleDetection	
30508178	HoleDistToEdge	
30508188	CpuPrudence	
30508198	AvoidCpuPeaks	
305081a8	StopCondition	
305081b8	FindVertex	
305081c8	MoveModeCheck	
305081d8	SimpleMove	
305081e8	ComplexMove	
305081f8	NextSubgoal	
30508208	CanGo	
30508210	MaxPathSize	
30508220	YawSmoothing	
30508230	UpdateTorsoRotate	
30508260	false	
30508268	CPathFinder	
30508278	SimpleStopCondition	
30508290	NearestVertex	
305082a0	LocallyVisibleVertex	
305082b8	NearestVertexOpt	
305082d0	VisibleGo	
305082e0	AlwaysGo	
305082f0	VisibleWithoutHoleGo	
30508308	SimpleCheck	
30508318	ComplexCheck	
30508328	VisibilityCheck	
30508338	HoleCheck	
30508348	NoCheck	
30508350	VisibleMove	
30508360	InvisibleMove	
30508370	VisibleAvoidDynMove	
30508388	StopAndRelaunchPath	
305083a0	Q24Kaim7CObject	
305083b0	Q24Kaim12CTraceResult	
305083c8	Q34Kaim11CPathFinder15CConstraintInfo	
305083f0	Q24Kaim11CPathFinder	
30508408	Q24Kaimt10CMetaClass2ZQ24Kaim13CBrainServiceZPFPQ24Kaim6CBrain_PQ24Kaim13CBrainService	
30508460	Q24Kaimt10CStringMap2ZPFRQ24Kaim11CPathFinder_UcUi16	
30508498	Q24Kaimt10CStringMap2ZPFRQ24Kaim11CPathFinderRQ24Kaim7CVectorUcUc_PQ24Kaim7CVertexUi16	
305084f0	Q24Kaimt10CStringMap2ZPFRQ24Kaim11CPathFinderRQ24Kaim7CVector_UcUi16	
30508538	Q24Kaimt10CStringMap2ZPFRQ24Kaim11CPathFinderRQ24Kaim4MoveRCQ24Kaim7CVector_UcUi16	
30508590	bad_alloc	
305085a0	bad_alloc	
305085b0	DynDelayTime	
305085c0	DynRatioAttrRep	
305085d0	TimeMinTrigger	
305085e0	TimeMaxTrigger	
305085f0	SlowSpeedFactor	
30508600	VerySlowSpeedFactor	
30508618	DetectionDistanceRatio	
30508630	CRepulsorDynamicAvoidance	
30508650	Q24Kaim7CObject	
30508660	Q34Kaimt8CVarList1ZPQ24Kaim7CEntity9CIterator	
30508690	Q24Kaim25CRepulsorDynamicAvoidance	
305086b8	Q24Kaimt10CMetaClass2ZQ24Kaim17IDynamicAvoidanceZPFPQ24Kaim11CPathFinder_PQ24Kaim17IDynamicAvoidance	
30508720	Q24Kaim17IDynamicAvoidance	
30508740	bad_alloc	
305087d8	TrackingUpdatePeriod	
305087f0	ForcedModeTimerThreshold	
30508810	ForcedModeTimerDelay	
30508828	CollisionDiagrammWidth	
30508840	AvoidanceCandidateSpacing	
30508860	SlowSpeedFactor	
30508870	CGapDynamicAvoidance	
30508888	Q24Kaim7CObject	
30508898	Q24Kaim12CTraceResult	
305088b0	Q34Kaimt8CVarList1ZPQ24Kaim7CEntity9CIterator	
305088f0	Q24Kaim13EntityTracker	
30508908	Q34Kaim20CGapDynamicAvoidance16CCandidateTarget	
30508938	Q24Kaim20CGapDynamicAvoidance	
30508958	Q24Kaimt8CVarList1ZQ34Kaim20CGapDynamicAvoidance16CCandidateTarget	
305089a0	Q34Kaimt8CVarList1ZQ34Kaim20CGapDynamicAvoidance16CCandidateTarget5CCell	
305089f0	Q34Kaimt8CVarList1ZQ34Kaim20CGapDynamicAvoidance16CCandidateTarget9CIterator	
30508a40	Q34Kaimt8CVarList1ZQ24Kaim4CGap9CIterator	
30508a70	Q24Kaimt10CMetaClass2ZQ24Kaim17IDynamicAvoidanceZPFPQ24Kaim11CPathFinder_PQ24Kaim17IDynamicAvoidance	
30508ad8	Q24Kaim17IDynamicAvoidance	
30508b00	bad_alloc	
30508b18	Q24Kaim7CObject	
30508b38	Q24Kaimt8CVarList1ZQ24Kaim4CGap	
30508b58	Q24Kaim11CGapManager	
30508b70	Q34Kaimt8CVarList1ZQ24Kaim4CGap5CCell	
30508b98	Q34Kaimt8CVarList1ZQ24Kaim4CGap9CIterator	
30508bc8	bad_alloc	
30508bd8	Q24Kaim22CDynamicAvoidanceClass	
30508bf8	Q24Kaimt10CMetaClass2ZQ24Kaim17IDynamicAvoidanceZPFPQ24Kaim11CPathFinder_PQ24Kaim17IDynamicAvoidance	
30508c60	bad_alloc	
30508c70	bad_alloc	
30508c80	MaxWorldSounds	
30508c90	NbReservedSoundsCombat	
30508ca8	NbReservedSoundsWorld	
30508cc0	NbReservedSoundsPlayer	
30508cd8	NbReservedSoundsDanger	
30508cf0	NbReservedSoundsCarcass	
30508d08	NbReservedSoundsMeat	
30508d20	NbReservedSoundsGarbage	
30508d38	CSoundManager	
30508d58	Q24Kaim13CSoundManager	
30508f70	Q24Kaim7CObject	
30508f80	Q24Kaim13CWorldService	
30508f98	Q24Kaimt10CMetaClass2ZQ24Kaim13CWorldServiceZPFv_PQ24Kaim13CWorldService	
30508ff0	bad_alloc	
30509000	bad_alloc	
30509010	Kaim::CEntityManager::ComputeCommonInfo	
30509038	ComputeInfoDelay	
30509050	ComputeCommonInfoDelay	
30509070	CEntityManager	
30509080	Q24Kaim7CObject	
30509090	Q34Kaimt8CVarList1ZPQ24Kaim7CEntity9CIterator	
305090c0	Q24Kaim11CInfoEntity	
305090d8	Q24Kaim14CEntityManager	
305090f0	Q24Kaim13CBrainService	
30509108	Q24Kaimt10CMetaClass2ZQ24Kaim13CBrainServiceZPFPQ24Kaim6CBrain_PQ24Kaim13CBrainService	
3050a040	EE  RwaRPCTransfer : ERROR! DMA command queue FULL! Discarding oldest command!
	
3050a316	T'Number of opened files on %s (device name: %s): %d	
3050a350	bad_alloc	
3050a360	bad_alloc	
3050a370	bad_alloc	
3050a380	bad_alloc	
3050a390	bad_alloc	
3050a3a0	bad_alloc	
3050a3b0	bad_alloc	
3050a3c0	bad_alloc	
3050a3d0	bad_alloc	
3050a3e0	bad_alloc	
3050a3f0	bad_alloc	
3050a400	bad_alloc	
3050a410	bad_alloc	
3050a420	bad_alloc	
3050a470	bad_alloc	
3050a480	bad_alloc	
3050a490	bad_alloc	
3050a4a0	bad_alloc	
3050a4b0	bad_alloc	
3050a4c0	AggregateVolume	
3050a4d0	bad_alloc	
3050a4e0	BoxVolume	
3050a4f0	bad_alloc	
3050a500	CapsuleVolume	
3050a510	bad_alloc	
3050a520	SphereVolume	
3050a530	bad_alloc	
3050a540	TriangleVolume	
3050a550	bad_alloc	
3050a560	bad_alloc	
3050a570	bad_alloc	
3050a580	bad_alloc	
3050a590	bad_alloc	
3050a650	bad_alloc	
3050a660	UNKNOWN	
3050a668	bad_alloc	
3050a678	bad_alloc	
3050a688	bad_alloc	
3050a698	bad_alloc	
3050a6c0	bad_alloc	
3050a708	0123456789abcdef%s	
3050a720	addr: 0x%08x%c	
3050a730	size: %10u (%8x)%c	
3050a748	data: %s%c	
3050a758	attr: %s %s%c	
3050a768	internal	
3050a780	mapped	
3050a7d0	sceMc2_sema_main	
3050a7e8	sceMc2_sema_start	
3050a800	sceMc2_sema_end	
3050a810	sceMc2_basic_thread	
3050a828	libmc2: TerminateTread faild
	
3050a8d0	Sony PS2 Memory Card Format	
3050a900	libmc2: Fatal Error [%08x]
	
3050a928	sceMc2_sema_subs	
3050a940	** PANIC!
	
3050a950	libmc2: Invalid data length (over 8192)
	
3050a980	MC2SOCKET	
3050b0c0	                00000000000000000123456789abcdef	
3050b100	0123456789ABCDEF	
3050b118	bug in vfprintf: bad base	
3050b2b0	                00000000000000000123456789abcdef	
3050b2f0	0123456789ABCDEF	
3050b308	bug in vfprintf: bad base	
3050b5b0	
ungetc error: *static buffer overflow* - char not added to buffer
	
3050b71f	
## internel error in libkernl.a!
	
3050b748	SceKerneltopThread	
3050b760	SceKernelDelayThread	
3050b778	TTY: packet size larger than expect
	
3050b7a0	TTY: receive error	
3050b7b8	TTY: send err %d
	
3050b7d0	TTY: err ti->wlen=%08x
	
3050b81e	.A0123456789abcdef	
3050b838	0123456789ABCDEF	
3050b9b8	SceSifrpcGod	
3050b9c8	SceSifrpcBind	
3050b9d8	SceSifrpcCall	
3050b9f0	SceStdioIobSema	
3050ba00	SceStdioQueSema	
3050ba78	SceStdioFioSema	
3050ba90	SceStdioOpenSema	
3050baa8	SceStdioCloseSema	
3050bac0	SceStdioLseekSema	
3050bad8	SceStdioReadSema	
3050baf0	SceStdioWriteSema	
3050bb08	SceStdioIoctlSema	
3050bb20	SceStdioIoctl2Sema	
3050bb38	SceStdioCCodeSema	
3050bb50	SceStdioMkdirSema	
3050bb68	SceStdioFormatSema	
3050bb80	SceStdioAddDrvSema	
3050bb98	SceStdioDcloseSema	
3050bbb0	SceStdioDreadSema	
3050bbc8	SceStdioGetstatSema	
3050bbe0	SceStdioChstatSema	
3050bbf8	SceStdioRenameSema	
3050bc10	SceStdioSyncSema	
3050bc28	SceStdioMountSema	
3050bc40	SceStdioLseek64Sema	
3050bc58	SceStdioDevctlSema	
3050bc70	SceStdioSymlinkSema	
3050bc88	SceStdioReadlinkSema	
3050bcc0	too long parameter '%s'
	
3050bce0	SceKernelLibc	
3050bcf0	SceKernelLibcEh	
3050bd08	# TLB spad=0 kernel=1:%d default=%d:%d extended=%d:%d
	
3050bd40	# TLB over flow (1)	
3050bd58	# TLB over flow (2)	
3050bd70	# TLB over flow (3)	
3050beb8	13bad_exception	
3050bec8	9exception	
3050bed8	bad_alloc	
3050bf70	17__class_type_info	
3050bf88	14__si_type_info	
3050bfa0	16__user_type_info	
3050bfb8	10bad_typeid	
3050bfc8	8bad_cast	
3050bfd8	9type_info	
3050bfe8	bad_alloc	
3050c0f0	17__array_type_info	
3050c108	16__ptmd_type_info	
3050c120	16__ptmf_type_info	
3050c138	16__func_type_info	
3050c150	19__builtin_type_info	
3050c168	16__attr_type_info	
3050c180	19__pointer_type_info	
3050c1a8	sceGsDefDispEnv:Not support displaymode for 0x%x!!
	
3050c1e0	sceGsExecStoreImage: DMA Ch.1 does not terminate
	
3050c218	sceGsExecStoreImage: GS does not terminate
	
3050c248	sceGsExecStoreImage: DMA Ch.1 (GS->MEM) does not terminate
	
3050c288	sceGsExecStoreImage: Enough data does not reach VIF1
	
3050c3b0	sceGsPutDrawEnv: DMA Ch.2 does not terminate
	
3050c408	bad_alloc	
3050c420	Q24Kaim14CXmlDataReader	
3050c438	Q24Kaim7CObject	
3050c448	Q24Kaim11CDataReader	
3050c460	bad_alloc	
3050c5e8	All stream blocks will be padded by %d bytes for sector alignment	
3050c630	Substream %s packet is not the same duration as all other substream packets	
3050e4f8	Unnamed	
.DVP.ovlystrtab::00000001	.DVP.overlay..0x0.1518195603.17.0	
.DVP.ovlystrtab::00000023	.DVP.overlay..0x800.1518195603.387.1	
.DVP.ovlystrtab::00000049	.DVP.overlay..0x0.1152146819.20.0	
.DVP.ovlystrtab::0000006b	.DVP.overlay..0x800.1152146819.460.1	
.DVP.ovlystrtab::00000090	.DVP.overlay..0x1000.1152146819.856.2	
.DVP.ovlystrtab::000000b6	.DVP.overlay..0x1800.1152146819.1219.3	
.DVP.ovlystrtab::000000de	.DVP.overlay..0x0.2514752131.15.0	
.DVP.ovlystrtab::00000101	.DVP.overlay..0x0.1401563139.17.0	
.DVP.ovlystrtab::00000123	.DVP.overlay..0x800.1401563139.73.1	
.DVP.ovlystrtab::00000147	.DVP.overlay..0x1000.1401563139.135.2	
.DVP.ovlystrtab::0000016d	.DVP.overlay..0x1800.1401563139.445.3	
.DVP.ovlystrtab::00000193	.DVP.overlay..0x2000.1401563139.236.4	
.DVP.ovlystrtab::000001b9	.DVP.overlay..0x2800.1401563139.540.5	
.DVP.ovlystrtab::000001e0	.DVP.overlay..0x0.681953875.17.0	
.DVP.ovlystrtab::00000201	.DVP.overlay..0x800.681953875.407.1	
.DVP.ovlystrtab::00000225	.DVP.overlay..0x1000.681953875.785.2	
.DVP.ovlystrtab::0000024a	.DVP.overlay..0x1800.681953875.1157.3	
.DVP.ovlystrtab::00000271	.DVP.overlay..0x0.950179731.17.0	
.DVP.ovlystrtab::00000292	.DVP.overlay..0x800.950179731.383.1	
.DVP.ovlystrtab::000002b6	.DVP.overlay..0x1000.950179731.36.2	
.DVP.ovlystrtab::000002da	.DVP.overlay..0x1800.950179731.164.3	
.DVP.ovlystrtab::000002ff	.DVP.overlay..0x2000.950179731.472.4	
.DVP.ovlystrtab::00000325	.DVP.overlay..0x0.2321812051.17.0	
.DVP.ovlystrtab::00000347	.DVP.overlay..0x800.2321812051.426.1	
.DVP.ovlystrtab::0000036c	.DVP.overlay..0x1000.2321812051.754.2	
.DVP.ovlystrtab::00000392	.DVP.overlay..0x1800.2321812051.1122.3	
.DVP.ovlystrtab::000003b9	.DVP.overlay..0x2000.2321812051.1489.4	
.DVP.ovlystrtab::000003e0	.DVP.overlay..0x2800.2321812051.1839.5	
.DVP.ovlystrtab::00000408	.DVP.overlay..0x0.2727948819.17.0	
.DVP.ovlystrtab::0000042a	.DVP.overlay..0x800.2727948819.415.1	
.DVP.ovlystrtab::0000044f	.DVP.overlay..0x1000.2727948819.749.2	
.DVP.ovlystrtab::00000475	.DVP.overlay..0x1800.2727948819.161.3	
.DVP.ovlystrtab::0000049b	.DVP.overlay..0x2000.2727948819.469.4	
.DVP.ovlystrtab::000004c2	.DVP.overlay..0x0.1900609075.17.0	
.DVP.ovlystrtab::000004e4	.DVP.overlay..0x800.1900609075.39.1	
.DVP.ovlystrtab::00000508	.DVP.overlay..0x1000.1900609075.352.2	
.DVP.ovlystrtab::0000052f	.DVP.overlay..0x0.2996590227.17.0	
.DVP.ovlystrtab::00000551	.DVP.overlay..0x800.2996590227.394.1	
.DVP.ovlystrtab::00000576	.DVP.overlay..0x1000.2996590227.735.2	
.DVP.ovlystrtab::0000059d	.DVP.overlay..0x0.1401614947.17.0	
.DVP.ovlystrtab::000005bf	.DVP.overlay..0x800.1401614947.30.1	
.DVP.ovlystrtab::000005e3	.DVP.overlay..0x1000.1401614947.343.2	
.DVP.ovlystrtab::0000060a	.DVP.overlay..0x0.3411189651.18.0	
.DVP.ovlystrtab::0000062c	.DVP.overlay..0x800.3411189651.495.1	
.DVP.ovlystrtab::00000651	.DVP.overlay..0x1000.3411189651.858.2	
.DVP.ovlystrtab::00000677	.DVP.overlay..0x1800.3411189651.1235.3	
.DVP.ovlystrtab::0000069f	.DVP.overlay..0x0.3852379027.17.0	
.DVP.ovlystrtab::000006c1	.DVP.overlay..0x800.3852379027.420.1	
.DVP.ovlystrtab::000006e6	.DVP.overlay..0x1000.3852379027.750.2	
.DVP.ovlystrtab::0000070d	.DVP.overlay..0x0.292014171.42.0	
.DVP.ovlystrtab::0000072e	.DVP.overlay..0x800.292014171.354.1	
.DVP.ovlystrtab::00000752	.DVP.overlay..0x1000.292014171.679.2	
.DVP.ovlystrtab::00000778	.DVP.overlay..0x0.291972811.24.0	
.DVP.ovlystrtab::00000799	.DVP.overlay..0x800.291972811.317.1	
.DVP.ovlystrtab::000007bd	.DVP.overlay..0x1000.291972811.601.2	
.DVP.ovlystrtab::000007e2	.DVP.overlay..0x1800.291972811.958.3	
.DVP.ovlystrtab::00000807	.DVP.overlay..0x2000.291972811.1258.4	
.DVP.ovlystrtab::0000082d	.DVP.overlay..0x2800.291972811.1605.5	
.DVP.ovlystrtab::00000854	.DVP.overlay..0x0.205890075.22.0	
.DVP.ovlystrtab::00000875	.DVP.overlay..0x800.205890075.307.1	
.DVP.ovlystrtab::00000899	.DVP.overlay..0x1000.205890075.593.2	
.DVP.ovlystrtab::000008be	.DVP.overlay..0x1800.205890075.943.3	
.DVP.ovlystrtab::000008e3	.DVP.overlay..0x2000.205890075.1241.4	
.DVP.ovlystrtab::00000909	.DVP.overlay..0x2800.205890075.1597.5	
.DVP.ovlystrtab::00000930	.DVP.overlay..0x0.411781243.14.0	
.DVP.ovlystrtab::00000951	.DVP.overlay..0x800.411781243.313.1	
.DVP.ovlystrtab::00000975	.DVP.overlay..0x1000.411781243.670.2	
.DVP.ovlystrtab::0000099b	.DVP.overlay..0x0.1168136955.16.0	
.DVP.ovlystrtab::000009bd	.DVP.overlay..0x800.1168136955.302.1	
.DVP.ovlystrtab::000009e2	.DVP.overlay..0x1000.1168136955.592.2	
.DVP.ovlystrtab::00000a08	.DVP.overlay..0x1800.1168136955.939.3	
.DVP.ovlystrtab::00000a2f	.DVP.overlay..0x0.2813159683.14.0	
.DVP.ovlystrtab::00000a51	.DVP.overlay..0x800.2813159683.401.1	
.DVP.ovlystrtab::00000a76	.DVP.overlay..0x1000.2813159683.781.2	
.DVP.ovlystrtab::00000a9d	.DVP.overlay..0x0.1342934707.17.0	
.DVP.ovlystrtab::00000abf	.DVP.overlay..0x800.1342934707.296.1	
.DVP.ovlystrtab::00000ae4	.DVP.overlay..0x1000.1342934707.79.2	
.DVP.ovlystrtab::00000b09	.DVP.overlay..0x1800.1342934707.400.3	
.DVP.ovlystrtab::00000b2f	.DVP.overlay..0x2000.1342934707.179.4	
.DVP.ovlystrtab::00000b56	.DVP.overlay..0x0.3323147251.36.0	
.DVP.ovlystrtab::00000b78	.DVP.overlay..0x800.3323147251.548.1	
.DVP.ovlystrtab::00000b9f	.DVP.overlay..0x0.2250509715.6.0	
.DVP.ovlystrtab::00000bc1	.DVP.overlay..0x0.2250509971.6.0	
.DVP.ovlystrtab::00000be3	.DVP.overlay..0x0.412131731.6.0	
.DVP.ovlystrtab::00000c04	.DVP.overlay..0x0.412131987.6.0	
.DVP.ovlystrtab::00000c25	.DVP.overlay..0x0.206163587.7.0	
.DVP.ovlystrtab::00000c46	.DVP.overlay..0x0.1421191435.55.0	
.DVP.ovlystrtab::00000c69	.DVP.overlay..0x0.268277683.29.0	
.shstrtab::00000001	.text	
.shstrtab::00000007	.vutext	
.shstrtab::0000000f	.reginfo	
.shstrtab::00000018	.DVP.ovlystrtab	
.shstrtab::00000028	.DVP.overlay..0x0.1518195603.17.0	
.shstrtab::0000004a	.DVP.overlay..0x800.1518195603.387.1	
.shstrtab::0000006f	.DVP.overlay..0x0.1152146819.20.0	
.shstrtab::00000091	.DVP.overlay..0x800.1152146819.460.1	
.shstrtab::000000b6	.DVP.overlay..0x1000.1152146819.856.2	
.shstrtab::000000dc	.DVP.overlay..0x1800.1152146819.1219.3	
.shstrtab::00000103	.DVP.overlay..0x0.2514752131.15.0	
.shstrtab::00000125	.DVP.overlay..0x0.1401563139.17.0	
.shstrtab::00000147	.DVP.overlay..0x800.1401563139.73.1	
.shstrtab::0000016b	.DVP.overlay..0x1000.1401563139.135.2	
.shstrtab::00000191	.DVP.overlay..0x1800.1401563139.445.3	
.shstrtab::000001b7	.DVP.overlay..0x2000.1401563139.236.4	
.shstrtab::000001dd	.DVP.overlay..0x2800.1401563139.540.5	
.shstrtab::00000203	.DVP.overlay..0x0.681953875.17.0	
.shstrtab::00000224	.DVP.overlay..0x800.681953875.407.1	
.shstrtab::00000248	.DVP.overlay..0x1000.681953875.785.2	
.shstrtab::0000026d	.DVP.overlay..0x1800.681953875.1157.3	
.shstrtab::00000293	.DVP.overlay..0x0.950179731.17.0	
.shstrtab::000002b4	.DVP.overlay..0x800.950179731.383.1	
.shstrtab::000002d8	.DVP.overlay..0x1000.950179731.36.2	
.shstrtab::000002fc	.DVP.overlay..0x1800.950179731.164.3	
.shstrtab::00000321	.DVP.overlay..0x2000.950179731.472.4	
.shstrtab::00000346	.DVP.overlay..0x0.2321812051.17.0	
.shstrtab::00000368	.DVP.overlay..0x800.2321812051.426.1	
.shstrtab::0000038d	.DVP.overlay..0x1000.2321812051.754.2	
.shstrtab::000003b3	.DVP.overlay..0x1800.2321812051.1122.3	
.shstrtab::000003da	.DVP.overlay..0x2000.2321812051.1489.4	
.shstrtab::00000401	.DVP.overlay..0x2800.2321812051.1839.5	
.shstrtab::00000428	.DVP.overlay..0x0.2727948819.17.0	
.shstrtab::0000044a	.DVP.overlay..0x800.2727948819.415.1	
.shstrtab::0000046f	.DVP.overlay..0x1000.2727948819.749.2	
.shstrtab::00000495	.DVP.overlay..0x1800.2727948819.161.3	
.shstrtab::000004bb	.DVP.overlay..0x2000.2727948819.469.4	
.shstrtab::000004e1	.DVP.overlay..0x0.1900609075.17.0	
.shstrtab::00000503	.DVP.overlay..0x800.1900609075.39.1	
.shstrtab::00000527	.DVP.overlay..0x1000.1900609075.352.2	
.shstrtab::0000054d	.DVP.overlay..0x0.2996590227.17.0	
.shstrtab::0000056f	.DVP.overlay..0x800.2996590227.394.1	
.shstrtab::00000594	.DVP.overlay..0x1000.2996590227.735.2	
.shstrtab::000005ba	.DVP.overlay..0x0.1401614947.17.0	
.shstrtab::000005dc	.DVP.overlay..0x800.1401614947.30.1	
.shstrtab::00000600	.DVP.overlay..0x1000.1401614947.343.2	
.shstrtab::00000626	.DVP.overlay..0x0.3411189651.18.0	
.shstrtab::00000648	.DVP.overlay..0x800.3411189651.495.1	
.shstrtab::0000066d	.DVP.overlay..0x1000.3411189651.858.2	
.shstrtab::00000693	.DVP.overlay..0x1800.3411189651.1235.3	
.shstrtab::000006ba	.DVP.overlay..0x0.3852379027.17.0	
.shstrtab::000006dc	.DVP.overlay..0x800.3852379027.420.1	
.shstrtab::00000701	.DVP.overlay..0x1000.3852379027.750.2	
.shstrtab::00000727	.DVP.overlay..0x0.292014171.42.0	
.shstrtab::00000748	.DVP.overlay..0x800.292014171.354.1	
.shstrtab::0000076c	.DVP.overlay..0x1000.292014171.679.2	
.shstrtab::00000791	.DVP.overlay..0x0.291972811.24.0	
.shstrtab::000007b2	.DVP.overlay..0x800.291972811.317.1	
.shstrtab::000007d6	.DVP.overlay..0x1000.291972811.601.2	
.shstrtab::000007fb	.DVP.overlay..0x1800.291972811.958.3	
.shstrtab::00000820	.DVP.overlay..0x2000.291972811.1258.4	
.shstrtab::00000846	.DVP.overlay..0x2800.291972811.1605.5	
.shstrtab::0000086c	.DVP.overlay..0x0.205890075.22.0	
.shstrtab::0000088d	.DVP.overlay..0x800.205890075.307.1	
.shstrtab::000008b1	.DVP.overlay..0x1000.205890075.593.2	
.shstrtab::000008d6	.DVP.overlay..0x1800.205890075.943.3	
.shstrtab::000008fb	.DVP.overlay..0x2000.205890075.1241.4	
.shstrtab::00000921	.DVP.overlay..0x2800.205890075.1597.5	
.shstrtab::00000947	.DVP.overlay..0x0.411781243.14.0	
.shstrtab::00000968	.DVP.overlay..0x800.411781243.313.1	
.shstrtab::0000098c	.DVP.overlay..0x1000.411781243.670.2	
.shstrtab::000009b1	.DVP.overlay..0x0.1168136955.16.0	
.shstrtab::000009d3	.DVP.overlay..0x800.1168136955.302.1	
.shstrtab::000009f8	.DVP.overlay..0x1000.1168136955.592.2	
.shstrtab::00000a1e	.DVP.overlay..0x1800.1168136955.939.3	
.shstrtab::00000a44	.DVP.overlay..0x0.2813159683.14.0	
.shstrtab::00000a66	.DVP.overlay..0x800.2813159683.401.1	
.shstrtab::00000a8b	.DVP.overlay..0x1000.2813159683.781.2	
.shstrtab::00000ab1	.DVP.overlay..0x0.1342934707.17.0	
.shstrtab::00000ad3	.DVP.overlay..0x800.1342934707.296.1	
.shstrtab::00000af8	.DVP.overlay..0x1000.1342934707.79.2	
.shstrtab::00000b1d	.DVP.overlay..0x1800.1342934707.400.3	
.shstrtab::00000b43	.DVP.overlay..0x2000.1342934707.179.4	
.shstrtab::00000b69	.DVP.overlay..0x0.3323147251.36.0	
.shstrtab::00000b8b	.DVP.overlay..0x800.3323147251.548.1	
.shstrtab::00000bb0	.DVP.overlay..0x0.2250509715.6.0	
.shstrtab::00000bd1	.DVP.overlay..0x0.2250509971.6.0	
.shstrtab::00000bf2	.DVP.overlay..0x0.412131731.6.0	
.shstrtab::00000c12	.DVP.overlay..0x0.412131987.6.0	
.shstrtab::00000c32	.DVP.overlay..0x0.206163587.7.0	
.shstrtab::00000c52	.DVP.overlay..0x0.1421191435.55.0	
.shstrtab::00000c74	.DVP.overlay..0x0.268277683.29.0	
.shstrtab::00000c95	.debug_str	
.shstrtab::00000ca0	.data	
.shstrtab::00000ca6	.vudata	
.shstrtab::00000cae	.rodata	
.shstrtab::00000cb6	.gcc_except_table	
.shstrtab::00000cc8	.lit4	
.shstrtab::00000cce	.sdata	
.shstrtab::00000cd5	.sbss	
.shstrtab::00000cdb	.DVP.ovlytab	
.shstrtab::00000ce8	.bss	
.shstrtab::00000ced	.vubss	
.shstrtab::00000cf4	.shstrtab	
